ISO-10303-21;
HEADER;
FILE_DESCRIPTION(('KiCad electronic assembly'),'2;1');
FILE_NAME('ERM_BOARD_TRACES.step','2026-03-27T14:34:23',('Pcbnew'),(
    'Kicad'),'Open CASCADE STEP processor 7.9','KiCad to STEP converter'
  ,'Unknown');
FILE_SCHEMA(('AUTOMOTIVE_DESIGN { 1 0 10303 214 1 1 1 1 }'));
ENDSEC;
DATA;
#1 = APPLICATION_PROTOCOL_DEFINITION('international standard',
  'automotive_design',2000,#2);
#2 = APPLICATION_CONTEXT(
  'core data for automotive mechanical design processes');
#3 = SHAPE_DEFINITION_REPRESENTATION(#4,#10);
#4 = PRODUCT_DEFINITION_SHAPE('','',#5);
#5 = PRODUCT_DEFINITION('design','',#6,#9);
#6 = PRODUCT_DEFINITION_FORMATION('','',#7);
#7 = PRODUCT('ERM_BOARD_TRACES 1','ERM_BOARD_TRACES 1','',(#8));
#8 = PRODUCT_CONTEXT('',#2,'mechanical');
#9 = PRODUCT_DEFINITION_CONTEXT('part definition',#2,'design');
#10 = SHAPE_REPRESENTATION('',(#11,#15,#19,#23),#27);
#11 = AXIS2_PLACEMENT_3D('',#12,#13,#14);
#12 = CARTESIAN_POINT('',(0.,0.,0.));
#13 = DIRECTION('',(0.,0.,1.));
#14 = DIRECTION('',(1.,0.,-0.));
#15 = AXIS2_PLACEMENT_3D('',#16,#17,#18);
#16 = CARTESIAN_POINT('',(0.,0.,0.));
#17 = DIRECTION('',(0.,0.,1.));
#18 = DIRECTION('',(1.,0.,-0.));
#19 = AXIS2_PLACEMENT_3D('',#20,#21,#22);
#20 = CARTESIAN_POINT('',(0.,0.,0.));
#21 = DIRECTION('',(0.,0.,1.));
#22 = DIRECTION('',(1.,0.,-0.));
#23 = AXIS2_PLACEMENT_3D('',#24,#25,#26);
#24 = CARTESIAN_POINT('',(0.,0.,0.));
#25 = DIRECTION('',(0.,0.,1.));
#26 = DIRECTION('',(1.,0.,-0.));
#27 = ( GEOMETRIC_REPRESENTATION_CONTEXT(3) 
GLOBAL_UNCERTAINTY_ASSIGNED_CONTEXT((#31)) GLOBAL_UNIT_ASSIGNED_CONTEXT(
(#28,#29,#30)) REPRESENTATION_CONTEXT('Context #1',
  '3D Context with UNIT and UNCERTAINTY') );
#28 = ( LENGTH_UNIT() NAMED_UNIT(*) SI_UNIT(.MILLI.,.METRE.) );
#29 = ( NAMED_UNIT(*) PLANE_ANGLE_UNIT() SI_UNIT($,.RADIAN.) );
#30 = ( NAMED_UNIT(*) SI_UNIT($,.STERADIAN.) SOLID_ANGLE_UNIT() );
#31 = UNCERTAINTY_MEASURE_WITH_UNIT(LENGTH_MEASURE(1.E-07),#28,
  'distance_accuracy_value','confusion accuracy');
#32 = PRODUCT_RELATED_PRODUCT_CATEGORY('part',$,(#7));
#33 = SHAPE_DEFINITION_REPRESENTATION(#34,#40);
#34 = PRODUCT_DEFINITION_SHAPE('','',#35);
#35 = PRODUCT_DEFINITION('design','',#36,#39);
#36 = PRODUCT_DEFINITION_FORMATION('','',#37);
#37 = PRODUCT('ERM_PCB_copper','ERM_PCB_copper','',(#38));
#38 = PRODUCT_CONTEXT('',#2,'mechanical');
#39 = PRODUCT_DEFINITION_CONTEXT('part definition',#2,'design');
#40 = SHAPE_REPRESENTATION('',(#11,#41,#360,#817,#971,#1323,#1945,#2204,
    #2622,#2714,#3759,#3913,#4273,#4901,#5154,#5475),#6025);
#41 = MANIFOLD_SOLID_BREP('',#42);
#42 = CLOSED_SHELL('',(#43,#85,#116,#147,#178,#211,#242,#273,#304,#326,
    #343));
#43 = ADVANCED_FACE('',(#44),#80,.T.);
#44 = FACE_BOUND('',#45,.T.);
#45 = EDGE_LOOP('',(#46,#56,#65,#73));
#46 = ORIENTED_EDGE('',*,*,#47,.T.);
#47 = EDGE_CURVE('',#48,#50,#52,.T.);
#48 = VERTEX_POINT('',#49);
#49 = CARTESIAN_POINT('',(4.574305,27.603934,1.51));
#50 = VERTEX_POINT('',#51);
#51 = CARTESIAN_POINT('',(4.574305,27.603934,1.545));
#52 = LINE('',#53,#54);
#53 = CARTESIAN_POINT('',(4.574305,27.603934,1.51));
#54 = VECTOR('',#55,1.);
#55 = DIRECTION('',(0.,0.,1.));
#56 = ORIENTED_EDGE('',*,*,#57,.T.);
#57 = EDGE_CURVE('',#50,#58,#60,.T.);
#58 = VERTEX_POINT('',#59);
#59 = CARTESIAN_POINT('',(4.766349,27.524386,1.545));
#60 = CIRCLE('',#61,0.124999692383);
#61 = AXIS2_PLACEMENT_3D('',#62,#63,#64);
#62 = CARTESIAN_POINT('',(4.643751,27.500000481923,1.545));
#63 = DIRECTION('',(0.,0.,-1.));
#64 = DIRECTION('',(-0.55556936722,0.831470190811,0.));
#65 = ORIENTED_EDGE('',*,*,#66,.F.);
#66 = EDGE_CURVE('',#67,#58,#69,.T.);
#67 = VERTEX_POINT('',#68);
#68 = CARTESIAN_POINT('',(4.766349,27.524386,1.51));
#69 = LINE('',#70,#71);
#70 = CARTESIAN_POINT('',(4.766349,27.524386,1.51));
#71 = VECTOR('',#72,1.);
#72 = DIRECTION('',(0.,0.,1.));
#73 = ORIENTED_EDGE('',*,*,#74,.F.);
#74 = EDGE_CURVE('',#48,#67,#75,.T.);
#75 = CIRCLE('',#76,0.124999692383);
#76 = AXIS2_PLACEMENT_3D('',#77,#78,#79);
#77 = CARTESIAN_POINT('',(4.643751,27.500000481923,1.51));
#78 = DIRECTION('',(0.,0.,-1.));
#79 = DIRECTION('',(-0.55556936722,0.831470190811,0.));
#80 = CYLINDRICAL_SURFACE('',#81,0.124999692383);
#81 = AXIS2_PLACEMENT_3D('',#82,#83,#84);
#82 = CARTESIAN_POINT('',(4.643751,27.500000481923,1.51));
#83 = DIRECTION('',(0.,0.,-1.));
#84 = DIRECTION('',(-0.55556936722,0.831470190811,0.));
#85 = ADVANCED_FACE('',(#86),#111,.T.);
#86 = FACE_BOUND('',#87,.T.);
#87 = EDGE_LOOP('',(#88,#89,#97,#105));
#88 = ORIENTED_EDGE('',*,*,#66,.T.);
#89 = ORIENTED_EDGE('',*,*,#90,.T.);
#90 = EDGE_CURVE('',#58,#91,#93,.T.);
#91 = VERTEX_POINT('',#92);
#92 = CARTESIAN_POINT('',(4.766349,17.119365,1.545));
#93 = LINE('',#94,#95);
#94 = CARTESIAN_POINT('',(4.766349,27.524386,1.545));
#95 = VECTOR('',#96,1.);
#96 = DIRECTION('',(0.,-1.,0.));
#97 = ORIENTED_EDGE('',*,*,#98,.F.);
#98 = EDGE_CURVE('',#99,#91,#101,.T.);
#99 = VERTEX_POINT('',#100);
#100 = CARTESIAN_POINT('',(4.766349,17.119365,1.51));
#101 = LINE('',#102,#103);
#102 = CARTESIAN_POINT('',(4.766349,17.119365,1.51));
#103 = VECTOR('',#104,1.);
#104 = DIRECTION('',(0.,0.,1.));
#105 = ORIENTED_EDGE('',*,*,#106,.F.);
#106 = EDGE_CURVE('',#67,#99,#107,.T.);
#107 = LINE('',#108,#109);
#108 = CARTESIAN_POINT('',(4.766349,27.524386,1.51));
#109 = VECTOR('',#110,1.);
#110 = DIRECTION('',(0.,-1.,0.));
#111 = PLANE('',#112);
#112 = AXIS2_PLACEMENT_3D('',#113,#114,#115);
#113 = CARTESIAN_POINT('',(4.766349,27.524386,1.51));
#114 = DIRECTION('',(1.,0.,-0.));
#115 = DIRECTION('',(0.,-1.,0.));
#116 = ADVANCED_FACE('',(#117),#142,.T.);
#117 = FACE_BOUND('',#118,.T.);
#118 = EDGE_LOOP('',(#119,#120,#128,#136));
#119 = ORIENTED_EDGE('',*,*,#98,.T.);
#120 = ORIENTED_EDGE('',*,*,#121,.T.);
#121 = EDGE_CURVE('',#91,#122,#124,.T.);
#122 = VERTEX_POINT('',#123);
#123 = CARTESIAN_POINT('',(4.747679,17.0743,1.545));
#124 = LINE('',#125,#126);
#125 = CARTESIAN_POINT('',(4.766349,17.119365,1.545));
#126 = VECTOR('',#127,1.);
#127 = DIRECTION('',(-0.382744077212,-0.923854410261,0.));
#128 = ORIENTED_EDGE('',*,*,#129,.F.);
#129 = EDGE_CURVE('',#130,#122,#132,.T.);
#130 = VERTEX_POINT('',#131);
#131 = CARTESIAN_POINT('',(4.747679,17.0743,1.51));
#132 = LINE('',#133,#134);
#133 = CARTESIAN_POINT('',(4.747679,17.0743,1.51));
#134 = VECTOR('',#135,1.);
#135 = DIRECTION('',(0.,0.,1.));
#136 = ORIENTED_EDGE('',*,*,#137,.F.);
#137 = EDGE_CURVE('',#99,#130,#138,.T.);
#138 = LINE('',#139,#140);
#139 = CARTESIAN_POINT('',(4.766349,17.119365,1.51));
#140 = VECTOR('',#141,1.);
#141 = DIRECTION('',(-0.382744077212,-0.923854410261,0.));
#142 = PLANE('',#143);
#143 = AXIS2_PLACEMENT_3D('',#144,#145,#146);
#144 = CARTESIAN_POINT('',(4.766349,17.119365,1.51));
#145 = DIRECTION('',(0.923854410261,-0.382744077212,0.));
#146 = DIRECTION('',(-0.382744077212,-0.923854410261,0.));
#147 = ADVANCED_FACE('',(#148),#173,.T.);
#148 = FACE_BOUND('',#149,.T.);
#149 = EDGE_LOOP('',(#150,#151,#159,#167));
#150 = ORIENTED_EDGE('',*,*,#129,.T.);
#151 = ORIENTED_EDGE('',*,*,#152,.T.);
#152 = EDGE_CURVE('',#122,#153,#155,.T.);
#153 = VERTEX_POINT('',#154);
#154 = CARTESIAN_POINT('',(3.399059,15.725681,1.545));
#155 = LINE('',#156,#157);
#156 = CARTESIAN_POINT('',(4.747679,17.0743,1.545));
#157 = VECTOR('',#158,1.);
#158 = DIRECTION('',(-0.707107043346,-0.707106519027,0.));
#159 = ORIENTED_EDGE('',*,*,#160,.F.);
#160 = EDGE_CURVE('',#161,#153,#163,.T.);
#161 = VERTEX_POINT('',#162);
#162 = CARTESIAN_POINT('',(3.399059,15.725681,1.51));
#163 = LINE('',#164,#165);
#164 = CARTESIAN_POINT('',(3.399059,15.725681,1.51));
#165 = VECTOR('',#166,1.);
#166 = DIRECTION('',(0.,0.,1.));
#167 = ORIENTED_EDGE('',*,*,#168,.F.);
#168 = EDGE_CURVE('',#130,#161,#169,.T.);
#169 = LINE('',#170,#171);
#170 = CARTESIAN_POINT('',(4.747679,17.0743,1.51));
#171 = VECTOR('',#172,1.);
#172 = DIRECTION('',(-0.707107043346,-0.707106519027,0.));
#173 = PLANE('',#174);
#174 = AXIS2_PLACEMENT_3D('',#175,#176,#177);
#175 = CARTESIAN_POINT('',(4.747679,17.0743,1.51));
#176 = DIRECTION('',(0.707106519027,-0.707107043346,0.));
#177 = DIRECTION('',(-0.707107043346,-0.707106519027,0.));
#178 = ADVANCED_FACE('',(#179),#206,.F.);
#179 = FACE_BOUND('',#180,.T.);
#180 = EDGE_LOOP('',(#181,#182,#191,#199));
#181 = ORIENTED_EDGE('',*,*,#160,.T.);
#182 = ORIENTED_EDGE('',*,*,#183,.T.);
#183 = EDGE_CURVE('',#153,#184,#186,.T.);
#184 = VERTEX_POINT('',#185);
#185 = CARTESIAN_POINT('',(3.225244,15.899313,1.545));
#186 = CIRCLE('',#187,0.355147803832);
#187 = AXIS2_PLACEMENT_3D('',#188,#189,#190);
#188 = CARTESIAN_POINT('',(3.076648780448,15.576746071606,1.545));
#189 = DIRECTION('',(0.,0.,1.));
#190 = DIRECTION('',(0.907819831835,0.419360409347,-0.));
#191 = ORIENTED_EDGE('',*,*,#192,.F.);
#192 = EDGE_CURVE('',#193,#184,#195,.T.);
#193 = VERTEX_POINT('',#194);
#194 = CARTESIAN_POINT('',(3.225244,15.899313,1.51));
#195 = LINE('',#196,#197);
#196 = CARTESIAN_POINT('',(3.225244,15.899313,1.51));
#197 = VECTOR('',#198,1.);
#198 = DIRECTION('',(0.,0.,1.));
#199 = ORIENTED_EDGE('',*,*,#200,.F.);
#200 = EDGE_CURVE('',#161,#193,#201,.T.);
#201 = CIRCLE('',#202,0.355147803832);
#202 = AXIS2_PLACEMENT_3D('',#203,#204,#205);
#203 = CARTESIAN_POINT('',(3.076648780448,15.576746071606,1.51));
#204 = DIRECTION('',(0.,0.,1.));
#205 = DIRECTION('',(0.907819831835,0.419360409347,-0.));
#206 = CYLINDRICAL_SURFACE('',#207,0.355147803832);
#207 = AXIS2_PLACEMENT_3D('',#208,#209,#210);
#208 = CARTESIAN_POINT('',(3.076648780448,15.576746071606,1.51));
#209 = DIRECTION('',(-0.,-0.,-1.));
#210 = DIRECTION('',(0.907819831835,0.419360409347,-0.));
#211 = ADVANCED_FACE('',(#212),#237,.T.);
#212 = FACE_BOUND('',#213,.T.);
#213 = EDGE_LOOP('',(#214,#215,#223,#231));
#214 = ORIENTED_EDGE('',*,*,#192,.T.);
#215 = ORIENTED_EDGE('',*,*,#216,.T.);
#216 = EDGE_CURVE('',#184,#217,#219,.T.);
#217 = VERTEX_POINT('',#218);
#218 = CARTESIAN_POINT('',(4.518751,17.195527,1.545));
#219 = LINE('',#220,#221);
#220 = CARTESIAN_POINT('',(3.225244,15.899313,1.545));
#221 = VECTOR('',#222,1.);
#222 = DIRECTION('',(0.706367266227,0.707845523546,0.));
#223 = ORIENTED_EDGE('',*,*,#224,.F.);
#224 = EDGE_CURVE('',#225,#217,#227,.T.);
#225 = VERTEX_POINT('',#226);
#226 = CARTESIAN_POINT('',(4.518751,17.195527,1.51));
#227 = LINE('',#228,#229);
#228 = CARTESIAN_POINT('',(4.518751,17.195527,1.51));
#229 = VECTOR('',#230,1.);
#230 = DIRECTION('',(0.,0.,1.));
#231 = ORIENTED_EDGE('',*,*,#232,.F.);
#232 = EDGE_CURVE('',#193,#225,#233,.T.);
#233 = LINE('',#234,#235);
#234 = CARTESIAN_POINT('',(3.225244,15.899313,1.51));
#235 = VECTOR('',#236,1.);
#236 = DIRECTION('',(0.706367266227,0.707845523546,0.));
#237 = PLANE('',#238);
#238 = AXIS2_PLACEMENT_3D('',#239,#240,#241);
#239 = CARTESIAN_POINT('',(3.225244,15.899313,1.51));
#240 = DIRECTION('',(-0.707845523546,0.706367266227,0.));
#241 = DIRECTION('',(0.706367266227,0.707845523546,0.));
#242 = ADVANCED_FACE('',(#243),#268,.T.);
#243 = FACE_BOUND('',#244,.T.);
#244 = EDGE_LOOP('',(#245,#246,#254,#262));
#245 = ORIENTED_EDGE('',*,*,#224,.T.);
#246 = ORIENTED_EDGE('',*,*,#247,.T.);
#247 = EDGE_CURVE('',#217,#248,#250,.T.);
#248 = VERTEX_POINT('',#249);
#249 = CARTESIAN_POINT('',(4.521153,27.524386,1.545));
#250 = LINE('',#251,#252);
#251 = CARTESIAN_POINT('',(4.518751,17.195527,1.545));
#252 = VECTOR('',#253,1.);
#253 = DIRECTION('',(2.325523017643E-04,0.99999997296,0.));
#254 = ORIENTED_EDGE('',*,*,#255,.F.);
#255 = EDGE_CURVE('',#256,#248,#258,.T.);
#256 = VERTEX_POINT('',#257);
#257 = CARTESIAN_POINT('',(4.521153,27.524386,1.51));
#258 = LINE('',#259,#260);
#259 = CARTESIAN_POINT('',(4.521153,27.524386,1.51));
#260 = VECTOR('',#261,1.);
#261 = DIRECTION('',(0.,0.,1.));
#262 = ORIENTED_EDGE('',*,*,#263,.F.);
#263 = EDGE_CURVE('',#225,#256,#264,.T.);
#264 = LINE('',#265,#266);
#265 = CARTESIAN_POINT('',(4.518751,17.195527,1.51));
#266 = VECTOR('',#267,1.);
#267 = DIRECTION('',(2.325523017643E-04,0.99999997296,0.));
#268 = PLANE('',#269);
#269 = AXIS2_PLACEMENT_3D('',#270,#271,#272);
#270 = CARTESIAN_POINT('',(4.518751,17.195527,1.51));
#271 = DIRECTION('',(-0.99999997296,2.325523017643E-04,0.));
#272 = DIRECTION('',(2.325523017643E-04,0.99999997296,0.));
#273 = ADVANCED_FACE('',(#274),#299,.T.);
#274 = FACE_BOUND('',#275,.T.);
#275 = EDGE_LOOP('',(#276,#277,#285,#293));
#276 = ORIENTED_EDGE('',*,*,#255,.T.);
#277 = ORIENTED_EDGE('',*,*,#278,.T.);
#278 = EDGE_CURVE('',#248,#279,#281,.T.);
#279 = VERTEX_POINT('',#280);
#280 = CARTESIAN_POINT('',(4.539817,27.569446,1.545));
#281 = LINE('',#282,#283);
#282 = CARTESIAN_POINT('',(4.521153,27.524386,1.545));
#283 = VECTOR('',#284,1.);
#284 = DIRECTION('',(0.382675327398,0.923882889657,0.));
#285 = ORIENTED_EDGE('',*,*,#286,.F.);
#286 = EDGE_CURVE('',#287,#279,#289,.T.);
#287 = VERTEX_POINT('',#288);
#288 = CARTESIAN_POINT('',(4.539817,27.569446,1.51));
#289 = LINE('',#290,#291);
#290 = CARTESIAN_POINT('',(4.539817,27.569446,1.51));
#291 = VECTOR('',#292,1.);
#292 = DIRECTION('',(0.,0.,1.));
#293 = ORIENTED_EDGE('',*,*,#294,.F.);
#294 = EDGE_CURVE('',#256,#287,#295,.T.);
#295 = LINE('',#296,#297);
#296 = CARTESIAN_POINT('',(4.521153,27.524386,1.51));
#297 = VECTOR('',#298,1.);
#298 = DIRECTION('',(0.382675327398,0.923882889657,0.));
#299 = PLANE('',#300);
#300 = AXIS2_PLACEMENT_3D('',#301,#302,#303);
#301 = CARTESIAN_POINT('',(4.521153,27.524386,1.51));
#302 = DIRECTION('',(-0.923882889657,0.382675327398,0.));
#303 = DIRECTION('',(0.382675327398,0.923882889657,0.));
#304 = ADVANCED_FACE('',(#305),#321,.T.);
#305 = FACE_BOUND('',#306,.T.);
#306 = EDGE_LOOP('',(#307,#308,#314,#315));
#307 = ORIENTED_EDGE('',*,*,#286,.T.);
#308 = ORIENTED_EDGE('',*,*,#309,.T.);
#309 = EDGE_CURVE('',#279,#50,#310,.T.);
#310 = LINE('',#311,#312);
#311 = CARTESIAN_POINT('',(4.539817,27.569446,1.545));
#312 = VECTOR('',#313,1.);
#313 = DIRECTION('',(0.707106781187,0.707106781187,0.));
#314 = ORIENTED_EDGE('',*,*,#47,.F.);
#315 = ORIENTED_EDGE('',*,*,#316,.F.);
#316 = EDGE_CURVE('',#287,#48,#317,.T.);
#317 = LINE('',#318,#319);
#318 = CARTESIAN_POINT('',(4.539817,27.569446,1.51));
#319 = VECTOR('',#320,1.);
#320 = DIRECTION('',(0.707106781187,0.707106781187,0.));
#321 = PLANE('',#322);
#322 = AXIS2_PLACEMENT_3D('',#323,#324,#325);
#323 = CARTESIAN_POINT('',(4.539817,27.569446,1.51));
#324 = DIRECTION('',(-0.707106781187,0.707106781187,0.));
#325 = DIRECTION('',(0.707106781187,0.707106781187,0.));
#326 = ADVANCED_FACE('',(#327),#338,.F.);
#327 = FACE_BOUND('',#328,.T.);
#328 = EDGE_LOOP('',(#329,#330,#331,#332,#333,#334,#335,#336,#337));
#329 = ORIENTED_EDGE('',*,*,#74,.T.);
#330 = ORIENTED_EDGE('',*,*,#106,.T.);
#331 = ORIENTED_EDGE('',*,*,#137,.T.);
#332 = ORIENTED_EDGE('',*,*,#168,.T.);
#333 = ORIENTED_EDGE('',*,*,#200,.T.);
#334 = ORIENTED_EDGE('',*,*,#232,.T.);
#335 = ORIENTED_EDGE('',*,*,#263,.T.);
#336 = ORIENTED_EDGE('',*,*,#294,.T.);
#337 = ORIENTED_EDGE('',*,*,#316,.T.);
#338 = PLANE('',#339);
#339 = AXIS2_PLACEMENT_3D('',#340,#341,#342);
#340 = CARTESIAN_POINT('',(0.,0.,1.51));
#341 = DIRECTION('',(0.,0.,1.));
#342 = DIRECTION('',(1.,0.,-0.));
#343 = ADVANCED_FACE('',(#344),#355,.T.);
#344 = FACE_BOUND('',#345,.F.);
#345 = EDGE_LOOP('',(#346,#347,#348,#349,#350,#351,#352,#353,#354));
#346 = ORIENTED_EDGE('',*,*,#57,.T.);
#347 = ORIENTED_EDGE('',*,*,#90,.T.);
#348 = ORIENTED_EDGE('',*,*,#121,.T.);
#349 = ORIENTED_EDGE('',*,*,#152,.T.);
#350 = ORIENTED_EDGE('',*,*,#183,.T.);
#351 = ORIENTED_EDGE('',*,*,#216,.T.);
#352 = ORIENTED_EDGE('',*,*,#247,.T.);
#353 = ORIENTED_EDGE('',*,*,#278,.T.);
#354 = ORIENTED_EDGE('',*,*,#309,.T.);
#355 = PLANE('',#356);
#356 = AXIS2_PLACEMENT_3D('',#357,#358,#359);
#357 = CARTESIAN_POINT('',(0.,0.,1.545));
#358 = DIRECTION('',(0.,0.,1.));
#359 = DIRECTION('',(1.,0.,-0.));
#360 = MANIFOLD_SOLID_BREP('',#361);
#361 = CLOSED_SHELL('',(#362,#402,#435,#466,#497,#530,#561,#594,#625,
    #656,#689,#720,#753,#775,#796));
#362 = ADVANCED_FACE('',(#363),#397,.T.);
#363 = FACE_BOUND('',#364,.T.);
#364 = EDGE_LOOP('',(#365,#375,#383,#391));
#365 = ORIENTED_EDGE('',*,*,#366,.T.);
#366 = EDGE_CURVE('',#367,#369,#371,.T.);
#367 = VERTEX_POINT('',#368);
#368 = CARTESIAN_POINT('',(1.95,-9.146447,1.51));
#369 = VERTEX_POINT('',#370);
#370 = CARTESIAN_POINT('',(1.95,-9.146447,1.545));
#371 = LINE('',#372,#373);
#372 = CARTESIAN_POINT('',(1.95,-9.146447,1.51));
#373 = VECTOR('',#374,1.);
#374 = DIRECTION('',(0.,0.,1.));
#375 = ORIENTED_EDGE('',*,*,#376,.T.);
#376 = EDGE_CURVE('',#369,#377,#379,.T.);
#377 = VERTEX_POINT('',#378);
#378 = CARTESIAN_POINT('',(3.776775,-10.973223,1.545));
#379 = LINE('',#380,#381);
#380 = CARTESIAN_POINT('',(1.95,-9.146447,1.545));
#381 = VECTOR('',#382,1.);
#382 = DIRECTION('',(0.707106587647,-0.707106974726,0.));
#383 = ORIENTED_EDGE('',*,*,#384,.F.);
#384 = EDGE_CURVE('',#385,#377,#387,.T.);
#385 = VERTEX_POINT('',#386);
#386 = CARTESIAN_POINT('',(3.776775,-10.973223,1.51));
#387 = LINE('',#388,#389);
#388 = CARTESIAN_POINT('',(3.776775,-10.973223,1.51));
#389 = VECTOR('',#390,1.);
#390 = DIRECTION('',(0.,0.,1.));
#391 = ORIENTED_EDGE('',*,*,#392,.F.);
#392 = EDGE_CURVE('',#367,#385,#393,.T.);
#393 = LINE('',#394,#395);
#394 = CARTESIAN_POINT('',(1.95,-9.146447,1.51));
#395 = VECTOR('',#396,1.);
#396 = DIRECTION('',(0.707106587647,-0.707106974726,0.));
#397 = PLANE('',#398);
#398 = AXIS2_PLACEMENT_3D('',#399,#400,#401);
#399 = CARTESIAN_POINT('',(1.95,-9.146447,1.51));
#400 = DIRECTION('',(0.707106974726,0.707106587647,-0.));
#401 = DIRECTION('',(0.707106587647,-0.707106974726,0.));
#402 = ADVANCED_FACE('',(#403),#430,.T.);
#403 = FACE_BOUND('',#404,.T.);
#404 = EDGE_LOOP('',(#405,#406,#415,#423));
#405 = ORIENTED_EDGE('',*,*,#384,.T.);
#406 = ORIENTED_EDGE('',*,*,#407,.T.);
#407 = EDGE_CURVE('',#377,#408,#410,.T.);
#408 = VERTEX_POINT('',#409);
#409 = CARTESIAN_POINT('',(3.776776,-11.326777,1.545));
#410 = CIRCLE('',#411,0.250001128985);
#411 = AXIS2_PLACEMENT_3D('',#412,#413,#414);
#412 = CARTESIAN_POINT('',(3.599997512783,-11.1500005,1.545));
#413 = DIRECTION('',(0.,0.,-1.));
#414 = DIRECTION('',(0.707106755614,0.707106806759,0.));
#415 = ORIENTED_EDGE('',*,*,#416,.F.);
#416 = EDGE_CURVE('',#417,#408,#419,.T.);
#417 = VERTEX_POINT('',#418);
#418 = CARTESIAN_POINT('',(3.776776,-11.326777,1.51));
#419 = LINE('',#420,#421);
#420 = CARTESIAN_POINT('',(3.776776,-11.326777,1.51));
#421 = VECTOR('',#422,1.);
#422 = DIRECTION('',(0.,0.,1.));
#423 = ORIENTED_EDGE('',*,*,#424,.F.);
#424 = EDGE_CURVE('',#385,#417,#425,.T.);
#425 = CIRCLE('',#426,0.250001128985);
#426 = AXIS2_PLACEMENT_3D('',#427,#428,#429);
#427 = CARTESIAN_POINT('',(3.599997512783,-11.1500005,1.51));
#428 = DIRECTION('',(0.,0.,-1.));
#429 = DIRECTION('',(0.707106755614,0.707106806759,0.));
#430 = CYLINDRICAL_SURFACE('',#431,0.250001128985);
#431 = AXIS2_PLACEMENT_3D('',#432,#433,#434);
#432 = CARTESIAN_POINT('',(3.599997512783,-11.1500005,1.51));
#433 = DIRECTION('',(0.,0.,-1.));
#434 = DIRECTION('',(0.707106755614,0.707106806759,0.));
#435 = ADVANCED_FACE('',(#436),#461,.T.);
#436 = FACE_BOUND('',#437,.T.);
#437 = EDGE_LOOP('',(#438,#439,#447,#455));
#438 = ORIENTED_EDGE('',*,*,#416,.T.);
#439 = ORIENTED_EDGE('',*,*,#440,.T.);
#440 = EDGE_CURVE('',#408,#441,#443,.T.);
#441 = VERTEX_POINT('',#442);
#442 = CARTESIAN_POINT('',(5.E-02,-15.053553,1.545));
#443 = LINE('',#444,#445);
#444 = CARTESIAN_POINT('',(3.776776,-11.326777,1.545));
#445 = VECTOR('',#446,1.);
#446 = DIRECTION('',(-0.707106781187,-0.707106781187,0.));
#447 = ORIENTED_EDGE('',*,*,#448,.F.);
#448 = EDGE_CURVE('',#449,#441,#451,.T.);
#449 = VERTEX_POINT('',#450);
#450 = CARTESIAN_POINT('',(5.E-02,-15.053553,1.51));
#451 = LINE('',#452,#453);
#452 = CARTESIAN_POINT('',(5.E-02,-15.053553,1.51));
#453 = VECTOR('',#454,1.);
#454 = DIRECTION('',(0.,0.,1.));
#455 = ORIENTED_EDGE('',*,*,#456,.F.);
#456 = EDGE_CURVE('',#417,#449,#457,.T.);
#457 = LINE('',#458,#459);
#458 = CARTESIAN_POINT('',(3.776776,-11.326777,1.51));
#459 = VECTOR('',#460,1.);
#460 = DIRECTION('',(-0.707106781187,-0.707106781187,0.));
#461 = PLANE('',#462);
#462 = AXIS2_PLACEMENT_3D('',#463,#464,#465);
#463 = CARTESIAN_POINT('',(3.776776,-11.326777,1.51));
#464 = DIRECTION('',(0.707106781187,-0.707106781187,0.));
#465 = DIRECTION('',(-0.707106781187,-0.707106781187,0.));
#466 = ADVANCED_FACE('',(#467),#492,.T.);
#467 = FACE_BOUND('',#468,.T.);
#468 = EDGE_LOOP('',(#469,#470,#478,#486));
#469 = ORIENTED_EDGE('',*,*,#448,.T.);
#470 = ORIENTED_EDGE('',*,*,#471,.T.);
#471 = EDGE_CURVE('',#441,#472,#474,.T.);
#472 = VERTEX_POINT('',#473);
#473 = CARTESIAN_POINT('',(5.E-02,-22.825,1.545));
#474 = LINE('',#475,#476);
#475 = CARTESIAN_POINT('',(5.E-02,-15.053553,1.545));
#476 = VECTOR('',#477,1.);
#477 = DIRECTION('',(0.,-1.,0.));
#478 = ORIENTED_EDGE('',*,*,#479,.F.);
#479 = EDGE_CURVE('',#480,#472,#482,.T.);
#480 = VERTEX_POINT('',#481);
#481 = CARTESIAN_POINT('',(5.E-02,-22.825,1.51));
#482 = LINE('',#483,#484);
#483 = CARTESIAN_POINT('',(5.E-02,-22.825,1.51));
#484 = VECTOR('',#485,1.);
#485 = DIRECTION('',(0.,0.,1.));
#486 = ORIENTED_EDGE('',*,*,#487,.F.);
#487 = EDGE_CURVE('',#449,#480,#488,.T.);
#488 = LINE('',#489,#490);
#489 = CARTESIAN_POINT('',(5.E-02,-15.053553,1.51));
#490 = VECTOR('',#491,1.);
#491 = DIRECTION('',(0.,-1.,0.));
#492 = PLANE('',#493);
#493 = AXIS2_PLACEMENT_3D('',#494,#495,#496);
#494 = CARTESIAN_POINT('',(5.E-02,-15.053553,1.51));
#495 = DIRECTION('',(1.,0.,-0.));
#496 = DIRECTION('',(0.,-1.,0.));
#497 = ADVANCED_FACE('',(#498),#525,.T.);
#498 = FACE_BOUND('',#499,.T.);
#499 = EDGE_LOOP('',(#500,#501,#510,#518));
#500 = ORIENTED_EDGE('',*,*,#479,.T.);
#501 = ORIENTED_EDGE('',*,*,#502,.T.);
#502 = EDGE_CURVE('',#472,#503,#505,.T.);
#503 = VERTEX_POINT('',#504);
#504 = CARTESIAN_POINT('',(-0.45,-22.825,1.545));
#505 = CIRCLE('',#506,0.25);
#506 = AXIS2_PLACEMENT_3D('',#507,#508,#509);
#507 = CARTESIAN_POINT('',(-0.2,-22.82499976334,1.545));
#508 = DIRECTION('',(-0.,0.,-1.));
#509 = DIRECTION('',(1.,-9.466304504709E-07,-0.));
#510 = ORIENTED_EDGE('',*,*,#511,.F.);
#511 = EDGE_CURVE('',#512,#503,#514,.T.);
#512 = VERTEX_POINT('',#513);
#513 = CARTESIAN_POINT('',(-0.45,-22.825,1.51));
#514 = LINE('',#515,#516);
#515 = CARTESIAN_POINT('',(-0.45,-22.825,1.51));
#516 = VECTOR('',#517,1.);
#517 = DIRECTION('',(0.,0.,1.));
#518 = ORIENTED_EDGE('',*,*,#519,.F.);
#519 = EDGE_CURVE('',#480,#512,#520,.T.);
#520 = CIRCLE('',#521,0.25);
#521 = AXIS2_PLACEMENT_3D('',#522,#523,#524);
#522 = CARTESIAN_POINT('',(-0.2,-22.82499976334,1.51));
#523 = DIRECTION('',(-0.,0.,-1.));
#524 = DIRECTION('',(1.,-9.466304504709E-07,-0.));
#525 = CYLINDRICAL_SURFACE('',#526,0.25);
#526 = AXIS2_PLACEMENT_3D('',#527,#528,#529);
#527 = CARTESIAN_POINT('',(-0.2,-22.82499976334,1.51));
#528 = DIRECTION('',(-0.,0.,-1.));
#529 = DIRECTION('',(1.,-9.466304504709E-07,-0.));
#530 = ADVANCED_FACE('',(#531),#556,.T.);
#531 = FACE_BOUND('',#532,.T.);
#532 = EDGE_LOOP('',(#533,#534,#542,#550));
#533 = ORIENTED_EDGE('',*,*,#511,.T.);
#534 = ORIENTED_EDGE('',*,*,#535,.T.);
#535 = EDGE_CURVE('',#503,#536,#538,.T.);
#536 = VERTEX_POINT('',#537);
#537 = CARTESIAN_POINT('',(-0.45,-14.949999,1.545));
#538 = LINE('',#539,#540);
#539 = CARTESIAN_POINT('',(-0.45,-22.825,1.545));
#540 = VECTOR('',#541,1.);
#541 = DIRECTION('',(0.,1.,0.));
#542 = ORIENTED_EDGE('',*,*,#543,.F.);
#543 = EDGE_CURVE('',#544,#536,#546,.T.);
#544 = VERTEX_POINT('',#545);
#545 = CARTESIAN_POINT('',(-0.45,-14.949999,1.51));
#546 = LINE('',#547,#548);
#547 = CARTESIAN_POINT('',(-0.45,-14.949999,1.51));
#548 = VECTOR('',#549,1.);
#549 = DIRECTION('',(0.,0.,1.));
#550 = ORIENTED_EDGE('',*,*,#551,.F.);
#551 = EDGE_CURVE('',#512,#544,#552,.T.);
#552 = LINE('',#553,#554);
#553 = CARTESIAN_POINT('',(-0.45,-22.825,1.51));
#554 = VECTOR('',#555,1.);
#555 = DIRECTION('',(0.,1.,0.));
#556 = PLANE('',#557);
#557 = AXIS2_PLACEMENT_3D('',#558,#559,#560);
#558 = CARTESIAN_POINT('',(-0.45,-22.825,1.51));
#559 = DIRECTION('',(-1.,0.,0.));
#560 = DIRECTION('',(0.,1.,0.));
#561 = ADVANCED_FACE('',(#562),#589,.T.);
#562 = FACE_BOUND('',#563,.T.);
#563 = EDGE_LOOP('',(#564,#565,#574,#582));
#564 = ORIENTED_EDGE('',*,*,#543,.T.);
#565 = ORIENTED_EDGE('',*,*,#566,.T.);
#566 = EDGE_CURVE('',#536,#567,#569,.T.);
#567 = VERTEX_POINT('',#568);
#568 = CARTESIAN_POINT('',(-0.376777,-14.773222,1.545));
#569 = CIRCLE('',#570,0.250005698685);
#570 = AXIS2_PLACEMENT_3D('',#571,#572,#573);
#571 = CARTESIAN_POINT('',(-0.199994301322,-14.95000075105,1.545));
#572 = DIRECTION('',(0.,0.,-1.));
#573 = DIRECTION('',(-0.999999999975,7.00403946412E-06,0.));
#574 = ORIENTED_EDGE('',*,*,#575,.F.);
#575 = EDGE_CURVE('',#576,#567,#578,.T.);
#576 = VERTEX_POINT('',#577);
#577 = CARTESIAN_POINT('',(-0.376777,-14.773222,1.51));
#578 = LINE('',#579,#580);
#579 = CARTESIAN_POINT('',(-0.376777,-14.773222,1.51));
#580 = VECTOR('',#581,1.);
#581 = DIRECTION('',(0.,0.,1.));
#582 = ORIENTED_EDGE('',*,*,#583,.F.);
#583 = EDGE_CURVE('',#544,#576,#584,.T.);
#584 = CIRCLE('',#585,0.250005698685);
#585 = AXIS2_PLACEMENT_3D('',#586,#587,#588);
#586 = CARTESIAN_POINT('',(-0.199994301322,-14.95000075105,1.51));
#587 = DIRECTION('',(0.,0.,-1.));
#588 = DIRECTION('',(-0.999999999975,7.00403946412E-06,0.));
#589 = CYLINDRICAL_SURFACE('',#590,0.250005698685);
#590 = AXIS2_PLACEMENT_3D('',#591,#592,#593);
#591 = CARTESIAN_POINT('',(-0.199994301322,-14.95000075105,1.51));
#592 = DIRECTION('',(0.,0.,-1.));
#593 = DIRECTION('',(-0.999999999975,7.00403946412E-06,0.));
#594 = ADVANCED_FACE('',(#595),#620,.T.);
#595 = FACE_BOUND('',#596,.T.);
#596 = EDGE_LOOP('',(#597,#598,#606,#614));
#597 = ORIENTED_EDGE('',*,*,#575,.T.);
#598 = ORIENTED_EDGE('',*,*,#599,.T.);
#599 = EDGE_CURVE('',#567,#600,#602,.T.);
#600 = VERTEX_POINT('',#601);
#601 = CARTESIAN_POINT('',(3.246445,-11.149999,1.545));
#602 = LINE('',#603,#604);
#603 = CARTESIAN_POINT('',(-0.376777,-14.773222,1.545));
#604 = VECTOR('',#605,1.);
#605 = DIRECTION('',(0.707106683607,0.707106878766,0.));
#606 = ORIENTED_EDGE('',*,*,#607,.F.);
#607 = EDGE_CURVE('',#608,#600,#610,.T.);
#608 = VERTEX_POINT('',#609);
#609 = CARTESIAN_POINT('',(3.246445,-11.149999,1.51));
#610 = LINE('',#611,#612);
#611 = CARTESIAN_POINT('',(3.246445,-11.149999,1.51));
#612 = VECTOR('',#613,1.);
#613 = DIRECTION('',(0.,0.,1.));
#614 = ORIENTED_EDGE('',*,*,#615,.F.);
#615 = EDGE_CURVE('',#576,#608,#616,.T.);
#616 = LINE('',#617,#618);
#617 = CARTESIAN_POINT('',(-0.376777,-14.773222,1.51));
#618 = VECTOR('',#619,1.);
#619 = DIRECTION('',(0.707106683607,0.707106878766,0.));
#620 = PLANE('',#621);
#621 = AXIS2_PLACEMENT_3D('',#622,#623,#624);
#622 = CARTESIAN_POINT('',(-0.376777,-14.773222,1.51));
#623 = DIRECTION('',(-0.707106878766,0.707106683607,0.));
#624 = DIRECTION('',(0.707106683607,0.707106878766,0.));
#625 = ADVANCED_FACE('',(#626),#651,.T.);
#626 = FACE_BOUND('',#627,.T.);
#627 = EDGE_LOOP('',(#628,#629,#637,#645));
#628 = ORIENTED_EDGE('',*,*,#607,.T.);
#629 = ORIENTED_EDGE('',*,*,#630,.T.);
#630 = EDGE_CURVE('',#600,#631,#633,.T.);
#631 = VERTEX_POINT('',#632);
#632 = CARTESIAN_POINT('',(1.523223,-9.426778,1.545));
#633 = LINE('',#634,#635);
#634 = CARTESIAN_POINT('',(3.246445,-11.149999,1.545));
#635 = VECTOR('',#636,1.);
#636 = DIRECTION('',(-0.707106986357,0.707106576016,0.));
#637 = ORIENTED_EDGE('',*,*,#638,.F.);
#638 = EDGE_CURVE('',#639,#631,#641,.T.);
#639 = VERTEX_POINT('',#640);
#640 = CARTESIAN_POINT('',(1.523223,-9.426778,1.51));
#641 = LINE('',#642,#643);
#642 = CARTESIAN_POINT('',(1.523223,-9.426778,1.51));
#643 = VECTOR('',#644,1.);
#644 = DIRECTION('',(0.,0.,1.));
#645 = ORIENTED_EDGE('',*,*,#646,.F.);
#646 = EDGE_CURVE('',#608,#639,#647,.T.);
#647 = LINE('',#648,#649);
#648 = CARTESIAN_POINT('',(3.246445,-11.149999,1.51));
#649 = VECTOR('',#650,1.);
#650 = DIRECTION('',(-0.707106986357,0.707106576016,0.));
#651 = PLANE('',#652);
#652 = AXIS2_PLACEMENT_3D('',#653,#654,#655);
#653 = CARTESIAN_POINT('',(3.246445,-11.149999,1.51));
#654 = DIRECTION('',(-0.707106576016,-0.707106986357,0.));
#655 = DIRECTION('',(-0.707106986357,0.707106576016,0.));
#656 = ADVANCED_FACE('',(#657),#684,.T.);
#657 = FACE_BOUND('',#658,.T.);
#658 = EDGE_LOOP('',(#659,#660,#669,#677));
#659 = ORIENTED_EDGE('',*,*,#638,.T.);
#660 = ORIENTED_EDGE('',*,*,#661,.T.);
#661 = EDGE_CURVE('',#631,#662,#664,.T.);
#662 = VERTEX_POINT('',#663);
#663 = CARTESIAN_POINT('',(1.45,-9.250001,1.545));
#664 = CIRCLE('',#665,0.250006953711);
#665 = AXIS2_PLACEMENT_3D('',#666,#667,#668);
#666 = CARTESIAN_POINT('',(1.7000069537,-9.249998729106,1.545));
#667 = DIRECTION('',(0.,0.,-1.));
#668 = DIRECTION('',(-0.707116146477,-0.707097415772,-0.));
#669 = ORIENTED_EDGE('',*,*,#670,.F.);
#670 = EDGE_CURVE('',#671,#662,#673,.T.);
#671 = VERTEX_POINT('',#672);
#672 = CARTESIAN_POINT('',(1.45,-9.250001,1.51));
#673 = LINE('',#674,#675);
#674 = CARTESIAN_POINT('',(1.45,-9.250001,1.51));
#675 = VECTOR('',#676,1.);
#676 = DIRECTION('',(0.,0.,1.));
#677 = ORIENTED_EDGE('',*,*,#678,.F.);
#678 = EDGE_CURVE('',#639,#671,#679,.T.);
#679 = CIRCLE('',#680,0.250006953711);
#680 = AXIS2_PLACEMENT_3D('',#681,#682,#683);
#681 = CARTESIAN_POINT('',(1.7000069537,-9.249998729106,1.51));
#682 = DIRECTION('',(0.,0.,-1.));
#683 = DIRECTION('',(-0.707116146477,-0.707097415772,-0.));
#684 = CYLINDRICAL_SURFACE('',#685,0.250006953711);
#685 = AXIS2_PLACEMENT_3D('',#686,#687,#688);
#686 = CARTESIAN_POINT('',(1.7000069537,-9.249998729106,1.51));
#687 = DIRECTION('',(0.,0.,-1.));
#688 = DIRECTION('',(-0.707116146477,-0.707097415772,-0.));
#689 = ADVANCED_FACE('',(#690),#715,.T.);
#690 = FACE_BOUND('',#691,.T.);
#691 = EDGE_LOOP('',(#692,#693,#701,#709));
#692 = ORIENTED_EDGE('',*,*,#670,.T.);
#693 = ORIENTED_EDGE('',*,*,#694,.T.);
#694 = EDGE_CURVE('',#662,#695,#697,.T.);
#695 = VERTEX_POINT('',#696);
#696 = CARTESIAN_POINT('',(1.45,-0.850001,1.545));
#697 = LINE('',#698,#699);
#698 = CARTESIAN_POINT('',(1.45,-9.250001,1.545));
#699 = VECTOR('',#700,1.);
#700 = DIRECTION('',(0.,1.,0.));
#701 = ORIENTED_EDGE('',*,*,#702,.F.);
#702 = EDGE_CURVE('',#703,#695,#705,.T.);
#703 = VERTEX_POINT('',#704);
#704 = CARTESIAN_POINT('',(1.45,-0.850001,1.51));
#705 = LINE('',#706,#707);
#706 = CARTESIAN_POINT('',(1.45,-0.850001,1.51));
#707 = VECTOR('',#708,1.);
#708 = DIRECTION('',(0.,0.,1.));
#709 = ORIENTED_EDGE('',*,*,#710,.F.);
#710 = EDGE_CURVE('',#671,#703,#711,.T.);
#711 = LINE('',#712,#713);
#712 = CARTESIAN_POINT('',(1.45,-9.250001,1.51));
#713 = VECTOR('',#714,1.);
#714 = DIRECTION('',(0.,1.,0.));
#715 = PLANE('',#716);
#716 = AXIS2_PLACEMENT_3D('',#717,#718,#719);
#717 = CARTESIAN_POINT('',(1.45,-9.250001,1.51));
#718 = DIRECTION('',(-1.,0.,0.));
#719 = DIRECTION('',(0.,1.,0.));
#720 = ADVANCED_FACE('',(#721),#748,.T.);
#721 = FACE_BOUND('',#722,.T.);
#722 = EDGE_LOOP('',(#723,#724,#733,#741));
#723 = ORIENTED_EDGE('',*,*,#702,.T.);
#724 = ORIENTED_EDGE('',*,*,#725,.T.);
#725 = EDGE_CURVE('',#695,#726,#728,.T.);
#726 = VERTEX_POINT('',#727);
#727 = CARTESIAN_POINT('',(1.95,-0.850001,1.545));
#728 = CIRCLE('',#729,0.250000000003);
#729 = AXIS2_PLACEMENT_3D('',#730,#731,#732);
#730 = CARTESIAN_POINT('',(1.7,-0.850002189746,1.545));
#731 = DIRECTION('',(0.,0.,-1.));
#732 = DIRECTION('',(-0.999999999989,4.758985505173E-06,0.));
#733 = ORIENTED_EDGE('',*,*,#734,.F.);
#734 = EDGE_CURVE('',#735,#726,#737,.T.);
#735 = VERTEX_POINT('',#736);
#736 = CARTESIAN_POINT('',(1.95,-0.850001,1.51));
#737 = LINE('',#738,#739);
#738 = CARTESIAN_POINT('',(1.95,-0.850001,1.51));
#739 = VECTOR('',#740,1.);
#740 = DIRECTION('',(0.,0.,1.));
#741 = ORIENTED_EDGE('',*,*,#742,.F.);
#742 = EDGE_CURVE('',#703,#735,#743,.T.);
#743 = CIRCLE('',#744,0.250000000003);
#744 = AXIS2_PLACEMENT_3D('',#745,#746,#747);
#745 = CARTESIAN_POINT('',(1.7,-0.850002189746,1.51));
#746 = DIRECTION('',(0.,0.,-1.));
#747 = DIRECTION('',(-0.999999999989,4.758985505173E-06,0.));
#748 = CYLINDRICAL_SURFACE('',#749,0.250000000003);
#749 = AXIS2_PLACEMENT_3D('',#750,#751,#752);
#750 = CARTESIAN_POINT('',(1.7,-0.850002189746,1.51));
#751 = DIRECTION('',(0.,0.,-1.));
#752 = DIRECTION('',(-0.999999999989,4.758985505173E-06,0.));
#753 = ADVANCED_FACE('',(#754),#770,.T.);
#754 = FACE_BOUND('',#755,.T.);
#755 = EDGE_LOOP('',(#756,#757,#763,#764));
#756 = ORIENTED_EDGE('',*,*,#734,.T.);
#757 = ORIENTED_EDGE('',*,*,#758,.T.);
#758 = EDGE_CURVE('',#726,#369,#759,.T.);
#759 = LINE('',#760,#761);
#760 = CARTESIAN_POINT('',(1.95,-0.850001,1.545));
#761 = VECTOR('',#762,1.);
#762 = DIRECTION('',(0.,-1.,0.));
#763 = ORIENTED_EDGE('',*,*,#366,.F.);
#764 = ORIENTED_EDGE('',*,*,#765,.F.);
#765 = EDGE_CURVE('',#735,#367,#766,.T.);
#766 = LINE('',#767,#768);
#767 = CARTESIAN_POINT('',(1.95,-0.850001,1.51));
#768 = VECTOR('',#769,1.);
#769 = DIRECTION('',(0.,-1.,0.));
#770 = PLANE('',#771);
#771 = AXIS2_PLACEMENT_3D('',#772,#773,#774);
#772 = CARTESIAN_POINT('',(1.95,-0.850001,1.51));
#773 = DIRECTION('',(1.,0.,-0.));
#774 = DIRECTION('',(0.,-1.,0.));
#775 = ADVANCED_FACE('',(#776),#791,.F.);
#776 = FACE_BOUND('',#777,.T.);
#777 = EDGE_LOOP('',(#778,#779,#780,#781,#782,#783,#784,#785,#786,#787,
    #788,#789,#790));
#778 = ORIENTED_EDGE('',*,*,#392,.T.);
#779 = ORIENTED_EDGE('',*,*,#424,.T.);
#780 = ORIENTED_EDGE('',*,*,#456,.T.);
#781 = ORIENTED_EDGE('',*,*,#487,.T.);
#782 = ORIENTED_EDGE('',*,*,#519,.T.);
#783 = ORIENTED_EDGE('',*,*,#551,.T.);
#784 = ORIENTED_EDGE('',*,*,#583,.T.);
#785 = ORIENTED_EDGE('',*,*,#615,.T.);
#786 = ORIENTED_EDGE('',*,*,#646,.T.);
#787 = ORIENTED_EDGE('',*,*,#678,.T.);
#788 = ORIENTED_EDGE('',*,*,#710,.T.);
#789 = ORIENTED_EDGE('',*,*,#742,.T.);
#790 = ORIENTED_EDGE('',*,*,#765,.T.);
#791 = PLANE('',#792);
#792 = AXIS2_PLACEMENT_3D('',#793,#794,#795);
#793 = CARTESIAN_POINT('',(0.,0.,1.51));
#794 = DIRECTION('',(0.,0.,1.));
#795 = DIRECTION('',(1.,0.,-0.));
#796 = ADVANCED_FACE('',(#797),#812,.T.);
#797 = FACE_BOUND('',#798,.F.);
#798 = EDGE_LOOP('',(#799,#800,#801,#802,#803,#804,#805,#806,#807,#808,
    #809,#810,#811));
#799 = ORIENTED_EDGE('',*,*,#376,.T.);
#800 = ORIENTED_EDGE('',*,*,#407,.T.);
#801 = ORIENTED_EDGE('',*,*,#440,.T.);
#802 = ORIENTED_EDGE('',*,*,#471,.T.);
#803 = ORIENTED_EDGE('',*,*,#502,.T.);
#804 = ORIENTED_EDGE('',*,*,#535,.T.);
#805 = ORIENTED_EDGE('',*,*,#566,.T.);
#806 = ORIENTED_EDGE('',*,*,#599,.T.);
#807 = ORIENTED_EDGE('',*,*,#630,.T.);
#808 = ORIENTED_EDGE('',*,*,#661,.T.);
#809 = ORIENTED_EDGE('',*,*,#694,.T.);
#810 = ORIENTED_EDGE('',*,*,#725,.T.);
#811 = ORIENTED_EDGE('',*,*,#758,.T.);
#812 = PLANE('',#813);
#813 = AXIS2_PLACEMENT_3D('',#814,#815,#816);
#814 = CARTESIAN_POINT('',(0.,0.,1.545));
#815 = DIRECTION('',(0.,0.,1.));
#816 = DIRECTION('',(1.,0.,-0.));
#817 = MANIFOLD_SOLID_BREP('',#818);
#818 = CLOSED_SHELL('',(#819,#861,#892,#925,#947,#959));
#819 = ADVANCED_FACE('',(#820),#856,.T.);
#820 = FACE_BOUND('',#821,.T.);
#821 = EDGE_LOOP('',(#822,#832,#841,#849));
#822 = ORIENTED_EDGE('',*,*,#823,.T.);
#823 = EDGE_CURVE('',#824,#826,#828,.T.);
#824 = VERTEX_POINT('',#825);
#825 = CARTESIAN_POINT('',(2.845736,19.727882,1.51));
#826 = VERTEX_POINT('',#827);
#827 = CARTESIAN_POINT('',(2.845736,19.727882,1.545));
#828 = LINE('',#829,#830);
#829 = CARTESIAN_POINT('',(2.845736,19.727882,1.51));
#830 = VECTOR('',#831,1.);
#831 = DIRECTION('',(0.,0.,1.));
#832 = ORIENTED_EDGE('',*,*,#833,.T.);
#833 = EDGE_CURVE('',#826,#834,#836,.T.);
#834 = VERTEX_POINT('',#835);
#835 = CARTESIAN_POINT('',(2.845736,20.022118,1.545));
#836 = CIRCLE('',#837,0.150000292066);
#837 = AXIS2_PLACEMENT_3D('',#838,#839,#840);
#838 = CARTESIAN_POINT('',(2.875,19.875,1.545));
#839 = DIRECTION('',(0.,0.,-1.));
#840 = DIRECTION('',(-0.195092953466,-0.980784756972,-0.));
#841 = ORIENTED_EDGE('',*,*,#842,.F.);
#842 = EDGE_CURVE('',#843,#834,#845,.T.);
#843 = VERTEX_POINT('',#844);
#844 = CARTESIAN_POINT('',(2.845736,20.022118,1.51));
#845 = LINE('',#846,#847);
#846 = CARTESIAN_POINT('',(2.845736,20.022118,1.51));
#847 = VECTOR('',#848,1.);
#848 = DIRECTION('',(0.,0.,1.));
#849 = ORIENTED_EDGE('',*,*,#850,.F.);
#850 = EDGE_CURVE('',#824,#843,#851,.T.);
#851 = CIRCLE('',#852,0.150000292066);
#852 = AXIS2_PLACEMENT_3D('',#853,#854,#855);
#853 = CARTESIAN_POINT('',(2.875,19.875,1.51));
#854 = DIRECTION('',(0.,0.,-1.));
#855 = DIRECTION('',(-0.195092953466,-0.980784756972,-0.));
#856 = CYLINDRICAL_SURFACE('',#857,0.150000292066);
#857 = AXIS2_PLACEMENT_3D('',#858,#859,#860);
#858 = CARTESIAN_POINT('',(2.875,19.875,1.51));
#859 = DIRECTION('',(0.,0.,-1.));
#860 = DIRECTION('',(-0.195092953466,-0.980784756972,-0.));
#861 = ADVANCED_FACE('',(#862),#887,.T.);
#862 = FACE_BOUND('',#863,.T.);
#863 = EDGE_LOOP('',(#864,#865,#873,#881));
#864 = ORIENTED_EDGE('',*,*,#842,.T.);
#865 = ORIENTED_EDGE('',*,*,#866,.T.);
#866 = EDGE_CURVE('',#834,#867,#869,.T.);
#867 = VERTEX_POINT('',#868);
#868 = CARTESIAN_POINT('',(3.624764,20.022118,1.545));
#869 = LINE('',#870,#871);
#870 = CARTESIAN_POINT('',(2.845736,20.022118,1.545));
#871 = VECTOR('',#872,1.);
#872 = DIRECTION('',(1.,0.,0.));
#873 = ORIENTED_EDGE('',*,*,#874,.F.);
#874 = EDGE_CURVE('',#875,#867,#877,.T.);
#875 = VERTEX_POINT('',#876);
#876 = CARTESIAN_POINT('',(3.624764,20.022118,1.51));
#877 = LINE('',#878,#879);
#878 = CARTESIAN_POINT('',(3.624764,20.022118,1.51));
#879 = VECTOR('',#880,1.);
#880 = DIRECTION('',(0.,0.,1.));
#881 = ORIENTED_EDGE('',*,*,#882,.F.);
#882 = EDGE_CURVE('',#843,#875,#883,.T.);
#883 = LINE('',#884,#885);
#884 = CARTESIAN_POINT('',(2.845736,20.022118,1.51));
#885 = VECTOR('',#886,1.);
#886 = DIRECTION('',(1.,0.,0.));
#887 = PLANE('',#888);
#888 = AXIS2_PLACEMENT_3D('',#889,#890,#891);
#889 = CARTESIAN_POINT('',(2.845736,20.022118,1.51));
#890 = DIRECTION('',(0.,1.,0.));
#891 = DIRECTION('',(1.,0.,0.));
#892 = ADVANCED_FACE('',(#893),#920,.T.);
#893 = FACE_BOUND('',#894,.T.);
#894 = EDGE_LOOP('',(#895,#896,#905,#913));
#895 = ORIENTED_EDGE('',*,*,#874,.T.);
#896 = ORIENTED_EDGE('',*,*,#897,.T.);
#897 = EDGE_CURVE('',#867,#898,#900,.T.);
#898 = VERTEX_POINT('',#899);
#899 = CARTESIAN_POINT('',(3.624764,19.727882,1.545));
#900 = CIRCLE('',#901,0.150000292066);
#901 = AXIS2_PLACEMENT_3D('',#902,#903,#904);
#902 = CARTESIAN_POINT('',(3.5955,19.875,1.545));
#903 = DIRECTION('',(0.,0.,-1.));
#904 = DIRECTION('',(0.195092953466,0.980784756972,0.));
#905 = ORIENTED_EDGE('',*,*,#906,.F.);
#906 = EDGE_CURVE('',#907,#898,#909,.T.);
#907 = VERTEX_POINT('',#908);
#908 = CARTESIAN_POINT('',(3.624764,19.727882,1.51));
#909 = LINE('',#910,#911);
#910 = CARTESIAN_POINT('',(3.624764,19.727882,1.51));
#911 = VECTOR('',#912,1.);
#912 = DIRECTION('',(0.,0.,1.));
#913 = ORIENTED_EDGE('',*,*,#914,.F.);
#914 = EDGE_CURVE('',#875,#907,#915,.T.);
#915 = CIRCLE('',#916,0.150000292066);
#916 = AXIS2_PLACEMENT_3D('',#917,#918,#919);
#917 = CARTESIAN_POINT('',(3.5955,19.875,1.51));
#918 = DIRECTION('',(0.,0.,-1.));
#919 = DIRECTION('',(0.195092953466,0.980784756972,0.));
#920 = CYLINDRICAL_SURFACE('',#921,0.150000292066);
#921 = AXIS2_PLACEMENT_3D('',#922,#923,#924);
#922 = CARTESIAN_POINT('',(3.5955,19.875,1.51));
#923 = DIRECTION('',(0.,0.,-1.));
#924 = DIRECTION('',(0.195092953466,0.980784756972,0.));
#925 = ADVANCED_FACE('',(#926),#942,.T.);
#926 = FACE_BOUND('',#927,.T.);
#927 = EDGE_LOOP('',(#928,#929,#935,#936));
#928 = ORIENTED_EDGE('',*,*,#906,.T.);
#929 = ORIENTED_EDGE('',*,*,#930,.T.);
#930 = EDGE_CURVE('',#898,#826,#931,.T.);
#931 = LINE('',#932,#933);
#932 = CARTESIAN_POINT('',(3.624764,19.727882,1.545));
#933 = VECTOR('',#934,1.);
#934 = DIRECTION('',(-1.,0.,0.));
#935 = ORIENTED_EDGE('',*,*,#823,.F.);
#936 = ORIENTED_EDGE('',*,*,#937,.F.);
#937 = EDGE_CURVE('',#907,#824,#938,.T.);
#938 = LINE('',#939,#940);
#939 = CARTESIAN_POINT('',(3.624764,19.727882,1.51));
#940 = VECTOR('',#941,1.);
#941 = DIRECTION('',(-1.,0.,0.));
#942 = PLANE('',#943);
#943 = AXIS2_PLACEMENT_3D('',#944,#945,#946);
#944 = CARTESIAN_POINT('',(3.624764,19.727882,1.51));
#945 = DIRECTION('',(0.,-1.,0.));
#946 = DIRECTION('',(-1.,0.,0.));
#947 = ADVANCED_FACE('',(#948),#954,.F.);
#948 = FACE_BOUND('',#949,.T.);
#949 = EDGE_LOOP('',(#950,#951,#952,#953));
#950 = ORIENTED_EDGE('',*,*,#850,.T.);
#951 = ORIENTED_EDGE('',*,*,#882,.T.);
#952 = ORIENTED_EDGE('',*,*,#914,.T.);
#953 = ORIENTED_EDGE('',*,*,#937,.T.);
#954 = PLANE('',#955);
#955 = AXIS2_PLACEMENT_3D('',#956,#957,#958);
#956 = CARTESIAN_POINT('',(0.,0.,1.51));
#957 = DIRECTION('',(0.,0.,1.));
#958 = DIRECTION('',(1.,0.,-0.));
#959 = ADVANCED_FACE('',(#960),#966,.T.);
#960 = FACE_BOUND('',#961,.F.);
#961 = EDGE_LOOP('',(#962,#963,#964,#965));
#962 = ORIENTED_EDGE('',*,*,#833,.T.);
#963 = ORIENTED_EDGE('',*,*,#866,.T.);
#964 = ORIENTED_EDGE('',*,*,#897,.T.);
#965 = ORIENTED_EDGE('',*,*,#930,.T.);
#966 = PLANE('',#967);
#967 = AXIS2_PLACEMENT_3D('',#968,#969,#970);
#968 = CARTESIAN_POINT('',(0.,0.,1.545));
#969 = DIRECTION('',(0.,0.,1.));
#970 = DIRECTION('',(1.,0.,-0.));
#971 = MANIFOLD_SOLID_BREP('',#972);
#972 = CLOSED_SHELL('',(#973,#1015,#1046,#1077,#1108,#1139,#1172,#1203,
    #1234,#1265,#1287,#1305));
#973 = ADVANCED_FACE('',(#974),#1010,.T.);
#974 = FACE_BOUND('',#975,.T.);
#975 = EDGE_LOOP('',(#976,#986,#995,#1003));
#976 = ORIENTED_EDGE('',*,*,#977,.T.);
#977 = EDGE_CURVE('',#978,#980,#982,.T.);
#978 = VERTEX_POINT('',#979);
#979 = CARTESIAN_POINT('',(-2.9264E-02,21.677882,1.51));
#980 = VERTEX_POINT('',#981);
#981 = CARTESIAN_POINT('',(-2.9264E-02,21.677882,1.545));
#982 = LINE('',#983,#984);
#983 = CARTESIAN_POINT('',(-2.9264E-02,21.677882,1.51));
#984 = VECTOR('',#985,1.);
#985 = DIRECTION('',(0.,0.,1.));
#986 = ORIENTED_EDGE('',*,*,#987,.T.);
#987 = EDGE_CURVE('',#980,#988,#990,.T.);
#988 = VERTEX_POINT('',#989);
#989 = CARTESIAN_POINT('',(-2.9264E-02,21.972118,1.545));
#990 = CIRCLE('',#991,0.150000292066);
#991 = AXIS2_PLACEMENT_3D('',#992,#993,#994);
#992 = CARTESIAN_POINT('',(-7.285838599103E-16,21.825,1.545));
#993 = DIRECTION('',(0.,0.,-1.));
#994 = DIRECTION('',(-0.195092953466,-0.980784756972,-0.));
#995 = ORIENTED_EDGE('',*,*,#996,.F.);
#996 = EDGE_CURVE('',#997,#988,#999,.T.);
#997 = VERTEX_POINT('',#998);
#998 = CARTESIAN_POINT('',(-2.9264E-02,21.972118,1.51));
#999 = LINE('',#1000,#1001);
#1000 = CARTESIAN_POINT('',(-2.9264E-02,21.972118,1.51));
#1001 = VECTOR('',#1002,1.);
#1002 = DIRECTION('',(0.,0.,1.));
#1003 = ORIENTED_EDGE('',*,*,#1004,.F.);
#1004 = EDGE_CURVE('',#978,#997,#1005,.T.);
#1005 = CIRCLE('',#1006,0.150000292066);
#1006 = AXIS2_PLACEMENT_3D('',#1007,#1008,#1009);
#1007 = CARTESIAN_POINT('',(-7.285838599103E-16,21.825,1.51));
#1008 = DIRECTION('',(0.,0.,-1.));
#1009 = DIRECTION('',(-0.195092953466,-0.980784756972,-0.));
#1010 = CYLINDRICAL_SURFACE('',#1011,0.150000292066);
#1011 = AXIS2_PLACEMENT_3D('',#1012,#1013,#1014);
#1012 = CARTESIAN_POINT('',(-7.285838599103E-16,21.825,1.51));
#1013 = DIRECTION('',(0.,0.,-1.));
#1014 = DIRECTION('',(-0.195092953466,-0.980784756972,-0.));
#1015 = ADVANCED_FACE('',(#1016),#1041,.T.);
#1016 = FACE_BOUND('',#1017,.T.);
#1017 = EDGE_LOOP('',(#1018,#1019,#1027,#1035));
#1018 = ORIENTED_EDGE('',*,*,#996,.T.);
#1019 = ORIENTED_EDGE('',*,*,#1020,.T.);
#1020 = EDGE_CURVE('',#988,#1021,#1023,.T.);
#1021 = VERTEX_POINT('',#1022);
#1022 = CARTESIAN_POINT('',(1.954264,21.972118,1.545));
#1023 = LINE('',#1024,#1025);
#1024 = CARTESIAN_POINT('',(-2.9264E-02,21.972118,1.545));
#1025 = VECTOR('',#1026,1.);
#1026 = DIRECTION('',(1.,0.,0.));
#1027 = ORIENTED_EDGE('',*,*,#1028,.F.);
#1028 = EDGE_CURVE('',#1029,#1021,#1031,.T.);
#1029 = VERTEX_POINT('',#1030);
#1030 = CARTESIAN_POINT('',(1.954264,21.972118,1.51));
#1031 = LINE('',#1032,#1033);
#1032 = CARTESIAN_POINT('',(1.954264,21.972118,1.51));
#1033 = VECTOR('',#1034,1.);
#1034 = DIRECTION('',(0.,0.,1.));
#1035 = ORIENTED_EDGE('',*,*,#1036,.F.);
#1036 = EDGE_CURVE('',#997,#1029,#1037,.T.);
#1037 = LINE('',#1038,#1039);
#1038 = CARTESIAN_POINT('',(-2.9264E-02,21.972118,1.51));
#1039 = VECTOR('',#1040,1.);
#1040 = DIRECTION('',(1.,0.,0.));
#1041 = PLANE('',#1042);
#1042 = AXIS2_PLACEMENT_3D('',#1043,#1044,#1045);
#1043 = CARTESIAN_POINT('',(-2.9264E-02,21.972118,1.51));
#1044 = DIRECTION('',(0.,1.,0.));
#1045 = DIRECTION('',(1.,0.,0.));
#1046 = ADVANCED_FACE('',(#1047),#1072,.T.);
#1047 = FACE_BOUND('',#1048,.T.);
#1048 = EDGE_LOOP('',(#1049,#1050,#1058,#1066));
#1049 = ORIENTED_EDGE('',*,*,#1028,.T.);
#1050 = ORIENTED_EDGE('',*,*,#1051,.T.);
#1051 = EDGE_CURVE('',#1021,#1052,#1054,.T.);
#1052 = VERTEX_POINT('',#1053);
#1053 = CARTESIAN_POINT('',(2.008335,21.949721,1.545));
#1054 = LINE('',#1055,#1056);
#1055 = CARTESIAN_POINT('',(1.954264,21.972118,1.545));
#1056 = VECTOR('',#1057,1.);
#1057 = DIRECTION('',(0.923879179303,-0.382684285085,0.));
#1058 = ORIENTED_EDGE('',*,*,#1059,.F.);
#1059 = EDGE_CURVE('',#1060,#1052,#1062,.T.);
#1060 = VERTEX_POINT('',#1061);
#1061 = CARTESIAN_POINT('',(2.008335,21.949721,1.51));
#1062 = LINE('',#1063,#1064);
#1063 = CARTESIAN_POINT('',(2.008335,21.949721,1.51));
#1064 = VECTOR('',#1065,1.);
#1065 = DIRECTION('',(0.,0.,1.));
#1066 = ORIENTED_EDGE('',*,*,#1067,.F.);
#1067 = EDGE_CURVE('',#1029,#1060,#1068,.T.);
#1068 = LINE('',#1069,#1070);
#1069 = CARTESIAN_POINT('',(1.954264,21.972118,1.51));
#1070 = VECTOR('',#1071,1.);
#1071 = DIRECTION('',(0.923879179303,-0.382684285085,0.));
#1072 = PLANE('',#1073);
#1073 = AXIS2_PLACEMENT_3D('',#1074,#1075,#1076);
#1074 = CARTESIAN_POINT('',(1.954264,21.972118,1.51));
#1075 = DIRECTION('',(0.382684285085,0.923879179303,-0.));
#1076 = DIRECTION('',(0.923879179303,-0.382684285085,0.));
#1077 = ADVANCED_FACE('',(#1078),#1103,.T.);
#1078 = FACE_BOUND('',#1079,.T.);
#1079 = EDGE_LOOP('',(#1080,#1081,#1089,#1097));
#1080 = ORIENTED_EDGE('',*,*,#1059,.T.);
#1081 = ORIENTED_EDGE('',*,*,#1082,.T.);
#1082 = EDGE_CURVE('',#1052,#1083,#1085,.T.);
#1083 = VERTEX_POINT('',#1084);
#1084 = CARTESIAN_POINT('',(2.687132,21.275,1.545));
#1085 = LINE('',#1086,#1087);
#1086 = CARTESIAN_POINT('',(2.008335,21.949721,1.545));
#1087 = VECTOR('',#1088,1.);
#1088 = DIRECTION('',(0.709232954983,-0.704974194964,0.));
#1089 = ORIENTED_EDGE('',*,*,#1090,.F.);
#1090 = EDGE_CURVE('',#1091,#1083,#1093,.T.);
#1091 = VERTEX_POINT('',#1092);
#1092 = CARTESIAN_POINT('',(2.687132,21.275,1.51));
#1093 = LINE('',#1094,#1095);
#1094 = CARTESIAN_POINT('',(2.687132,21.275,1.51));
#1095 = VECTOR('',#1096,1.);
#1096 = DIRECTION('',(0.,0.,1.));
#1097 = ORIENTED_EDGE('',*,*,#1098,.F.);
#1098 = EDGE_CURVE('',#1060,#1091,#1099,.T.);
#1099 = LINE('',#1100,#1101);
#1100 = CARTESIAN_POINT('',(2.008335,21.949721,1.51));
#1101 = VECTOR('',#1102,1.);
#1102 = DIRECTION('',(0.709232954983,-0.704974194964,0.));
#1103 = PLANE('',#1104);
#1104 = AXIS2_PLACEMENT_3D('',#1105,#1106,#1107);
#1105 = CARTESIAN_POINT('',(2.008335,21.949721,1.51));
#1106 = DIRECTION('',(0.704974194964,0.709232954983,-0.));
#1107 = DIRECTION('',(0.709232954983,-0.704974194964,0.));
#1108 = ADVANCED_FACE('',(#1109),#1134,.T.);
#1109 = FACE_BOUND('',#1110,.T.);
#1110 = EDGE_LOOP('',(#1111,#1112,#1120,#1128));
#1111 = ORIENTED_EDGE('',*,*,#1090,.T.);
#1112 = ORIENTED_EDGE('',*,*,#1113,.T.);
#1113 = EDGE_CURVE('',#1083,#1114,#1116,.T.);
#1114 = VERTEX_POINT('',#1115);
#1115 = CARTESIAN_POINT('',(3.624764,21.272118,1.545));
#1116 = LINE('',#1117,#1118);
#1117 = CARTESIAN_POINT('',(2.687132,21.275,1.545));
#1118 = VECTOR('',#1119,1.);
#1119 = DIRECTION('',(0.999995276216,-3.073686036797E-03,0.));
#1120 = ORIENTED_EDGE('',*,*,#1121,.F.);
#1121 = EDGE_CURVE('',#1122,#1114,#1124,.T.);
#1122 = VERTEX_POINT('',#1123);
#1123 = CARTESIAN_POINT('',(3.624764,21.272118,1.51));
#1124 = LINE('',#1125,#1126);
#1125 = CARTESIAN_POINT('',(3.624764,21.272118,1.51));
#1126 = VECTOR('',#1127,1.);
#1127 = DIRECTION('',(0.,0.,1.));
#1128 = ORIENTED_EDGE('',*,*,#1129,.F.);
#1129 = EDGE_CURVE('',#1091,#1122,#1130,.T.);
#1130 = LINE('',#1131,#1132);
#1131 = CARTESIAN_POINT('',(2.687132,21.275,1.51));
#1132 = VECTOR('',#1133,1.);
#1133 = DIRECTION('',(0.999995276216,-3.073686036797E-03,0.));
#1134 = PLANE('',#1135);
#1135 = AXIS2_PLACEMENT_3D('',#1136,#1137,#1138);
#1136 = CARTESIAN_POINT('',(2.687132,21.275,1.51));
#1137 = DIRECTION('',(3.073686036797E-03,0.999995276216,-0.));
#1138 = DIRECTION('',(0.999995276216,-3.073686036797E-03,0.));
#1139 = ADVANCED_FACE('',(#1140),#1167,.T.);
#1140 = FACE_BOUND('',#1141,.T.);
#1141 = EDGE_LOOP('',(#1142,#1143,#1152,#1160));
#1142 = ORIENTED_EDGE('',*,*,#1121,.T.);
#1143 = ORIENTED_EDGE('',*,*,#1144,.T.);
#1144 = EDGE_CURVE('',#1114,#1145,#1147,.T.);
#1145 = VERTEX_POINT('',#1146);
#1146 = CARTESIAN_POINT('',(3.624764,20.977882,1.545));
#1147 = CIRCLE('',#1148,0.150000292066);
#1148 = AXIS2_PLACEMENT_3D('',#1149,#1150,#1151);
#1149 = CARTESIAN_POINT('',(3.5955,21.125,1.545));
#1150 = DIRECTION('',(0.,0.,-1.));
#1151 = DIRECTION('',(0.195092953466,0.980784756972,0.));
#1152 = ORIENTED_EDGE('',*,*,#1153,.F.);
#1153 = EDGE_CURVE('',#1154,#1145,#1156,.T.);
#1154 = VERTEX_POINT('',#1155);
#1155 = CARTESIAN_POINT('',(3.624764,20.977882,1.51));
#1156 = LINE('',#1157,#1158);
#1157 = CARTESIAN_POINT('',(3.624764,20.977882,1.51));
#1158 = VECTOR('',#1159,1.);
#1159 = DIRECTION('',(0.,0.,1.));
#1160 = ORIENTED_EDGE('',*,*,#1161,.F.);
#1161 = EDGE_CURVE('',#1122,#1154,#1162,.T.);
#1162 = CIRCLE('',#1163,0.150000292066);
#1163 = AXIS2_PLACEMENT_3D('',#1164,#1165,#1166);
#1164 = CARTESIAN_POINT('',(3.5955,21.125,1.51));
#1165 = DIRECTION('',(0.,0.,-1.));
#1166 = DIRECTION('',(0.195092953466,0.980784756972,0.));
#1167 = CYLINDRICAL_SURFACE('',#1168,0.150000292066);
#1168 = AXIS2_PLACEMENT_3D('',#1169,#1170,#1171);
#1169 = CARTESIAN_POINT('',(3.5955,21.125,1.51));
#1170 = DIRECTION('',(0.,0.,-1.));
#1171 = DIRECTION('',(0.195092953466,0.980784756972,0.));
#1172 = ADVANCED_FACE('',(#1173),#1198,.T.);
#1173 = FACE_BOUND('',#1174,.T.);
#1174 = EDGE_LOOP('',(#1175,#1176,#1184,#1192));
#1175 = ORIENTED_EDGE('',*,*,#1153,.T.);
#1176 = ORIENTED_EDGE('',*,*,#1177,.T.);
#1177 = EDGE_CURVE('',#1145,#1178,#1180,.T.);
#1178 = VERTEX_POINT('',#1179);
#1179 = CARTESIAN_POINT('',(2.595736,20.977882,1.545));
#1180 = LINE('',#1181,#1182);
#1181 = CARTESIAN_POINT('',(3.624764,20.977882,1.545));
#1182 = VECTOR('',#1183,1.);
#1183 = DIRECTION('',(-1.,0.,0.));
#1184 = ORIENTED_EDGE('',*,*,#1185,.F.);
#1185 = EDGE_CURVE('',#1186,#1178,#1188,.T.);
#1186 = VERTEX_POINT('',#1187);
#1187 = CARTESIAN_POINT('',(2.595736,20.977882,1.51));
#1188 = LINE('',#1189,#1190);
#1189 = CARTESIAN_POINT('',(2.595736,20.977882,1.51));
#1190 = VECTOR('',#1191,1.);
#1191 = DIRECTION('',(0.,0.,1.));
#1192 = ORIENTED_EDGE('',*,*,#1193,.F.);
#1193 = EDGE_CURVE('',#1154,#1186,#1194,.T.);
#1194 = LINE('',#1195,#1196);
#1195 = CARTESIAN_POINT('',(3.624764,20.977882,1.51));
#1196 = VECTOR('',#1197,1.);
#1197 = DIRECTION('',(-1.,0.,0.));
#1198 = PLANE('',#1199);
#1199 = AXIS2_PLACEMENT_3D('',#1200,#1201,#1202);
#1200 = CARTESIAN_POINT('',(3.624764,20.977882,1.51));
#1201 = DIRECTION('',(0.,-1.,0.));
#1202 = DIRECTION('',(-1.,0.,0.));
#1203 = ADVANCED_FACE('',(#1204),#1229,.T.);
#1204 = FACE_BOUND('',#1205,.T.);
#1205 = EDGE_LOOP('',(#1206,#1207,#1215,#1223));
#1206 = ORIENTED_EDGE('',*,*,#1185,.T.);
#1207 = ORIENTED_EDGE('',*,*,#1208,.T.);
#1208 = EDGE_CURVE('',#1178,#1209,#1211,.T.);
#1209 = VERTEX_POINT('',#1210);
#1210 = CARTESIAN_POINT('',(2.541664,21.000279,1.545));
#1211 = LINE('',#1212,#1213);
#1212 = CARTESIAN_POINT('',(2.595736,20.977882,1.545));
#1213 = VECTOR('',#1214,1.);
#1214 = DIRECTION('',(-0.923881681501,0.382678244204,0.));
#1215 = ORIENTED_EDGE('',*,*,#1216,.F.);
#1216 = EDGE_CURVE('',#1217,#1209,#1219,.T.);
#1217 = VERTEX_POINT('',#1218);
#1218 = CARTESIAN_POINT('',(2.541664,21.000279,1.51));
#1219 = LINE('',#1220,#1221);
#1220 = CARTESIAN_POINT('',(2.541664,21.000279,1.51));
#1221 = VECTOR('',#1222,1.);
#1222 = DIRECTION('',(0.,0.,1.));
#1223 = ORIENTED_EDGE('',*,*,#1224,.F.);
#1224 = EDGE_CURVE('',#1186,#1217,#1225,.T.);
#1225 = LINE('',#1226,#1227);
#1226 = CARTESIAN_POINT('',(2.595736,20.977882,1.51));
#1227 = VECTOR('',#1228,1.);
#1228 = DIRECTION('',(-0.923881681501,0.382678244204,0.));
#1229 = PLANE('',#1230);
#1230 = AXIS2_PLACEMENT_3D('',#1231,#1232,#1233);
#1231 = CARTESIAN_POINT('',(2.595736,20.977882,1.51));
#1232 = DIRECTION('',(-0.382678244204,-0.923881681501,0.));
#1233 = DIRECTION('',(-0.923881681501,0.382678244204,0.));
#1234 = ADVANCED_FACE('',(#1235),#1260,.T.);
#1235 = FACE_BOUND('',#1236,.T.);
#1236 = EDGE_LOOP('',(#1237,#1238,#1246,#1254));
#1237 = ORIENTED_EDGE('',*,*,#1216,.T.);
#1238 = ORIENTED_EDGE('',*,*,#1239,.T.);
#1239 = EDGE_CURVE('',#1209,#1240,#1242,.T.);
#1240 = VERTEX_POINT('',#1241);
#1241 = CARTESIAN_POINT('',(1.862868,21.675,1.545));
#1242 = LINE('',#1243,#1244);
#1243 = CARTESIAN_POINT('',(2.541664,21.000279,1.545));
#1244 = VECTOR('',#1245,1.);
#1245 = DIRECTION('',(-0.70923243571,0.704974717374,0.));
#1246 = ORIENTED_EDGE('',*,*,#1247,.F.);
#1247 = EDGE_CURVE('',#1248,#1240,#1250,.T.);
#1248 = VERTEX_POINT('',#1249);
#1249 = CARTESIAN_POINT('',(1.862868,21.675,1.51));
#1250 = LINE('',#1251,#1252);
#1251 = CARTESIAN_POINT('',(1.862868,21.675,1.51));
#1252 = VECTOR('',#1253,1.);
#1253 = DIRECTION('',(0.,0.,1.));
#1254 = ORIENTED_EDGE('',*,*,#1255,.F.);
#1255 = EDGE_CURVE('',#1217,#1248,#1256,.T.);
#1256 = LINE('',#1257,#1258);
#1257 = CARTESIAN_POINT('',(2.541664,21.000279,1.51));
#1258 = VECTOR('',#1259,1.);
#1259 = DIRECTION('',(-0.70923243571,0.704974717374,0.));
#1260 = PLANE('',#1261);
#1261 = AXIS2_PLACEMENT_3D('',#1262,#1263,#1264);
#1262 = CARTESIAN_POINT('',(2.541664,21.000279,1.51));
#1263 = DIRECTION('',(-0.704974717374,-0.70923243571,0.));
#1264 = DIRECTION('',(-0.70923243571,0.704974717374,0.));
#1265 = ADVANCED_FACE('',(#1266),#1282,.T.);
#1266 = FACE_BOUND('',#1267,.T.);
#1267 = EDGE_LOOP('',(#1268,#1269,#1275,#1276));
#1268 = ORIENTED_EDGE('',*,*,#1247,.T.);
#1269 = ORIENTED_EDGE('',*,*,#1270,.T.);
#1270 = EDGE_CURVE('',#1240,#980,#1271,.T.);
#1271 = LINE('',#1272,#1273);
#1272 = CARTESIAN_POINT('',(1.862868,21.675,1.545));
#1273 = VECTOR('',#1274,1.);
#1274 = DIRECTION('',(-0.99999884001,1.523147780867E-03,0.));
#1275 = ORIENTED_EDGE('',*,*,#977,.F.);
#1276 = ORIENTED_EDGE('',*,*,#1277,.F.);
#1277 = EDGE_CURVE('',#1248,#978,#1278,.T.);
#1278 = LINE('',#1279,#1280);
#1279 = CARTESIAN_POINT('',(1.862868,21.675,1.51));
#1280 = VECTOR('',#1281,1.);
#1281 = DIRECTION('',(-0.99999884001,1.523147780867E-03,0.));
#1282 = PLANE('',#1283);
#1283 = AXIS2_PLACEMENT_3D('',#1284,#1285,#1286);
#1284 = CARTESIAN_POINT('',(1.862868,21.675,1.51));
#1285 = DIRECTION('',(-1.523147780867E-03,-0.99999884001,0.));
#1286 = DIRECTION('',(-0.99999884001,1.523147780867E-03,0.));
#1287 = ADVANCED_FACE('',(#1288),#1300,.F.);
#1288 = FACE_BOUND('',#1289,.T.);
#1289 = EDGE_LOOP('',(#1290,#1291,#1292,#1293,#1294,#1295,#1296,#1297,
    #1298,#1299));
#1290 = ORIENTED_EDGE('',*,*,#1004,.T.);
#1291 = ORIENTED_EDGE('',*,*,#1036,.T.);
#1292 = ORIENTED_EDGE('',*,*,#1067,.T.);
#1293 = ORIENTED_EDGE('',*,*,#1098,.T.);
#1294 = ORIENTED_EDGE('',*,*,#1129,.T.);
#1295 = ORIENTED_EDGE('',*,*,#1161,.T.);
#1296 = ORIENTED_EDGE('',*,*,#1193,.T.);
#1297 = ORIENTED_EDGE('',*,*,#1224,.T.);
#1298 = ORIENTED_EDGE('',*,*,#1255,.T.);
#1299 = ORIENTED_EDGE('',*,*,#1277,.T.);
#1300 = PLANE('',#1301);
#1301 = AXIS2_PLACEMENT_3D('',#1302,#1303,#1304);
#1302 = CARTESIAN_POINT('',(0.,0.,1.51));
#1303 = DIRECTION('',(0.,0.,1.));
#1304 = DIRECTION('',(1.,0.,-0.));
#1305 = ADVANCED_FACE('',(#1306),#1318,.T.);
#1306 = FACE_BOUND('',#1307,.F.);
#1307 = EDGE_LOOP('',(#1308,#1309,#1310,#1311,#1312,#1313,#1314,#1315,
    #1316,#1317));
#1308 = ORIENTED_EDGE('',*,*,#987,.T.);
#1309 = ORIENTED_EDGE('',*,*,#1020,.T.);
#1310 = ORIENTED_EDGE('',*,*,#1051,.T.);
#1311 = ORIENTED_EDGE('',*,*,#1082,.T.);
#1312 = ORIENTED_EDGE('',*,*,#1113,.T.);
#1313 = ORIENTED_EDGE('',*,*,#1144,.T.);
#1314 = ORIENTED_EDGE('',*,*,#1177,.T.);
#1315 = ORIENTED_EDGE('',*,*,#1208,.T.);
#1316 = ORIENTED_EDGE('',*,*,#1239,.T.);
#1317 = ORIENTED_EDGE('',*,*,#1270,.T.);
#1318 = PLANE('',#1319);
#1319 = AXIS2_PLACEMENT_3D('',#1320,#1321,#1322);
#1320 = CARTESIAN_POINT('',(0.,0.,1.545));
#1321 = DIRECTION('',(0.,0.,1.));
#1322 = DIRECTION('',(1.,0.,-0.));
#1323 = MANIFOLD_SOLID_BREP('',#1324);
#1324 = CLOSED_SHELL('',(#1325,#1367,#1398,#1429,#1460,#1493,#1524,#1555
    ,#1588,#1619,#1650,#1683,#1714,#1745,#1776,#1809,#1840,#1871,#1893,
    #1919));
#1325 = ADVANCED_FACE('',(#1326),#1362,.T.);
#1326 = FACE_BOUND('',#1327,.T.);
#1327 = EDGE_LOOP('',(#1328,#1338,#1347,#1355));
#1328 = ORIENTED_EDGE('',*,*,#1329,.T.);
#1329 = EDGE_CURVE('',#1330,#1332,#1334,.T.);
#1330 = VERTEX_POINT('',#1331);
#1331 = CARTESIAN_POINT('',(1.096926,9.369552,1.51));
#1332 = VERTEX_POINT('',#1333);
#1333 = CARTESIAN_POINT('',(1.096926,9.369552,1.545));
#1334 = LINE('',#1335,#1336);
#1335 = CARTESIAN_POINT('',(1.096926,9.369552,1.51));
#1336 = VECTOR('',#1337,1.);
#1337 = DIRECTION('',(0.,0.,1.));
#1338 = ORIENTED_EDGE('',*,*,#1339,.T.);
#1339 = EDGE_CURVE('',#1332,#1340,#1342,.T.);
#1340 = VERTEX_POINT('',#1341);
#1341 = CARTESIAN_POINT('',(1.532843,8.717157,1.545));
#1342 = CIRCLE('',#1343,0.400000510709);
#1343 = AXIS2_PLACEMENT_3D('',#1344,#1345,#1346);
#1344 = CARTESIAN_POINT('',(1.249999567663,8.999999714863,1.545));
#1345 = DIRECTION('',(0.,0.,-1.));
#1346 = DIRECTION('',(-0.382683430559,0.923879533259,-0.));
#1347 = ORIENTED_EDGE('',*,*,#1348,.F.);
#1348 = EDGE_CURVE('',#1349,#1340,#1351,.T.);
#1349 = VERTEX_POINT('',#1350);
#1350 = CARTESIAN_POINT('',(1.532843,8.717157,1.51));
#1351 = LINE('',#1352,#1353);
#1352 = CARTESIAN_POINT('',(1.532843,8.717157,1.51));
#1353 = VECTOR('',#1354,1.);
#1354 = DIRECTION('',(0.,0.,1.));
#1355 = ORIENTED_EDGE('',*,*,#1356,.F.);
#1356 = EDGE_CURVE('',#1330,#1349,#1357,.T.);
#1357 = CIRCLE('',#1358,0.400000510709);
#1358 = AXIS2_PLACEMENT_3D('',#1359,#1360,#1361);
#1359 = CARTESIAN_POINT('',(1.249999567663,8.999999714863,1.51));
#1360 = DIRECTION('',(0.,0.,-1.));
#1361 = DIRECTION('',(-0.382683430559,0.923879533259,-0.));
#1362 = CYLINDRICAL_SURFACE('',#1363,0.400000510709);
#1363 = AXIS2_PLACEMENT_3D('',#1364,#1365,#1366);
#1364 = CARTESIAN_POINT('',(1.249999567663,8.999999714863,1.51));
#1365 = DIRECTION('',(0.,0.,-1.));
#1366 = DIRECTION('',(-0.382683430559,0.923879533259,-0.));
#1367 = ADVANCED_FACE('',(#1368),#1393,.T.);
#1368 = FACE_BOUND('',#1369,.T.);
#1369 = EDGE_LOOP('',(#1370,#1371,#1379,#1387));
#1370 = ORIENTED_EDGE('',*,*,#1348,.T.);
#1371 = ORIENTED_EDGE('',*,*,#1372,.T.);
#1372 = EDGE_CURVE('',#1340,#1373,#1375,.T.);
#1373 = VERTEX_POINT('',#1374);
#1374 = CARTESIAN_POINT('',(1.15,8.334314,1.545));
#1375 = LINE('',#1376,#1377);
#1376 = CARTESIAN_POINT('',(1.532843,8.717157,1.545));
#1377 = VECTOR('',#1378,1.);
#1378 = DIRECTION('',(-0.707106781187,-0.707106781187,0.));
#1379 = ORIENTED_EDGE('',*,*,#1380,.F.);
#1380 = EDGE_CURVE('',#1381,#1373,#1383,.T.);
#1381 = VERTEX_POINT('',#1382);
#1382 = CARTESIAN_POINT('',(1.15,8.334314,1.51));
#1383 = LINE('',#1384,#1385);
#1384 = CARTESIAN_POINT('',(1.15,8.334314,1.51));
#1385 = VECTOR('',#1386,1.);
#1386 = DIRECTION('',(0.,0.,1.));
#1387 = ORIENTED_EDGE('',*,*,#1388,.F.);
#1388 = EDGE_CURVE('',#1349,#1381,#1389,.T.);
#1389 = LINE('',#1390,#1391);
#1390 = CARTESIAN_POINT('',(1.532843,8.717157,1.51));
#1391 = VECTOR('',#1392,1.);
#1392 = DIRECTION('',(-0.707106781187,-0.707106781187,0.));
#1393 = PLANE('',#1394);
#1394 = AXIS2_PLACEMENT_3D('',#1395,#1396,#1397);
#1395 = CARTESIAN_POINT('',(1.532843,8.717157,1.51));
#1396 = DIRECTION('',(0.707106781187,-0.707106781187,0.));
#1397 = DIRECTION('',(-0.707106781187,-0.707106781187,0.));
#1398 = ADVANCED_FACE('',(#1399),#1424,.T.);
#1399 = FACE_BOUND('',#1400,.T.);
#1400 = EDGE_LOOP('',(#1401,#1402,#1410,#1418));
#1401 = ORIENTED_EDGE('',*,*,#1380,.T.);
#1402 = ORIENTED_EDGE('',*,*,#1403,.T.);
#1403 = EDGE_CURVE('',#1373,#1404,#1406,.T.);
#1404 = VERTEX_POINT('',#1405);
#1405 = CARTESIAN_POINT('',(1.15,5.225,1.545));
#1406 = LINE('',#1407,#1408);
#1407 = CARTESIAN_POINT('',(1.15,8.334314,1.545));
#1408 = VECTOR('',#1409,1.);
#1409 = DIRECTION('',(0.,-1.,0.));
#1410 = ORIENTED_EDGE('',*,*,#1411,.F.);
#1411 = EDGE_CURVE('',#1412,#1404,#1414,.T.);
#1412 = VERTEX_POINT('',#1413);
#1413 = CARTESIAN_POINT('',(1.15,5.225,1.51));
#1414 = LINE('',#1415,#1416);
#1415 = CARTESIAN_POINT('',(1.15,5.225,1.51));
#1416 = VECTOR('',#1417,1.);
#1417 = DIRECTION('',(0.,0.,1.));
#1418 = ORIENTED_EDGE('',*,*,#1419,.F.);
#1419 = EDGE_CURVE('',#1381,#1412,#1420,.T.);
#1420 = LINE('',#1421,#1422);
#1421 = CARTESIAN_POINT('',(1.15,8.334314,1.51));
#1422 = VECTOR('',#1423,1.);
#1423 = DIRECTION('',(0.,-1.,0.));
#1424 = PLANE('',#1425);
#1425 = AXIS2_PLACEMENT_3D('',#1426,#1427,#1428);
#1426 = CARTESIAN_POINT('',(1.15,8.334314,1.51));
#1427 = DIRECTION('',(1.,0.,-0.));
#1428 = DIRECTION('',(0.,-1.,0.));
#1429 = ADVANCED_FACE('',(#1430),#1455,.T.);
#1430 = FACE_BOUND('',#1431,.T.);
#1431 = EDGE_LOOP('',(#1432,#1433,#1441,#1449));
#1432 = ORIENTED_EDGE('',*,*,#1411,.T.);
#1433 = ORIENTED_EDGE('',*,*,#1434,.T.);
#1434 = EDGE_CURVE('',#1404,#1435,#1437,.T.);
#1435 = VERTEX_POINT('',#1436);
#1436 = CARTESIAN_POINT('',(2.529264,5.222118,1.545));
#1437 = LINE('',#1438,#1439);
#1438 = CARTESIAN_POINT('',(1.15,5.225,1.545));
#1439 = VECTOR('',#1440,1.);
#1440 = DIRECTION('',(0.99999781696,-2.089515646372E-03,0.));
#1441 = ORIENTED_EDGE('',*,*,#1442,.F.);
#1442 = EDGE_CURVE('',#1443,#1435,#1445,.T.);
#1443 = VERTEX_POINT('',#1444);
#1444 = CARTESIAN_POINT('',(2.529264,5.222118,1.51));
#1445 = LINE('',#1446,#1447);
#1446 = CARTESIAN_POINT('',(2.529264,5.222118,1.51));
#1447 = VECTOR('',#1448,1.);
#1448 = DIRECTION('',(0.,0.,1.));
#1449 = ORIENTED_EDGE('',*,*,#1450,.F.);
#1450 = EDGE_CURVE('',#1412,#1443,#1451,.T.);
#1451 = LINE('',#1452,#1453);
#1452 = CARTESIAN_POINT('',(1.15,5.225,1.51));
#1453 = VECTOR('',#1454,1.);
#1454 = DIRECTION('',(0.99999781696,-2.089515646372E-03,0.));
#1455 = PLANE('',#1456);
#1456 = AXIS2_PLACEMENT_3D('',#1457,#1458,#1459);
#1457 = CARTESIAN_POINT('',(1.15,5.225,1.51));
#1458 = DIRECTION('',(2.089515646372E-03,0.99999781696,-0.));
#1459 = DIRECTION('',(0.99999781696,-2.089515646372E-03,0.));
#1460 = ADVANCED_FACE('',(#1461),#1488,.T.);
#1461 = FACE_BOUND('',#1462,.T.);
#1462 = EDGE_LOOP('',(#1463,#1464,#1473,#1481));
#1463 = ORIENTED_EDGE('',*,*,#1442,.T.);
#1464 = ORIENTED_EDGE('',*,*,#1465,.T.);
#1465 = EDGE_CURVE('',#1435,#1466,#1468,.T.);
#1466 = VERTEX_POINT('',#1467);
#1467 = CARTESIAN_POINT('',(2.529264,4.927882,1.545));
#1468 = CIRCLE('',#1469,0.150000292066);
#1469 = AXIS2_PLACEMENT_3D('',#1470,#1471,#1472);
#1470 = CARTESIAN_POINT('',(2.5,5.075,1.545));
#1471 = DIRECTION('',(0.,0.,-1.));
#1472 = DIRECTION('',(0.195092953466,0.980784756972,0.));
#1473 = ORIENTED_EDGE('',*,*,#1474,.F.);
#1474 = EDGE_CURVE('',#1475,#1466,#1477,.T.);
#1475 = VERTEX_POINT('',#1476);
#1476 = CARTESIAN_POINT('',(2.529264,4.927882,1.51));
#1477 = LINE('',#1478,#1479);
#1478 = CARTESIAN_POINT('',(2.529264,4.927882,1.51));
#1479 = VECTOR('',#1480,1.);
#1480 = DIRECTION('',(0.,0.,1.));
#1481 = ORIENTED_EDGE('',*,*,#1482,.F.);
#1482 = EDGE_CURVE('',#1443,#1475,#1483,.T.);
#1483 = CIRCLE('',#1484,0.150000292066);
#1484 = AXIS2_PLACEMENT_3D('',#1485,#1486,#1487);
#1485 = CARTESIAN_POINT('',(2.5,5.075,1.51));
#1486 = DIRECTION('',(0.,0.,-1.));
#1487 = DIRECTION('',(0.195092953466,0.980784756972,0.));
#1488 = CYLINDRICAL_SURFACE('',#1489,0.150000292066);
#1489 = AXIS2_PLACEMENT_3D('',#1490,#1491,#1492);
#1490 = CARTESIAN_POINT('',(2.5,5.075,1.51));
#1491 = DIRECTION('',(0.,0.,-1.));
#1492 = DIRECTION('',(0.195092953466,0.980784756972,0.));
#1493 = ADVANCED_FACE('',(#1494),#1519,.T.);
#1494 = FACE_BOUND('',#1495,.T.);
#1495 = EDGE_LOOP('',(#1496,#1497,#1505,#1513));
#1496 = ORIENTED_EDGE('',*,*,#1474,.T.);
#1497 = ORIENTED_EDGE('',*,*,#1498,.T.);
#1498 = EDGE_CURVE('',#1466,#1499,#1501,.T.);
#1499 = VERTEX_POINT('',#1500);
#1500 = CARTESIAN_POINT('',(1.15,4.925,1.545));
#1501 = LINE('',#1502,#1503);
#1502 = CARTESIAN_POINT('',(2.529264,4.927882,1.545));
#1503 = VECTOR('',#1504,1.);
#1504 = DIRECTION('',(-0.99999781696,-2.089515646373E-03,0.));
#1505 = ORIENTED_EDGE('',*,*,#1506,.F.);
#1506 = EDGE_CURVE('',#1507,#1499,#1509,.T.);
#1507 = VERTEX_POINT('',#1508);
#1508 = CARTESIAN_POINT('',(1.15,4.925,1.51));
#1509 = LINE('',#1510,#1511);
#1510 = CARTESIAN_POINT('',(1.15,4.925,1.51));
#1511 = VECTOR('',#1512,1.);
#1512 = DIRECTION('',(0.,0.,1.));
#1513 = ORIENTED_EDGE('',*,*,#1514,.F.);
#1514 = EDGE_CURVE('',#1475,#1507,#1515,.T.);
#1515 = LINE('',#1516,#1517);
#1516 = CARTESIAN_POINT('',(2.529264,4.927882,1.51));
#1517 = VECTOR('',#1518,1.);
#1518 = DIRECTION('',(-0.99999781696,-2.089515646373E-03,0.));
#1519 = PLANE('',#1520);
#1520 = AXIS2_PLACEMENT_3D('',#1521,#1522,#1523);
#1521 = CARTESIAN_POINT('',(2.529264,4.927882,1.51));
#1522 = DIRECTION('',(2.089515646373E-03,-0.99999781696,0.));
#1523 = DIRECTION('',(-0.99999781696,-2.089515646373E-03,0.));
#1524 = ADVANCED_FACE('',(#1525),#1550,.T.);
#1525 = FACE_BOUND('',#1526,.T.);
#1526 = EDGE_LOOP('',(#1527,#1528,#1536,#1544));
#1527 = ORIENTED_EDGE('',*,*,#1506,.T.);
#1528 = ORIENTED_EDGE('',*,*,#1529,.T.);
#1529 = EDGE_CURVE('',#1499,#1530,#1532,.T.);
#1530 = VERTEX_POINT('',#1531);
#1531 = CARTESIAN_POINT('',(1.15,-0.25,1.545));
#1532 = LINE('',#1533,#1534);
#1533 = CARTESIAN_POINT('',(1.15,4.925,1.545));
#1534 = VECTOR('',#1535,1.);
#1535 = DIRECTION('',(0.,-1.,0.));
#1536 = ORIENTED_EDGE('',*,*,#1537,.F.);
#1537 = EDGE_CURVE('',#1538,#1530,#1540,.T.);
#1538 = VERTEX_POINT('',#1539);
#1539 = CARTESIAN_POINT('',(1.15,-0.25,1.51));
#1540 = LINE('',#1541,#1542);
#1541 = CARTESIAN_POINT('',(1.15,-0.25,1.51));
#1542 = VECTOR('',#1543,1.);
#1543 = DIRECTION('',(0.,0.,1.));
#1544 = ORIENTED_EDGE('',*,*,#1545,.F.);
#1545 = EDGE_CURVE('',#1507,#1538,#1546,.T.);
#1546 = LINE('',#1547,#1548);
#1547 = CARTESIAN_POINT('',(1.15,4.925,1.51));
#1548 = VECTOR('',#1549,1.);
#1549 = DIRECTION('',(0.,-1.,0.));
#1550 = PLANE('',#1551);
#1551 = AXIS2_PLACEMENT_3D('',#1552,#1553,#1554);
#1552 = CARTESIAN_POINT('',(1.15,4.925,1.51));
#1553 = DIRECTION('',(1.,0.,-0.));
#1554 = DIRECTION('',(0.,-1.,0.));
#1555 = ADVANCED_FACE('',(#1556),#1583,.T.);
#1556 = FACE_BOUND('',#1557,.T.);
#1557 = EDGE_LOOP('',(#1558,#1559,#1568,#1576));
#1558 = ORIENTED_EDGE('',*,*,#1537,.T.);
#1559 = ORIENTED_EDGE('',*,*,#1560,.T.);
#1560 = EDGE_CURVE('',#1530,#1561,#1563,.T.);
#1561 = VERTEX_POINT('',#1562);
#1562 = CARTESIAN_POINT('',(1.032843,-0.532843,1.545));
#1563 = CIRCLE('',#1564,0.399997661669);
#1564 = AXIS2_PLACEMENT_3D('',#1565,#1566,#1567);
#1565 = CARTESIAN_POINT('',(0.750002338334,-0.250001543617,1.545));
#1566 = DIRECTION('',(0.,0.,-1.));
#1567 = DIRECTION('',(0.999999999993,3.859064505978E-06,0.));
#1568 = ORIENTED_EDGE('',*,*,#1569,.F.);
#1569 = EDGE_CURVE('',#1570,#1561,#1572,.T.);
#1570 = VERTEX_POINT('',#1571);
#1571 = CARTESIAN_POINT('',(1.032843,-0.532843,1.51));
#1572 = LINE('',#1573,#1574);
#1573 = CARTESIAN_POINT('',(1.032843,-0.532843,1.51));
#1574 = VECTOR('',#1575,1.);
#1575 = DIRECTION('',(0.,0.,1.));
#1576 = ORIENTED_EDGE('',*,*,#1577,.F.);
#1577 = EDGE_CURVE('',#1538,#1570,#1578,.T.);
#1578 = CIRCLE('',#1579,0.399997661669);
#1579 = AXIS2_PLACEMENT_3D('',#1580,#1581,#1582);
#1580 = CARTESIAN_POINT('',(0.750002338334,-0.250001543617,1.51));
#1581 = DIRECTION('',(0.,0.,-1.));
#1582 = DIRECTION('',(0.999999999993,3.859064505978E-06,0.));
#1583 = CYLINDRICAL_SURFACE('',#1584,0.399997661669);
#1584 = AXIS2_PLACEMENT_3D('',#1585,#1586,#1587);
#1585 = CARTESIAN_POINT('',(0.750002338334,-0.250001543617,1.51));
#1586 = DIRECTION('',(0.,0.,-1.));
#1587 = DIRECTION('',(0.999999999993,3.859064505978E-06,0.));
#1588 = ADVANCED_FACE('',(#1589),#1614,.T.);
#1589 = FACE_BOUND('',#1590,.T.);
#1590 = EDGE_LOOP('',(#1591,#1592,#1600,#1608));
#1591 = ORIENTED_EDGE('',*,*,#1569,.T.);
#1592 = ORIENTED_EDGE('',*,*,#1593,.T.);
#1593 = EDGE_CURVE('',#1561,#1594,#1596,.T.);
#1594 = VERTEX_POINT('',#1595);
#1595 = CARTESIAN_POINT('',(-3.632427,-5.198112,1.545));
#1596 = LINE('',#1597,#1598);
#1597 = CARTESIAN_POINT('',(1.032843,-0.532843,1.545));
#1598 = VECTOR('',#1599,1.);
#1599 = DIRECTION('',(-0.707106856971,-0.707106705402,0.));
#1600 = ORIENTED_EDGE('',*,*,#1601,.F.);
#1601 = EDGE_CURVE('',#1602,#1594,#1604,.T.);
#1602 = VERTEX_POINT('',#1603);
#1603 = CARTESIAN_POINT('',(-3.632427,-5.198112,1.51));
#1604 = LINE('',#1605,#1606);
#1605 = CARTESIAN_POINT('',(-3.632427,-5.198112,1.51));
#1606 = VECTOR('',#1607,1.);
#1607 = DIRECTION('',(0.,0.,1.));
#1608 = ORIENTED_EDGE('',*,*,#1609,.F.);
#1609 = EDGE_CURVE('',#1570,#1602,#1610,.T.);
#1610 = LINE('',#1611,#1612);
#1611 = CARTESIAN_POINT('',(1.032843,-0.532843,1.51));
#1612 = VECTOR('',#1613,1.);
#1613 = DIRECTION('',(-0.707106856971,-0.707106705402,0.));
#1614 = PLANE('',#1615);
#1615 = AXIS2_PLACEMENT_3D('',#1616,#1617,#1618);
#1616 = CARTESIAN_POINT('',(1.032843,-0.532843,1.51));
#1617 = DIRECTION('',(0.707106705402,-0.707106856971,0.));
#1618 = DIRECTION('',(-0.707106856971,-0.707106705402,0.));
#1619 = ADVANCED_FACE('',(#1620),#1645,.T.);
#1620 = FACE_BOUND('',#1621,.T.);
#1621 = EDGE_LOOP('',(#1622,#1623,#1631,#1639));
#1622 = ORIENTED_EDGE('',*,*,#1601,.T.);
#1623 = ORIENTED_EDGE('',*,*,#1624,.T.);
#1624 = EDGE_CURVE('',#1594,#1625,#1627,.T.);
#1625 = VERTEX_POINT('',#1626);
#1626 = CARTESIAN_POINT('',(-3.646469,-5.170551,1.545));
#1627 = LINE('',#1628,#1629);
#1628 = CARTESIAN_POINT('',(-3.632427,-5.198112,1.545));
#1629 = VECTOR('',#1630,1.);
#1630 = DIRECTION('',(-0.453964040353,0.891020005424,0.));
#1631 = ORIENTED_EDGE('',*,*,#1632,.F.);
#1632 = EDGE_CURVE('',#1633,#1625,#1635,.T.);
#1633 = VERTEX_POINT('',#1634);
#1634 = CARTESIAN_POINT('',(-3.646469,-5.170551,1.51));
#1635 = LINE('',#1636,#1637);
#1636 = CARTESIAN_POINT('',(-3.646469,-5.170551,1.51));
#1637 = VECTOR('',#1638,1.);
#1638 = DIRECTION('',(0.,0.,1.));
#1639 = ORIENTED_EDGE('',*,*,#1640,.F.);
#1640 = EDGE_CURVE('',#1602,#1633,#1641,.T.);
#1641 = LINE('',#1642,#1643);
#1642 = CARTESIAN_POINT('',(-3.632427,-5.198112,1.51));
#1643 = VECTOR('',#1644,1.);
#1644 = DIRECTION('',(-0.453964040353,0.891020005424,0.));
#1645 = PLANE('',#1646);
#1646 = AXIS2_PLACEMENT_3D('',#1647,#1648,#1649);
#1647 = CARTESIAN_POINT('',(-3.632427,-5.198112,1.51));
#1648 = DIRECTION('',(-0.891020005424,-0.453964040353,0.));
#1649 = DIRECTION('',(-0.453964040353,0.891020005424,0.));
#1650 = ADVANCED_FACE('',(#1651),#1678,.F.);
#1651 = FACE_BOUND('',#1652,.T.);
#1652 = EDGE_LOOP('',(#1653,#1654,#1663,#1671));
#1653 = ORIENTED_EDGE('',*,*,#1632,.T.);
#1654 = ORIENTED_EDGE('',*,*,#1655,.T.);
#1655 = EDGE_CURVE('',#1625,#1656,#1658,.T.);
#1656 = VERTEX_POINT('',#1657);
#1657 = CARTESIAN_POINT('',(-4.170552,-4.646468,1.545));
#1658 = CIRCLE('',#1659,1.587433464562);
#1659 = AXIS2_PLACEMENT_3D('',#1660,#1661,#1662);
#1660 = CARTESIAN_POINT('',(-4.99998049706,-5.99997949706,1.545));
#1661 = DIRECTION('',(0.,0.,1.));
#1662 = DIRECTION('',(0.85264140342,0.522496542738,-0.));
#1663 = ORIENTED_EDGE('',*,*,#1664,.F.);
#1664 = EDGE_CURVE('',#1665,#1656,#1667,.T.);
#1665 = VERTEX_POINT('',#1666);
#1666 = CARTESIAN_POINT('',(-4.170552,-4.646468,1.51));
#1667 = LINE('',#1668,#1669);
#1668 = CARTESIAN_POINT('',(-4.170552,-4.646468,1.51));
#1669 = VECTOR('',#1670,1.);
#1670 = DIRECTION('',(0.,0.,1.));
#1671 = ORIENTED_EDGE('',*,*,#1672,.F.);
#1672 = EDGE_CURVE('',#1633,#1665,#1673,.T.);
#1673 = CIRCLE('',#1674,1.587433464562);
#1674 = AXIS2_PLACEMENT_3D('',#1675,#1676,#1677);
#1675 = CARTESIAN_POINT('',(-4.99998049706,-5.99997949706,1.51));
#1676 = DIRECTION('',(0.,0.,1.));
#1677 = DIRECTION('',(0.85264140342,0.522496542738,-0.));
#1678 = CYLINDRICAL_SURFACE('',#1679,1.587433464562);
#1679 = AXIS2_PLACEMENT_3D('',#1680,#1681,#1682);
#1680 = CARTESIAN_POINT('',(-4.99998049706,-5.99997949706,1.51));
#1681 = DIRECTION('',(-0.,-0.,-1.));
#1682 = DIRECTION('',(0.85264140342,0.522496542738,-0.));
#1683 = ADVANCED_FACE('',(#1684),#1709,.T.);
#1684 = FACE_BOUND('',#1685,.T.);
#1685 = EDGE_LOOP('',(#1686,#1687,#1695,#1703));
#1686 = ORIENTED_EDGE('',*,*,#1664,.T.);
#1687 = ORIENTED_EDGE('',*,*,#1688,.T.);
#1688 = EDGE_CURVE('',#1656,#1689,#1691,.T.);
#1689 = VERTEX_POINT('',#1690);
#1690 = CARTESIAN_POINT('',(-4.198112,-4.632425,1.545));
#1691 = LINE('',#1692,#1693);
#1692 = CARTESIAN_POINT('',(-4.170552,-4.646468,1.545));
#1693 = VECTOR('',#1694,1.);
#1694 = DIRECTION('',(-0.891000265034,0.454002783812,0.));
#1695 = ORIENTED_EDGE('',*,*,#1696,.F.);
#1696 = EDGE_CURVE('',#1697,#1689,#1699,.T.);
#1697 = VERTEX_POINT('',#1698);
#1698 = CARTESIAN_POINT('',(-4.198112,-4.632425,1.51));
#1699 = LINE('',#1700,#1701);
#1700 = CARTESIAN_POINT('',(-4.198112,-4.632425,1.51));
#1701 = VECTOR('',#1702,1.);
#1702 = DIRECTION('',(0.,0.,1.));
#1703 = ORIENTED_EDGE('',*,*,#1704,.F.);
#1704 = EDGE_CURVE('',#1665,#1697,#1705,.T.);
#1705 = LINE('',#1706,#1707);
#1706 = CARTESIAN_POINT('',(-4.170552,-4.646468,1.51));
#1707 = VECTOR('',#1708,1.);
#1708 = DIRECTION('',(-0.891000265034,0.454002783812,0.));
#1709 = PLANE('',#1710);
#1710 = AXIS2_PLACEMENT_3D('',#1711,#1712,#1713);
#1711 = CARTESIAN_POINT('',(-4.170552,-4.646468,1.51));
#1712 = DIRECTION('',(-0.454002783812,-0.891000265034,0.));
#1713 = DIRECTION('',(-0.891000265034,0.454002783812,0.));
#1714 = ADVANCED_FACE('',(#1715),#1740,.T.);
#1715 = FACE_BOUND('',#1716,.T.);
#1716 = EDGE_LOOP('',(#1717,#1718,#1726,#1734));
#1717 = ORIENTED_EDGE('',*,*,#1696,.T.);
#1718 = ORIENTED_EDGE('',*,*,#1719,.T.);
#1719 = EDGE_CURVE('',#1689,#1720,#1722,.T.);
#1720 = VERTEX_POINT('',#1721);
#1721 = CARTESIAN_POINT('',(0.35,-8.4314E-02,1.545));
#1722 = LINE('',#1723,#1724);
#1723 = CARTESIAN_POINT('',(-4.198112,-4.632425,1.545));
#1724 = VECTOR('',#1725,1.);
#1725 = DIRECTION('',(0.707106858923,0.70710670345,0.));
#1726 = ORIENTED_EDGE('',*,*,#1727,.F.);
#1727 = EDGE_CURVE('',#1728,#1720,#1730,.T.);
#1728 = VERTEX_POINT('',#1729);
#1729 = CARTESIAN_POINT('',(0.35,-8.4314E-02,1.51));
#1730 = LINE('',#1731,#1732);
#1731 = CARTESIAN_POINT('',(0.35,-8.4314E-02,1.51));
#1732 = VECTOR('',#1733,1.);
#1733 = DIRECTION('',(0.,0.,1.));
#1734 = ORIENTED_EDGE('',*,*,#1735,.F.);
#1735 = EDGE_CURVE('',#1697,#1728,#1736,.T.);
#1736 = LINE('',#1737,#1738);
#1737 = CARTESIAN_POINT('',(-4.198112,-4.632425,1.51));
#1738 = VECTOR('',#1739,1.);
#1739 = DIRECTION('',(0.707106858923,0.70710670345,0.));
#1740 = PLANE('',#1741);
#1741 = AXIS2_PLACEMENT_3D('',#1742,#1743,#1744);
#1742 = CARTESIAN_POINT('',(-4.198112,-4.632425,1.51));
#1743 = DIRECTION('',(-0.70710670345,0.707106858923,0.));
#1744 = DIRECTION('',(0.707106858923,0.70710670345,0.));
#1745 = ADVANCED_FACE('',(#1746),#1771,.T.);
#1746 = FACE_BOUND('',#1747,.T.);
#1747 = EDGE_LOOP('',(#1748,#1749,#1757,#1765));
#1748 = ORIENTED_EDGE('',*,*,#1727,.T.);
#1749 = ORIENTED_EDGE('',*,*,#1750,.T.);
#1750 = EDGE_CURVE('',#1720,#1751,#1753,.T.);
#1751 = VERTEX_POINT('',#1752);
#1752 = CARTESIAN_POINT('',(0.35,8.5,1.545));
#1753 = LINE('',#1754,#1755);
#1754 = CARTESIAN_POINT('',(0.35,-8.4314E-02,1.545));
#1755 = VECTOR('',#1756,1.);
#1756 = DIRECTION('',(0.,1.,0.));
#1757 = ORIENTED_EDGE('',*,*,#1758,.F.);
#1758 = EDGE_CURVE('',#1759,#1751,#1761,.T.);
#1759 = VERTEX_POINT('',#1760);
#1760 = CARTESIAN_POINT('',(0.35,8.5,1.51));
#1761 = LINE('',#1762,#1763);
#1762 = CARTESIAN_POINT('',(0.35,8.5,1.51));
#1763 = VECTOR('',#1764,1.);
#1764 = DIRECTION('',(0.,0.,1.));
#1765 = ORIENTED_EDGE('',*,*,#1766,.F.);
#1766 = EDGE_CURVE('',#1728,#1759,#1767,.T.);
#1767 = LINE('',#1768,#1769);
#1768 = CARTESIAN_POINT('',(0.35,-8.4314E-02,1.51));
#1769 = VECTOR('',#1770,1.);
#1770 = DIRECTION('',(0.,1.,0.));
#1771 = PLANE('',#1772);
#1772 = AXIS2_PLACEMENT_3D('',#1773,#1774,#1775);
#1773 = CARTESIAN_POINT('',(0.35,-8.4314E-02,1.51));
#1774 = DIRECTION('',(-1.,0.,0.));
#1775 = DIRECTION('',(0.,1.,0.));
#1776 = ADVANCED_FACE('',(#1777),#1804,.T.);
#1777 = FACE_BOUND('',#1778,.T.);
#1778 = EDGE_LOOP('',(#1779,#1780,#1789,#1797));
#1779 = ORIENTED_EDGE('',*,*,#1758,.T.);
#1780 = ORIENTED_EDGE('',*,*,#1781,.T.);
#1781 = EDGE_CURVE('',#1751,#1782,#1784,.T.);
#1782 = VERTEX_POINT('',#1783);
#1783 = CARTESIAN_POINT('',(0.467157,8.782843,1.545));
#1784 = CIRCLE('',#1785,0.399997661669);
#1785 = AXIS2_PLACEMENT_3D('',#1786,#1787,#1788);
#1786 = CARTESIAN_POINT('',(0.749997661666,8.500001543617,1.545));
#1787 = DIRECTION('',(0.,0.,-1.));
#1788 = DIRECTION('',(-0.999999999993,-3.859064503203E-06,-0.));
#1789 = ORIENTED_EDGE('',*,*,#1790,.F.);
#1790 = EDGE_CURVE('',#1791,#1782,#1793,.T.);
#1791 = VERTEX_POINT('',#1792);
#1792 = CARTESIAN_POINT('',(0.467157,8.782843,1.51));
#1793 = LINE('',#1794,#1795);
#1794 = CARTESIAN_POINT('',(0.467157,8.782843,1.51));
#1795 = VECTOR('',#1796,1.);
#1796 = DIRECTION('',(0.,0.,1.));
#1797 = ORIENTED_EDGE('',*,*,#1798,.F.);
#1798 = EDGE_CURVE('',#1759,#1791,#1799,.T.);
#1799 = CIRCLE('',#1800,0.399997661669);
#1800 = AXIS2_PLACEMENT_3D('',#1801,#1802,#1803);
#1801 = CARTESIAN_POINT('',(0.749997661666,8.500001543617,1.51));
#1802 = DIRECTION('',(0.,0.,-1.));
#1803 = DIRECTION('',(-0.999999999993,-3.859064503203E-06,-0.));
#1804 = CYLINDRICAL_SURFACE('',#1805,0.399997661669);
#1805 = AXIS2_PLACEMENT_3D('',#1806,#1807,#1808);
#1806 = CARTESIAN_POINT('',(0.749997661666,8.500001543617,1.51));
#1807 = DIRECTION('',(0.,0.,-1.));
#1808 = DIRECTION('',(-0.999999999993,-3.859064503203E-06,-0.));
#1809 = ADVANCED_FACE('',(#1810),#1835,.T.);
#1810 = FACE_BOUND('',#1811,.T.);
#1811 = EDGE_LOOP('',(#1812,#1813,#1821,#1829));
#1812 = ORIENTED_EDGE('',*,*,#1790,.T.);
#1813 = ORIENTED_EDGE('',*,*,#1814,.T.);
#1814 = EDGE_CURVE('',#1782,#1815,#1817,.T.);
#1815 = VERTEX_POINT('',#1816);
#1816 = CARTESIAN_POINT('',(0.967157,9.282843,1.545));
#1817 = LINE('',#1818,#1819);
#1818 = CARTESIAN_POINT('',(0.467157,8.782843,1.545));
#1819 = VECTOR('',#1820,1.);
#1820 = DIRECTION('',(0.707106781187,0.707106781187,0.));
#1821 = ORIENTED_EDGE('',*,*,#1822,.F.);
#1822 = EDGE_CURVE('',#1823,#1815,#1825,.T.);
#1823 = VERTEX_POINT('',#1824);
#1824 = CARTESIAN_POINT('',(0.967157,9.282843,1.51));
#1825 = LINE('',#1826,#1827);
#1826 = CARTESIAN_POINT('',(0.967157,9.282843,1.51));
#1827 = VECTOR('',#1828,1.);
#1828 = DIRECTION('',(0.,0.,1.));
#1829 = ORIENTED_EDGE('',*,*,#1830,.F.);
#1830 = EDGE_CURVE('',#1791,#1823,#1831,.T.);
#1831 = LINE('',#1832,#1833);
#1832 = CARTESIAN_POINT('',(0.467157,8.782843,1.51));
#1833 = VECTOR('',#1834,1.);
#1834 = DIRECTION('',(0.707106781187,0.707106781187,0.));
#1835 = PLANE('',#1836);
#1836 = AXIS2_PLACEMENT_3D('',#1837,#1838,#1839);
#1837 = CARTESIAN_POINT('',(0.467157,8.782843,1.51));
#1838 = DIRECTION('',(-0.707106781187,0.707106781187,0.));
#1839 = DIRECTION('',(0.707106781187,0.707106781187,0.));
#1840 = ADVANCED_FACE('',(#1841),#1866,.T.);
#1841 = FACE_BOUND('',#1842,.T.);
#1842 = EDGE_LOOP('',(#1843,#1844,#1852,#1860));
#1843 = ORIENTED_EDGE('',*,*,#1822,.T.);
#1844 = ORIENTED_EDGE('',*,*,#1845,.T.);
#1845 = EDGE_CURVE('',#1815,#1846,#1848,.T.);
#1846 = VERTEX_POINT('',#1847);
#1847 = CARTESIAN_POINT('',(1.006495,9.317341,1.545));
#1848 = LINE('',#1849,#1850);
#1849 = CARTESIAN_POINT('',(0.967157,9.282843,1.545));
#1850 = VECTOR('',#1851,1.);
#1851 = DIRECTION('',(0.751844545647,0.659340412216,0.));
#1852 = ORIENTED_EDGE('',*,*,#1853,.F.);
#1853 = EDGE_CURVE('',#1854,#1846,#1856,.T.);
#1854 = VERTEX_POINT('',#1855);
#1855 = CARTESIAN_POINT('',(1.006495,9.317341,1.51));
#1856 = LINE('',#1857,#1858);
#1857 = CARTESIAN_POINT('',(1.006495,9.317341,1.51));
#1858 = VECTOR('',#1859,1.);
#1859 = DIRECTION('',(0.,0.,1.));
#1860 = ORIENTED_EDGE('',*,*,#1861,.F.);
#1861 = EDGE_CURVE('',#1823,#1854,#1862,.T.);
#1862 = LINE('',#1863,#1864);
#1863 = CARTESIAN_POINT('',(0.967157,9.282843,1.51));
#1864 = VECTOR('',#1865,1.);
#1865 = DIRECTION('',(0.751844545647,0.659340412216,0.));
#1866 = PLANE('',#1867);
#1867 = AXIS2_PLACEMENT_3D('',#1868,#1869,#1870);
#1868 = CARTESIAN_POINT('',(0.967157,9.282843,1.51));
#1869 = DIRECTION('',(-0.659340412216,0.751844545647,0.));
#1870 = DIRECTION('',(0.751844545647,0.659340412216,0.));
#1871 = ADVANCED_FACE('',(#1872),#1888,.T.);
#1872 = FACE_BOUND('',#1873,.T.);
#1873 = EDGE_LOOP('',(#1874,#1875,#1881,#1882));
#1874 = ORIENTED_EDGE('',*,*,#1853,.T.);
#1875 = ORIENTED_EDGE('',*,*,#1876,.T.);
#1876 = EDGE_CURVE('',#1846,#1332,#1877,.T.);
#1877 = LINE('',#1878,#1879);
#1878 = CARTESIAN_POINT('',(1.006495,9.317341,1.545));
#1879 = VECTOR('',#1880,1.);
#1880 = DIRECTION('',(0.866022758918,0.500004581016,0.));
#1881 = ORIENTED_EDGE('',*,*,#1329,.F.);
#1882 = ORIENTED_EDGE('',*,*,#1883,.F.);
#1883 = EDGE_CURVE('',#1854,#1330,#1884,.T.);
#1884 = LINE('',#1885,#1886);
#1885 = CARTESIAN_POINT('',(1.006495,9.317341,1.51));
#1886 = VECTOR('',#1887,1.);
#1887 = DIRECTION('',(0.866022758918,0.500004581016,0.));
#1888 = PLANE('',#1889);
#1889 = AXIS2_PLACEMENT_3D('',#1890,#1891,#1892);
#1890 = CARTESIAN_POINT('',(1.006495,9.317341,1.51));
#1891 = DIRECTION('',(-0.500004581016,0.866022758918,0.));
#1892 = DIRECTION('',(0.866022758918,0.500004581016,0.));
#1893 = ADVANCED_FACE('',(#1894),#1914,.F.);
#1894 = FACE_BOUND('',#1895,.T.);
#1895 = EDGE_LOOP('',(#1896,#1897,#1898,#1899,#1900,#1901,#1902,#1903,
    #1904,#1905,#1906,#1907,#1908,#1909,#1910,#1911,#1912,#1913));
#1896 = ORIENTED_EDGE('',*,*,#1356,.T.);
#1897 = ORIENTED_EDGE('',*,*,#1388,.T.);
#1898 = ORIENTED_EDGE('',*,*,#1419,.T.);
#1899 = ORIENTED_EDGE('',*,*,#1450,.T.);
#1900 = ORIENTED_EDGE('',*,*,#1482,.T.);
#1901 = ORIENTED_EDGE('',*,*,#1514,.T.);
#1902 = ORIENTED_EDGE('',*,*,#1545,.T.);
#1903 = ORIENTED_EDGE('',*,*,#1577,.T.);
#1904 = ORIENTED_EDGE('',*,*,#1609,.T.);
#1905 = ORIENTED_EDGE('',*,*,#1640,.T.);
#1906 = ORIENTED_EDGE('',*,*,#1672,.T.);
#1907 = ORIENTED_EDGE('',*,*,#1704,.T.);
#1908 = ORIENTED_EDGE('',*,*,#1735,.T.);
#1909 = ORIENTED_EDGE('',*,*,#1766,.T.);
#1910 = ORIENTED_EDGE('',*,*,#1798,.T.);
#1911 = ORIENTED_EDGE('',*,*,#1830,.T.);
#1912 = ORIENTED_EDGE('',*,*,#1861,.T.);
#1913 = ORIENTED_EDGE('',*,*,#1883,.T.);
#1914 = PLANE('',#1915);
#1915 = AXIS2_PLACEMENT_3D('',#1916,#1917,#1918);
#1916 = CARTESIAN_POINT('',(0.,0.,1.51));
#1917 = DIRECTION('',(0.,0.,1.));
#1918 = DIRECTION('',(1.,0.,-0.));
#1919 = ADVANCED_FACE('',(#1920),#1940,.T.);
#1920 = FACE_BOUND('',#1921,.F.);
#1921 = EDGE_LOOP('',(#1922,#1923,#1924,#1925,#1926,#1927,#1928,#1929,
    #1930,#1931,#1932,#1933,#1934,#1935,#1936,#1937,#1938,#1939));
#1922 = ORIENTED_EDGE('',*,*,#1339,.T.);
#1923 = ORIENTED_EDGE('',*,*,#1372,.T.);
#1924 = ORIENTED_EDGE('',*,*,#1403,.T.);
#1925 = ORIENTED_EDGE('',*,*,#1434,.T.);
#1926 = ORIENTED_EDGE('',*,*,#1465,.T.);
#1927 = ORIENTED_EDGE('',*,*,#1498,.T.);
#1928 = ORIENTED_EDGE('',*,*,#1529,.T.);
#1929 = ORIENTED_EDGE('',*,*,#1560,.T.);
#1930 = ORIENTED_EDGE('',*,*,#1593,.T.);
#1931 = ORIENTED_EDGE('',*,*,#1624,.T.);
#1932 = ORIENTED_EDGE('',*,*,#1655,.T.);
#1933 = ORIENTED_EDGE('',*,*,#1688,.T.);
#1934 = ORIENTED_EDGE('',*,*,#1719,.T.);
#1935 = ORIENTED_EDGE('',*,*,#1750,.T.);
#1936 = ORIENTED_EDGE('',*,*,#1781,.T.);
#1937 = ORIENTED_EDGE('',*,*,#1814,.T.);
#1938 = ORIENTED_EDGE('',*,*,#1845,.T.);
#1939 = ORIENTED_EDGE('',*,*,#1876,.T.);
#1940 = PLANE('',#1941);
#1941 = AXIS2_PLACEMENT_3D('',#1942,#1943,#1944);
#1942 = CARTESIAN_POINT('',(0.,0.,1.545));
#1943 = DIRECTION('',(0.,0.,1.));
#1944 = DIRECTION('',(1.,0.,-0.));
#1945 = MANIFOLD_SOLID_BREP('',#1946);
#1946 = CLOSED_SHELL('',(#1947,#1987,#2020,#2051,#2082,#2115,#2137,#2170
    ,#2187));
#1947 = ADVANCED_FACE('',(#1948),#1982,.T.);
#1948 = FACE_BOUND('',#1949,.T.);
#1949 = EDGE_LOOP('',(#1950,#1960,#1968,#1976));
#1950 = ORIENTED_EDGE('',*,*,#1951,.T.);
#1951 = EDGE_CURVE('',#1952,#1954,#1956,.T.);
#1952 = VERTEX_POINT('',#1953);
#1953 = CARTESIAN_POINT('',(7.95,11.464782,1.51));
#1954 = VERTEX_POINT('',#1955);
#1955 = CARTESIAN_POINT('',(7.95,11.464782,1.545));
#1956 = LINE('',#1957,#1958);
#1957 = CARTESIAN_POINT('',(7.95,11.464782,1.51));
#1958 = VECTOR('',#1959,1.);
#1959 = DIRECTION('',(0.,0.,1.));
#1960 = ORIENTED_EDGE('',*,*,#1961,.T.);
#1961 = EDGE_CURVE('',#1954,#1962,#1964,.T.);
#1962 = VERTEX_POINT('',#1963);
#1963 = CARTESIAN_POINT('',(7.95,10.25,1.545));
#1964 = LINE('',#1965,#1966);
#1965 = CARTESIAN_POINT('',(7.95,11.464782,1.545));
#1966 = VECTOR('',#1967,1.);
#1967 = DIRECTION('',(0.,-1.,0.));
#1968 = ORIENTED_EDGE('',*,*,#1969,.F.);
#1969 = EDGE_CURVE('',#1970,#1962,#1972,.T.);
#1970 = VERTEX_POINT('',#1971);
#1971 = CARTESIAN_POINT('',(7.95,10.25,1.51));
#1972 = LINE('',#1973,#1974);
#1973 = CARTESIAN_POINT('',(7.95,10.25,1.51));
#1974 = VECTOR('',#1975,1.);
#1975 = DIRECTION('',(0.,0.,1.));
#1976 = ORIENTED_EDGE('',*,*,#1977,.F.);
#1977 = EDGE_CURVE('',#1952,#1970,#1978,.T.);
#1978 = LINE('',#1979,#1980);
#1979 = CARTESIAN_POINT('',(7.95,11.464782,1.51));
#1980 = VECTOR('',#1981,1.);
#1981 = DIRECTION('',(0.,-1.,0.));
#1982 = PLANE('',#1983);
#1983 = AXIS2_PLACEMENT_3D('',#1984,#1985,#1986);
#1984 = CARTESIAN_POINT('',(7.95,11.464782,1.51));
#1985 = DIRECTION('',(1.,0.,-0.));
#1986 = DIRECTION('',(0.,-1.,0.));
#1987 = ADVANCED_FACE('',(#1988),#2015,.T.);
#1988 = FACE_BOUND('',#1989,.T.);
#1989 = EDGE_LOOP('',(#1990,#1991,#2000,#2008));
#1990 = ORIENTED_EDGE('',*,*,#1969,.T.);
#1991 = ORIENTED_EDGE('',*,*,#1992,.T.);
#1992 = EDGE_CURVE('',#1962,#1993,#1995,.T.);
#1993 = VERTEX_POINT('',#1994);
#1994 = CARTESIAN_POINT('',(7.55,10.25,1.545));
#1995 = CIRCLE('',#1996,0.2);
#1996 = AXIS2_PLACEMENT_3D('',#1997,#1998,#1999);
#1997 = CARTESIAN_POINT('',(7.75,10.250000068891,1.545));
#1998 = DIRECTION('',(-0.,0.,-1.));
#1999 = DIRECTION('',(1.,-3.444562324262E-07,-0.));
#2000 = ORIENTED_EDGE('',*,*,#2001,.F.);
#2001 = EDGE_CURVE('',#2002,#1993,#2004,.T.);
#2002 = VERTEX_POINT('',#2003);
#2003 = CARTESIAN_POINT('',(7.55,10.25,1.51));
#2004 = LINE('',#2005,#2006);
#2005 = CARTESIAN_POINT('',(7.55,10.25,1.51));
#2006 = VECTOR('',#2007,1.);
#2007 = DIRECTION('',(0.,0.,1.));
#2008 = ORIENTED_EDGE('',*,*,#2009,.F.);
#2009 = EDGE_CURVE('',#1970,#2002,#2010,.T.);
#2010 = CIRCLE('',#2011,0.2);
#2011 = AXIS2_PLACEMENT_3D('',#2012,#2013,#2014);
#2012 = CARTESIAN_POINT('',(7.75,10.250000068891,1.51));
#2013 = DIRECTION('',(-0.,0.,-1.));
#2014 = DIRECTION('',(1.,-3.444562324262E-07,-0.));
#2015 = CYLINDRICAL_SURFACE('',#2016,0.2);
#2016 = AXIS2_PLACEMENT_3D('',#2017,#2018,#2019);
#2017 = CARTESIAN_POINT('',(7.75,10.250000068891,1.51));
#2018 = DIRECTION('',(-0.,0.,-1.));
#2019 = DIRECTION('',(1.,-3.444562324262E-07,-0.));
#2020 = ADVANCED_FACE('',(#2021),#2046,.T.);
#2021 = FACE_BOUND('',#2022,.T.);
#2022 = EDGE_LOOP('',(#2023,#2024,#2032,#2040));
#2023 = ORIENTED_EDGE('',*,*,#2001,.T.);
#2024 = ORIENTED_EDGE('',*,*,#2025,.T.);
#2025 = EDGE_CURVE('',#1993,#2026,#2028,.T.);
#2026 = VERTEX_POINT('',#2027);
#2027 = CARTESIAN_POINT('',(7.55,11.464782,1.545));
#2028 = LINE('',#2029,#2030);
#2029 = CARTESIAN_POINT('',(7.55,10.25,1.545));
#2030 = VECTOR('',#2031,1.);
#2031 = DIRECTION('',(0.,1.,0.));
#2032 = ORIENTED_EDGE('',*,*,#2033,.F.);
#2033 = EDGE_CURVE('',#2034,#2026,#2036,.T.);
#2034 = VERTEX_POINT('',#2035);
#2035 = CARTESIAN_POINT('',(7.55,11.464782,1.51));
#2036 = LINE('',#2037,#2038);
#2037 = CARTESIAN_POINT('',(7.55,11.464782,1.51));
#2038 = VECTOR('',#2039,1.);
#2039 = DIRECTION('',(0.,0.,1.));
#2040 = ORIENTED_EDGE('',*,*,#2041,.F.);
#2041 = EDGE_CURVE('',#2002,#2034,#2042,.T.);
#2042 = LINE('',#2043,#2044);
#2043 = CARTESIAN_POINT('',(7.55,10.25,1.51));
#2044 = VECTOR('',#2045,1.);
#2045 = DIRECTION('',(0.,1.,0.));
#2046 = PLANE('',#2047);
#2047 = AXIS2_PLACEMENT_3D('',#2048,#2049,#2050);
#2048 = CARTESIAN_POINT('',(7.55,10.25,1.51));
#2049 = DIRECTION('',(-1.,0.,0.));
#2050 = DIRECTION('',(0.,1.,0.));
#2051 = ADVANCED_FACE('',(#2052),#2077,.T.);
#2052 = FACE_BOUND('',#2053,.T.);
#2053 = EDGE_LOOP('',(#2054,#2055,#2063,#2071));
#2054 = ORIENTED_EDGE('',*,*,#2033,.T.);
#2055 = ORIENTED_EDGE('',*,*,#2056,.T.);
#2056 = EDGE_CURVE('',#2026,#2057,#2059,.T.);
#2057 = VERTEX_POINT('',#2058);
#2058 = CARTESIAN_POINT('',(7.536933,11.472326,1.545));
#2059 = LINE('',#2060,#2061);
#2060 = CARTESIAN_POINT('',(7.55,11.464782,1.545));
#2061 = VECTOR('',#2062,1.);
#2062 = DIRECTION('',(-0.866032175612,0.499988270668,0.));
#2063 = ORIENTED_EDGE('',*,*,#2064,.F.);
#2064 = EDGE_CURVE('',#2065,#2057,#2067,.T.);
#2065 = VERTEX_POINT('',#2066);
#2066 = CARTESIAN_POINT('',(7.536933,11.472326,1.51));
#2067 = LINE('',#2068,#2069);
#2068 = CARTESIAN_POINT('',(7.536933,11.472326,1.51));
#2069 = VECTOR('',#2070,1.);
#2070 = DIRECTION('',(0.,0.,1.));
#2071 = ORIENTED_EDGE('',*,*,#2072,.F.);
#2072 = EDGE_CURVE('',#2034,#2065,#2073,.T.);
#2073 = LINE('',#2074,#2075);
#2074 = CARTESIAN_POINT('',(7.55,11.464782,1.51));
#2075 = VECTOR('',#2076,1.);
#2076 = DIRECTION('',(-0.866032175612,0.499988270668,0.));
#2077 = PLANE('',#2078);
#2078 = AXIS2_PLACEMENT_3D('',#2079,#2080,#2081);
#2079 = CARTESIAN_POINT('',(7.55,11.464782,1.51));
#2080 = DIRECTION('',(-0.499988270668,-0.866032175612,0.));
#2081 = DIRECTION('',(-0.866032175612,0.499988270668,0.));
#2082 = ADVANCED_FACE('',(#2083),#2110,.T.);
#2083 = FACE_BOUND('',#2084,.T.);
#2084 = EDGE_LOOP('',(#2085,#2086,#2095,#2103));
#2085 = ORIENTED_EDGE('',*,*,#2064,.T.);
#2086 = ORIENTED_EDGE('',*,*,#2087,.T.);
#2087 = EDGE_CURVE('',#2057,#2088,#2090,.T.);
#2088 = VERTEX_POINT('',#2089);
#2089 = CARTESIAN_POINT('',(7.963067,11.472326,1.545));
#2090 = CIRCLE('',#2091,0.350000315481);
#2091 = AXIS2_PLACEMENT_3D('',#2092,#2093,#2094);
#2092 = CARTESIAN_POINT('',(7.75,11.74999968321,1.545));
#2093 = DIRECTION('',(0.,0.,-1.));
#2094 = DIRECTION('',(-0.608762308421,-0.793352665494,-0.));
#2095 = ORIENTED_EDGE('',*,*,#2096,.F.);
#2096 = EDGE_CURVE('',#2097,#2088,#2099,.T.);
#2097 = VERTEX_POINT('',#2098);
#2098 = CARTESIAN_POINT('',(7.963067,11.472326,1.51));
#2099 = LINE('',#2100,#2101);
#2100 = CARTESIAN_POINT('',(7.963067,11.472326,1.51));
#2101 = VECTOR('',#2102,1.);
#2102 = DIRECTION('',(0.,0.,1.));
#2103 = ORIENTED_EDGE('',*,*,#2104,.F.);
#2104 = EDGE_CURVE('',#2065,#2097,#2105,.T.);
#2105 = CIRCLE('',#2106,0.350000315481);
#2106 = AXIS2_PLACEMENT_3D('',#2107,#2108,#2109);
#2107 = CARTESIAN_POINT('',(7.75,11.74999968321,1.51));
#2108 = DIRECTION('',(0.,0.,-1.));
#2109 = DIRECTION('',(-0.608762308421,-0.793352665494,-0.));
#2110 = CYLINDRICAL_SURFACE('',#2111,0.350000315481);
#2111 = AXIS2_PLACEMENT_3D('',#2112,#2113,#2114);
#2112 = CARTESIAN_POINT('',(7.75,11.74999968321,1.51));
#2113 = DIRECTION('',(0.,0.,-1.));
#2114 = DIRECTION('',(-0.608762308421,-0.793352665494,-0.));
#2115 = ADVANCED_FACE('',(#2116),#2132,.T.);
#2116 = FACE_BOUND('',#2117,.T.);
#2117 = EDGE_LOOP('',(#2118,#2119,#2125,#2126));
#2118 = ORIENTED_EDGE('',*,*,#2096,.T.);
#2119 = ORIENTED_EDGE('',*,*,#2120,.T.);
#2120 = EDGE_CURVE('',#2088,#1954,#2121,.T.);
#2121 = LINE('',#2122,#2123);
#2122 = CARTESIAN_POINT('',(7.963067,11.472326,1.545));
#2123 = VECTOR('',#2124,1.);
#2124 = DIRECTION('',(-0.866032175612,-0.499988270668,0.));
#2125 = ORIENTED_EDGE('',*,*,#1951,.F.);
#2126 = ORIENTED_EDGE('',*,*,#2127,.F.);
#2127 = EDGE_CURVE('',#2097,#1952,#2128,.T.);
#2128 = LINE('',#2129,#2130);
#2129 = CARTESIAN_POINT('',(7.963067,11.472326,1.51));
#2130 = VECTOR('',#2131,1.);
#2131 = DIRECTION('',(-0.866032175612,-0.499988270668,0.));
#2132 = PLANE('',#2133);
#2133 = AXIS2_PLACEMENT_3D('',#2134,#2135,#2136);
#2134 = CARTESIAN_POINT('',(7.963067,11.472326,1.51));
#2135 = DIRECTION('',(0.499988270668,-0.866032175612,0.));
#2136 = DIRECTION('',(-0.866032175612,-0.499988270668,0.));
#2137 = ADVANCED_FACE('',(#2138),#2165,.F.);
#2138 = FACE_BOUND('',#2139,.T.);
#2139 = EDGE_LOOP('',(#2140,#2150,#2157,#2158));
#2140 = ORIENTED_EDGE('',*,*,#2141,.T.);
#2141 = EDGE_CURVE('',#2142,#2144,#2146,.T.);
#2142 = VERTEX_POINT('',#2143);
#2143 = CARTESIAN_POINT('',(7.937254,11.75,1.51));
#2144 = VERTEX_POINT('',#2145);
#2145 = CARTESIAN_POINT('',(7.937254,11.75,1.545));
#2146 = LINE('',#2147,#2148);
#2147 = CARTESIAN_POINT('',(7.937254,11.75,1.51));
#2148 = VECTOR('',#2149,1.);
#2149 = DIRECTION('',(0.,0.,1.));
#2150 = ORIENTED_EDGE('',*,*,#2151,.T.);
#2151 = EDGE_CURVE('',#2144,#2144,#2152,.T.);
#2152 = CIRCLE('',#2153,0.187254);
#2153 = AXIS2_PLACEMENT_3D('',#2154,#2155,#2156);
#2154 = CARTESIAN_POINT('',(7.75,11.75,1.545));
#2155 = DIRECTION('',(0.,0.,1.));
#2156 = DIRECTION('',(1.,0.,-0.));
#2157 = ORIENTED_EDGE('',*,*,#2141,.F.);
#2158 = ORIENTED_EDGE('',*,*,#2159,.F.);
#2159 = EDGE_CURVE('',#2142,#2142,#2160,.T.);
#2160 = CIRCLE('',#2161,0.187254);
#2161 = AXIS2_PLACEMENT_3D('',#2162,#2163,#2164);
#2162 = CARTESIAN_POINT('',(7.75,11.75,1.51));
#2163 = DIRECTION('',(0.,0.,1.));
#2164 = DIRECTION('',(1.,0.,-0.));
#2165 = CYLINDRICAL_SURFACE('',#2166,0.187254);
#2166 = AXIS2_PLACEMENT_3D('',#2167,#2168,#2169);
#2167 = CARTESIAN_POINT('',(7.75,11.75,1.51));
#2168 = DIRECTION('',(-0.,-0.,-1.));
#2169 = DIRECTION('',(1.,0.,-0.));
#2170 = ADVANCED_FACE('',(#2171,#2179),#2182,.F.);
#2171 = FACE_BOUND('',#2172,.T.);
#2172 = EDGE_LOOP('',(#2173,#2174,#2175,#2176,#2177,#2178));
#2173 = ORIENTED_EDGE('',*,*,#1977,.T.);
#2174 = ORIENTED_EDGE('',*,*,#2009,.T.);
#2175 = ORIENTED_EDGE('',*,*,#2041,.T.);
#2176 = ORIENTED_EDGE('',*,*,#2072,.T.);
#2177 = ORIENTED_EDGE('',*,*,#2104,.T.);
#2178 = ORIENTED_EDGE('',*,*,#2127,.T.);
#2179 = FACE_BOUND('',#2180,.T.);
#2180 = EDGE_LOOP('',(#2181));
#2181 = ORIENTED_EDGE('',*,*,#2159,.T.);
#2182 = PLANE('',#2183);
#2183 = AXIS2_PLACEMENT_3D('',#2184,#2185,#2186);
#2184 = CARTESIAN_POINT('',(0.,0.,1.51));
#2185 = DIRECTION('',(0.,0.,1.));
#2186 = DIRECTION('',(1.,0.,-0.));
#2187 = ADVANCED_FACE('',(#2188,#2196),#2199,.T.);
#2188 = FACE_BOUND('',#2189,.F.);
#2189 = EDGE_LOOP('',(#2190,#2191,#2192,#2193,#2194,#2195));
#2190 = ORIENTED_EDGE('',*,*,#1961,.T.);
#2191 = ORIENTED_EDGE('',*,*,#1992,.T.);
#2192 = ORIENTED_EDGE('',*,*,#2025,.T.);
#2193 = ORIENTED_EDGE('',*,*,#2056,.T.);
#2194 = ORIENTED_EDGE('',*,*,#2087,.T.);
#2195 = ORIENTED_EDGE('',*,*,#2120,.T.);
#2196 = FACE_BOUND('',#2197,.F.);
#2197 = EDGE_LOOP('',(#2198));
#2198 = ORIENTED_EDGE('',*,*,#2151,.T.);
#2199 = PLANE('',#2200);
#2200 = AXIS2_PLACEMENT_3D('',#2201,#2202,#2203);
#2201 = CARTESIAN_POINT('',(0.,0.,1.545));
#2202 = DIRECTION('',(0.,0.,1.));
#2203 = DIRECTION('',(1.,0.,-0.));
#2204 = MANIFOLD_SOLID_BREP('',#2205);
#2205 = CLOSED_SHELL('',(#2206,#2246,#2277,#2308,#2339,#2372,#2403,#2434
    ,#2465,#2496,#2527,#2560,#2582,#2602));
#2206 = ADVANCED_FACE('',(#2207),#2241,.T.);
#2207 = FACE_BOUND('',#2208,.T.);
#2208 = EDGE_LOOP('',(#2209,#2219,#2227,#2235));
#2209 = ORIENTED_EDGE('',*,*,#2210,.T.);
#2210 = EDGE_CURVE('',#2211,#2213,#2215,.T.);
#2211 = VERTEX_POINT('',#2212);
#2212 = CARTESIAN_POINT('',(-1.230777,21.938833,1.51));
#2213 = VERTEX_POINT('',#2214);
#2214 = CARTESIAN_POINT('',(-1.230777,21.938833,1.545));
#2215 = LINE('',#2216,#2217);
#2216 = CARTESIAN_POINT('',(-1.230777,21.938833,1.51));
#2217 = VECTOR('',#2218,1.);
#2218 = DIRECTION('',(0.,0.,1.));
#2219 = ORIENTED_EDGE('',*,*,#2220,.T.);
#2220 = EDGE_CURVE('',#2213,#2221,#2223,.T.);
#2221 = VERTEX_POINT('',#2222);
#2222 = CARTESIAN_POINT('',(-1.20838,21.884762,1.545));
#2223 = LINE('',#2224,#2225);
#2224 = CARTESIAN_POINT('',(-1.230777,21.938833,1.545));
#2225 = VECTOR('',#2226,1.);
#2226 = DIRECTION('',(0.382684285085,-0.923879179303,0.));
#2227 = ORIENTED_EDGE('',*,*,#2228,.F.);
#2228 = EDGE_CURVE('',#2229,#2221,#2231,.T.);
#2229 = VERTEX_POINT('',#2230);
#2230 = CARTESIAN_POINT('',(-1.20838,21.884762,1.51));
#2231 = LINE('',#2232,#2233);
#2232 = CARTESIAN_POINT('',(-1.20838,21.884762,1.51));
#2233 = VECTOR('',#2234,1.);
#2234 = DIRECTION('',(0.,0.,1.));
#2235 = ORIENTED_EDGE('',*,*,#2236,.F.);
#2236 = EDGE_CURVE('',#2211,#2229,#2237,.T.);
#2237 = LINE('',#2238,#2239);
#2238 = CARTESIAN_POINT('',(-1.230777,21.938833,1.51));
#2239 = VECTOR('',#2240,1.);
#2240 = DIRECTION('',(0.382684285085,-0.923879179303,0.));
#2241 = PLANE('',#2242);
#2242 = AXIS2_PLACEMENT_3D('',#2243,#2244,#2245);
#2243 = CARTESIAN_POINT('',(-1.230777,21.938833,1.51));
#2244 = DIRECTION('',(0.923879179303,0.382684285085,-0.));
#2245 = DIRECTION('',(0.382684285085,-0.923879179303,0.));
#2246 = ADVANCED_FACE('',(#2247),#2272,.T.);
#2247 = FACE_BOUND('',#2248,.T.);
#2248 = EDGE_LOOP('',(#2249,#2250,#2258,#2266));
#2249 = ORIENTED_EDGE('',*,*,#2228,.T.);
#2250 = ORIENTED_EDGE('',*,*,#2251,.T.);
#2251 = EDGE_CURVE('',#2221,#2252,#2254,.T.);
#2252 = VERTEX_POINT('',#2253);
#2253 = CARTESIAN_POINT('',(-1.205498,19.422009,1.545));
#2254 = LINE('',#2255,#2256);
#2255 = CARTESIAN_POINT('',(-1.20838,21.884762,1.545));
#2256 = VECTOR('',#2257,1.);
#2257 = DIRECTION('',(1.1702342974E-03,-0.999999315276,0.));
#2258 = ORIENTED_EDGE('',*,*,#2259,.F.);
#2259 = EDGE_CURVE('',#2260,#2252,#2262,.T.);
#2260 = VERTEX_POINT('',#2261);
#2261 = CARTESIAN_POINT('',(-1.205498,19.422009,1.51));
#2262 = LINE('',#2263,#2264);
#2263 = CARTESIAN_POINT('',(-1.205498,19.422009,1.51));
#2264 = VECTOR('',#2265,1.);
#2265 = DIRECTION('',(0.,0.,1.));
#2266 = ORIENTED_EDGE('',*,*,#2267,.F.);
#2267 = EDGE_CURVE('',#2229,#2260,#2268,.T.);
#2268 = LINE('',#2269,#2270);
#2269 = CARTESIAN_POINT('',(-1.20838,21.884762,1.51));
#2270 = VECTOR('',#2271,1.);
#2271 = DIRECTION('',(1.1702342974E-03,-0.999999315276,0.));
#2272 = PLANE('',#2273);
#2273 = AXIS2_PLACEMENT_3D('',#2274,#2275,#2276);
#2274 = CARTESIAN_POINT('',(-1.20838,21.884762,1.51));
#2275 = DIRECTION('',(0.999999315276,1.1702342974E-03,-0.));
#2276 = DIRECTION('',(1.1702342974E-03,-0.999999315276,0.));
#2277 = ADVANCED_FACE('',(#2278),#2303,.T.);
#2278 = FACE_BOUND('',#2279,.T.);
#2279 = EDGE_LOOP('',(#2280,#2281,#2289,#2297));
#2280 = ORIENTED_EDGE('',*,*,#2259,.T.);
#2281 = ORIENTED_EDGE('',*,*,#2282,.T.);
#2282 = EDGE_CURVE('',#2252,#2283,#2285,.T.);
#2283 = VERTEX_POINT('',#2284);
#2284 = CARTESIAN_POINT('',(-1.200333,19.237465,1.545));
#2285 = LINE('',#2286,#2287);
#2286 = CARTESIAN_POINT('',(-1.205498,19.422009,1.545));
#2287 = VECTOR('',#2288,1.);
#2288 = DIRECTION('',(2.797694997635E-02,-0.999608568526,0.));
#2289 = ORIENTED_EDGE('',*,*,#2290,.F.);
#2290 = EDGE_CURVE('',#2291,#2283,#2293,.T.);
#2291 = VERTEX_POINT('',#2292);
#2292 = CARTESIAN_POINT('',(-1.200333,19.237465,1.51));
#2293 = LINE('',#2294,#2295);
#2294 = CARTESIAN_POINT('',(-1.200333,19.237465,1.51));
#2295 = VECTOR('',#2296,1.);
#2296 = DIRECTION('',(0.,0.,1.));
#2297 = ORIENTED_EDGE('',*,*,#2298,.F.);
#2298 = EDGE_CURVE('',#2260,#2291,#2299,.T.);
#2299 = LINE('',#2300,#2301);
#2300 = CARTESIAN_POINT('',(-1.205498,19.422009,1.51));
#2301 = VECTOR('',#2302,1.);
#2302 = DIRECTION('',(2.797694997635E-02,-0.999608568526,0.));
#2303 = PLANE('',#2304);
#2304 = AXIS2_PLACEMENT_3D('',#2305,#2306,#2307);
#2305 = CARTESIAN_POINT('',(-1.205498,19.422009,1.51));
#2306 = DIRECTION('',(0.999608568526,2.797694997635E-02,-0.));
#2307 = DIRECTION('',(2.797694997635E-02,-0.999608568526,0.));
#2308 = ADVANCED_FACE('',(#2309),#2334,.T.);
#2309 = FACE_BOUND('',#2310,.T.);
#2310 = EDGE_LOOP('',(#2311,#2312,#2320,#2328));
#2311 = ORIENTED_EDGE('',*,*,#2290,.T.);
#2312 = ORIENTED_EDGE('',*,*,#2313,.T.);
#2313 = EDGE_CURVE('',#2283,#2314,#2316,.T.);
#2314 = VERTEX_POINT('',#2315);
#2315 = CARTESIAN_POINT('',(0.124721,17.908335,1.545));
#2316 = LINE('',#2317,#2318);
#2317 = CARTESIAN_POINT('',(-1.200333,19.237465,1.545));
#2318 = VECTOR('',#2319,1.);
#2319 = DIRECTION('',(0.706020052876,-0.708191841902,0.));
#2320 = ORIENTED_EDGE('',*,*,#2321,.F.);
#2321 = EDGE_CURVE('',#2322,#2314,#2324,.T.);
#2322 = VERTEX_POINT('',#2323);
#2323 = CARTESIAN_POINT('',(0.124721,17.908335,1.51));
#2324 = LINE('',#2325,#2326);
#2325 = CARTESIAN_POINT('',(0.124721,17.908335,1.51));
#2326 = VECTOR('',#2327,1.);
#2327 = DIRECTION('',(0.,0.,1.));
#2328 = ORIENTED_EDGE('',*,*,#2329,.F.);
#2329 = EDGE_CURVE('',#2291,#2322,#2330,.T.);
#2330 = LINE('',#2331,#2332);
#2331 = CARTESIAN_POINT('',(-1.200333,19.237465,1.51));
#2332 = VECTOR('',#2333,1.);
#2333 = DIRECTION('',(0.706020052876,-0.708191841902,0.));
#2334 = PLANE('',#2335);
#2335 = AXIS2_PLACEMENT_3D('',#2336,#2337,#2338);
#2336 = CARTESIAN_POINT('',(-1.200333,19.237465,1.51));
#2337 = DIRECTION('',(0.708191841902,0.706020052876,-0.));
#2338 = DIRECTION('',(0.706020052876,-0.708191841902,0.));
#2339 = ADVANCED_FACE('',(#2340),#2367,.T.);
#2340 = FACE_BOUND('',#2341,.T.);
#2341 = EDGE_LOOP('',(#2342,#2343,#2352,#2360));
#2342 = ORIENTED_EDGE('',*,*,#2321,.T.);
#2343 = ORIENTED_EDGE('',*,*,#2344,.T.);
#2344 = EDGE_CURVE('',#2314,#2345,#2347,.T.);
#2345 = VERTEX_POINT('',#2346);
#2346 = CARTESIAN_POINT('',(-8.3335E-02,17.700279,1.545));
#2347 = CIRCLE('',#2348,0.150000028935);
#2348 = AXIS2_PLACEMENT_3D('',#2349,#2350,#2351);
#2349 = CARTESIAN_POINT('',(4.999999984809E-07,17.8249995,1.545));
#2350 = DIRECTION('',(0.,0.,-1.));
#2351 = DIRECTION('',(0.831469839609,0.555569892831,0.));
#2352 = ORIENTED_EDGE('',*,*,#2353,.F.);
#2353 = EDGE_CURVE('',#2354,#2345,#2356,.T.);
#2354 = VERTEX_POINT('',#2355);
#2355 = CARTESIAN_POINT('',(-8.3335E-02,17.700279,1.51));
#2356 = LINE('',#2357,#2358);
#2357 = CARTESIAN_POINT('',(-8.3335E-02,17.700279,1.51));
#2358 = VECTOR('',#2359,1.);
#2359 = DIRECTION('',(0.,0.,1.));
#2360 = ORIENTED_EDGE('',*,*,#2361,.F.);
#2361 = EDGE_CURVE('',#2322,#2354,#2362,.T.);
#2362 = CIRCLE('',#2363,0.150000028935);
#2363 = AXIS2_PLACEMENT_3D('',#2364,#2365,#2366);
#2364 = CARTESIAN_POINT('',(4.999999984809E-07,17.8249995,1.51));
#2365 = DIRECTION('',(0.,0.,-1.));
#2366 = DIRECTION('',(0.831469839609,0.555569892831,0.));
#2367 = CYLINDRICAL_SURFACE('',#2368,0.150000028935);
#2368 = AXIS2_PLACEMENT_3D('',#2369,#2370,#2371);
#2369 = CARTESIAN_POINT('',(4.999999984809E-07,17.8249995,1.51));
#2370 = DIRECTION('',(0.,0.,-1.));
#2371 = DIRECTION('',(0.831469839609,0.555569892831,0.));
#2372 = ADVANCED_FACE('',(#2373),#2398,.T.);
#2373 = FACE_BOUND('',#2374,.T.);
#2374 = EDGE_LOOP('',(#2375,#2376,#2384,#2392));
#2375 = ORIENTED_EDGE('',*,*,#2353,.T.);
#2376 = ORIENTED_EDGE('',*,*,#2377,.T.);
#2377 = EDGE_CURVE('',#2345,#2378,#2380,.T.);
#2378 = VERTEX_POINT('',#2379);
#2379 = CARTESIAN_POINT('',(-1.473324,19.090268,1.545));
#2380 = LINE('',#2381,#2382);
#2381 = CARTESIAN_POINT('',(-8.3335E-02,17.700279,1.545));
#2382 = VECTOR('',#2383,1.);
#2383 = DIRECTION('',(-0.707106781187,0.707106781187,0.));
#2384 = ORIENTED_EDGE('',*,*,#2385,.F.);
#2385 = EDGE_CURVE('',#2386,#2378,#2388,.T.);
#2386 = VERTEX_POINT('',#2387);
#2387 = CARTESIAN_POINT('',(-1.473324,19.090268,1.51));
#2388 = LINE('',#2389,#2390);
#2389 = CARTESIAN_POINT('',(-1.473324,19.090268,1.51));
#2390 = VECTOR('',#2391,1.);
#2391 = DIRECTION('',(0.,0.,1.));
#2392 = ORIENTED_EDGE('',*,*,#2393,.F.);
#2393 = EDGE_CURVE('',#2354,#2386,#2394,.T.);
#2394 = LINE('',#2395,#2396);
#2395 = CARTESIAN_POINT('',(-8.3335E-02,17.700279,1.51));
#2396 = VECTOR('',#2397,1.);
#2397 = DIRECTION('',(-0.707106781187,0.707106781187,0.));
#2398 = PLANE('',#2399);
#2399 = AXIS2_PLACEMENT_3D('',#2400,#2401,#2402);
#2400 = CARTESIAN_POINT('',(-8.3335E-02,17.700279,1.51));
#2401 = DIRECTION('',(-0.707106781187,-0.707106781187,0.));
#2402 = DIRECTION('',(-0.707106781187,0.707106781187,0.));
#2403 = ADVANCED_FACE('',(#2404),#2429,.T.);
#2404 = FACE_BOUND('',#2405,.T.);
#2405 = EDGE_LOOP('',(#2406,#2407,#2415,#2423));
#2406 = ORIENTED_EDGE('',*,*,#2385,.T.);
#2407 = ORIENTED_EDGE('',*,*,#2408,.T.);
#2408 = EDGE_CURVE('',#2378,#2409,#2411,.T.);
#2409 = VERTEX_POINT('',#2410);
#2410 = CARTESIAN_POINT('',(-1.495721,19.147143,1.545));
#2411 = LINE('',#2412,#2413);
#2412 = CARTESIAN_POINT('',(-1.473324,19.090268,1.545));
#2413 = VECTOR('',#2414,1.);
#2414 = DIRECTION('',(-0.366406928894,0.930454707365,0.));
#2415 = ORIENTED_EDGE('',*,*,#2416,.F.);
#2416 = EDGE_CURVE('',#2417,#2409,#2419,.T.);
#2417 = VERTEX_POINT('',#2418);
#2418 = CARTESIAN_POINT('',(-1.495721,19.147143,1.51));
#2419 = LINE('',#2420,#2421);
#2420 = CARTESIAN_POINT('',(-1.495721,19.147143,1.51));
#2421 = VECTOR('',#2422,1.);
#2422 = DIRECTION('',(0.,0.,1.));
#2423 = ORIENTED_EDGE('',*,*,#2424,.F.);
#2424 = EDGE_CURVE('',#2386,#2417,#2425,.T.);
#2425 = LINE('',#2426,#2427);
#2426 = CARTESIAN_POINT('',(-1.473324,19.090268,1.51));
#2427 = VECTOR('',#2428,1.);
#2428 = DIRECTION('',(-0.366406928894,0.930454707365,0.));
#2429 = PLANE('',#2430);
#2430 = AXIS2_PLACEMENT_3D('',#2431,#2432,#2433);
#2431 = CARTESIAN_POINT('',(-1.473324,19.090268,1.51));
#2432 = DIRECTION('',(-0.930454707365,-0.366406928894,0.));
#2433 = DIRECTION('',(-0.366406928894,0.930454707365,0.));
#2434 = ADVANCED_FACE('',(#2435),#2460,.T.);
#2435 = FACE_BOUND('',#2436,.T.);
#2436 = EDGE_LOOP('',(#2437,#2438,#2446,#2454));
#2437 = ORIENTED_EDGE('',*,*,#2416,.T.);
#2438 = ORIENTED_EDGE('',*,*,#2439,.T.);
#2439 = EDGE_CURVE('',#2409,#2440,#2442,.T.);
#2440 = VERTEX_POINT('',#2441);
#2441 = CARTESIAN_POINT('',(-1.505498,19.419919,1.545));
#2442 = LINE('',#2443,#2444);
#2443 = CARTESIAN_POINT('',(-1.495721,19.147143,1.545));
#2444 = VECTOR('',#2445,1.);
#2445 = DIRECTION('',(-3.581959493971E-02,0.999358272402,0.));
#2446 = ORIENTED_EDGE('',*,*,#2447,.F.);
#2447 = EDGE_CURVE('',#2448,#2440,#2450,.T.);
#2448 = VERTEX_POINT('',#2449);
#2449 = CARTESIAN_POINT('',(-1.505498,19.419919,1.51));
#2450 = LINE('',#2451,#2452);
#2451 = CARTESIAN_POINT('',(-1.505498,19.419919,1.51));
#2452 = VECTOR('',#2453,1.);
#2453 = DIRECTION('',(0.,0.,1.));
#2454 = ORIENTED_EDGE('',*,*,#2455,.F.);
#2455 = EDGE_CURVE('',#2417,#2448,#2456,.T.);
#2456 = LINE('',#2457,#2458);
#2457 = CARTESIAN_POINT('',(-1.495721,19.147143,1.51));
#2458 = VECTOR('',#2459,1.);
#2459 = DIRECTION('',(-3.581959493971E-02,0.999358272402,0.));
#2460 = PLANE('',#2461);
#2461 = AXIS2_PLACEMENT_3D('',#2462,#2463,#2464);
#2462 = CARTESIAN_POINT('',(-1.495721,19.147143,1.51));
#2463 = DIRECTION('',(-0.999358272402,-3.581959493971E-02,0.));
#2464 = DIRECTION('',(-3.581959493971E-02,0.999358272402,0.));
#2465 = ADVANCED_FACE('',(#2466),#2491,.T.);
#2466 = FACE_BOUND('',#2467,.T.);
#2467 = EDGE_LOOP('',(#2468,#2469,#2477,#2485));
#2468 = ORIENTED_EDGE('',*,*,#2447,.T.);
#2469 = ORIENTED_EDGE('',*,*,#2470,.T.);
#2470 = EDGE_CURVE('',#2440,#2471,#2473,.T.);
#2471 = VERTEX_POINT('',#2472);
#2472 = CARTESIAN_POINT('',(-1.505498,21.793366,1.545));
#2473 = LINE('',#2474,#2475);
#2474 = CARTESIAN_POINT('',(-1.505498,19.419919,1.545));
#2475 = VECTOR('',#2476,1.);
#2476 = DIRECTION('',(0.,1.,0.));
#2477 = ORIENTED_EDGE('',*,*,#2478,.F.);
#2478 = EDGE_CURVE('',#2479,#2471,#2481,.T.);
#2479 = VERTEX_POINT('',#2480);
#2480 = CARTESIAN_POINT('',(-1.505498,21.793366,1.51));
#2481 = LINE('',#2482,#2483);
#2482 = CARTESIAN_POINT('',(-1.505498,21.793366,1.51));
#2483 = VECTOR('',#2484,1.);
#2484 = DIRECTION('',(0.,0.,1.));
#2485 = ORIENTED_EDGE('',*,*,#2486,.F.);
#2486 = EDGE_CURVE('',#2448,#2479,#2487,.T.);
#2487 = LINE('',#2488,#2489);
#2488 = CARTESIAN_POINT('',(-1.505498,19.419919,1.51));
#2489 = VECTOR('',#2490,1.);
#2490 = DIRECTION('',(0.,1.,0.));
#2491 = PLANE('',#2492);
#2492 = AXIS2_PLACEMENT_3D('',#2493,#2494,#2495);
#2493 = CARTESIAN_POINT('',(-1.505498,19.419919,1.51));
#2494 = DIRECTION('',(-1.,0.,0.));
#2495 = DIRECTION('',(0.,1.,0.));
#2496 = ADVANCED_FACE('',(#2497),#2522,.T.);
#2497 = FACE_BOUND('',#2498,.T.);
#2498 = EDGE_LOOP('',(#2499,#2500,#2508,#2516));
#2499 = ORIENTED_EDGE('',*,*,#2478,.T.);
#2500 = ORIENTED_EDGE('',*,*,#2501,.T.);
#2501 = EDGE_CURVE('',#2471,#2502,#2504,.T.);
#2502 = VERTEX_POINT('',#2503);
#2503 = CARTESIAN_POINT('',(-1.624721,21.916665,1.545));
#2504 = LINE('',#2505,#2506);
#2505 = CARTESIAN_POINT('',(-1.505498,21.793366,1.545));
#2506 = VECTOR('',#2507,1.);
#2507 = DIRECTION('',(-0.695124466047,0.718889405057,0.));
#2508 = ORIENTED_EDGE('',*,*,#2509,.F.);
#2509 = EDGE_CURVE('',#2510,#2502,#2512,.T.);
#2510 = VERTEX_POINT('',#2511);
#2511 = CARTESIAN_POINT('',(-1.624721,21.916665,1.51));
#2512 = LINE('',#2513,#2514);
#2513 = CARTESIAN_POINT('',(-1.624721,21.916665,1.51));
#2514 = VECTOR('',#2515,1.);
#2515 = DIRECTION('',(0.,0.,1.));
#2516 = ORIENTED_EDGE('',*,*,#2517,.F.);
#2517 = EDGE_CURVE('',#2479,#2510,#2518,.T.);
#2518 = LINE('',#2519,#2520);
#2519 = CARTESIAN_POINT('',(-1.505498,21.793366,1.51));
#2520 = VECTOR('',#2521,1.);
#2521 = DIRECTION('',(-0.695124466047,0.718889405057,0.));
#2522 = PLANE('',#2523);
#2523 = AXIS2_PLACEMENT_3D('',#2524,#2525,#2526);
#2524 = CARTESIAN_POINT('',(-1.505498,21.793366,1.51));
#2525 = DIRECTION('',(-0.718889405057,-0.695124466047,0.));
#2526 = DIRECTION('',(-0.695124466047,0.718889405057,0.));
#2527 = ADVANCED_FACE('',(#2528),#2555,.T.);
#2528 = FACE_BOUND('',#2529,.T.);
#2529 = EDGE_LOOP('',(#2530,#2531,#2540,#2548));
#2530 = ORIENTED_EDGE('',*,*,#2509,.T.);
#2531 = ORIENTED_EDGE('',*,*,#2532,.T.);
#2532 = EDGE_CURVE('',#2502,#2533,#2535,.T.);
#2533 = VERTEX_POINT('',#2534);
#2534 = CARTESIAN_POINT('',(-1.416665,22.124721,1.545));
#2535 = CIRCLE('',#2536,0.150000188319);
#2536 = AXIS2_PLACEMENT_3D('',#2537,#2538,#2539);
#2537 = CARTESIAN_POINT('',(-1.499999922319,21.999999922319,1.545));
#2538 = DIRECTION('',(0.,0.,-1.));
#2539 = DIRECTION('',(-0.831472807322,-0.555565451305,-0.));
#2540 = ORIENTED_EDGE('',*,*,#2541,.F.);
#2541 = EDGE_CURVE('',#2542,#2533,#2544,.T.);
#2542 = VERTEX_POINT('',#2543);
#2543 = CARTESIAN_POINT('',(-1.416665,22.124721,1.51));
#2544 = LINE('',#2545,#2546);
#2545 = CARTESIAN_POINT('',(-1.416665,22.124721,1.51));
#2546 = VECTOR('',#2547,1.);
#2547 = DIRECTION('',(0.,0.,1.));
#2548 = ORIENTED_EDGE('',*,*,#2549,.F.);
#2549 = EDGE_CURVE('',#2510,#2542,#2550,.T.);
#2550 = CIRCLE('',#2551,0.150000188319);
#2551 = AXIS2_PLACEMENT_3D('',#2552,#2553,#2554);
#2552 = CARTESIAN_POINT('',(-1.499999922319,21.999999922319,1.51));
#2553 = DIRECTION('',(0.,0.,-1.));
#2554 = DIRECTION('',(-0.831472807322,-0.555565451305,-0.));
#2555 = CYLINDRICAL_SURFACE('',#2556,0.150000188319);
#2556 = AXIS2_PLACEMENT_3D('',#2557,#2558,#2559);
#2557 = CARTESIAN_POINT('',(-1.499999922319,21.999999922319,1.51));
#2558 = DIRECTION('',(0.,0.,-1.));
#2559 = DIRECTION('',(-0.831472807322,-0.555565451305,-0.));
#2560 = ADVANCED_FACE('',(#2561),#2577,.T.);
#2561 = FACE_BOUND('',#2562,.T.);
#2562 = EDGE_LOOP('',(#2563,#2564,#2570,#2571));
#2563 = ORIENTED_EDGE('',*,*,#2541,.T.);
#2564 = ORIENTED_EDGE('',*,*,#2565,.T.);
#2565 = EDGE_CURVE('',#2533,#2213,#2566,.T.);
#2566 = LINE('',#2567,#2568);
#2567 = CARTESIAN_POINT('',(-1.416665,22.124721,1.545));
#2568 = VECTOR('',#2569,1.);
#2569 = DIRECTION('',(0.707106781187,-0.707106781187,0.));
#2570 = ORIENTED_EDGE('',*,*,#2210,.F.);
#2571 = ORIENTED_EDGE('',*,*,#2572,.F.);
#2572 = EDGE_CURVE('',#2542,#2211,#2573,.T.);
#2573 = LINE('',#2574,#2575);
#2574 = CARTESIAN_POINT('',(-1.416665,22.124721,1.51));
#2575 = VECTOR('',#2576,1.);
#2576 = DIRECTION('',(0.707106781187,-0.707106781187,0.));
#2577 = PLANE('',#2578);
#2578 = AXIS2_PLACEMENT_3D('',#2579,#2580,#2581);
#2579 = CARTESIAN_POINT('',(-1.416665,22.124721,1.51));
#2580 = DIRECTION('',(0.707106781187,0.707106781187,-0.));
#2581 = DIRECTION('',(0.707106781187,-0.707106781187,0.));
#2582 = ADVANCED_FACE('',(#2583),#2597,.F.);
#2583 = FACE_BOUND('',#2584,.T.);
#2584 = EDGE_LOOP('',(#2585,#2586,#2587,#2588,#2589,#2590,#2591,#2592,
    #2593,#2594,#2595,#2596));
#2585 = ORIENTED_EDGE('',*,*,#2236,.T.);
#2586 = ORIENTED_EDGE('',*,*,#2267,.T.);
#2587 = ORIENTED_EDGE('',*,*,#2298,.T.);
#2588 = ORIENTED_EDGE('',*,*,#2329,.T.);
#2589 = ORIENTED_EDGE('',*,*,#2361,.T.);
#2590 = ORIENTED_EDGE('',*,*,#2393,.T.);
#2591 = ORIENTED_EDGE('',*,*,#2424,.T.);
#2592 = ORIENTED_EDGE('',*,*,#2455,.T.);
#2593 = ORIENTED_EDGE('',*,*,#2486,.T.);
#2594 = ORIENTED_EDGE('',*,*,#2517,.T.);
#2595 = ORIENTED_EDGE('',*,*,#2549,.T.);
#2596 = ORIENTED_EDGE('',*,*,#2572,.T.);
#2597 = PLANE('',#2598);
#2598 = AXIS2_PLACEMENT_3D('',#2599,#2600,#2601);
#2599 = CARTESIAN_POINT('',(0.,0.,1.51));
#2600 = DIRECTION('',(0.,0.,1.));
#2601 = DIRECTION('',(1.,0.,-0.));
#2602 = ADVANCED_FACE('',(#2603),#2617,.T.);
#2603 = FACE_BOUND('',#2604,.F.);
#2604 = EDGE_LOOP('',(#2605,#2606,#2607,#2608,#2609,#2610,#2611,#2612,
    #2613,#2614,#2615,#2616));
#2605 = ORIENTED_EDGE('',*,*,#2220,.T.);
#2606 = ORIENTED_EDGE('',*,*,#2251,.T.);
#2607 = ORIENTED_EDGE('',*,*,#2282,.T.);
#2608 = ORIENTED_EDGE('',*,*,#2313,.T.);
#2609 = ORIENTED_EDGE('',*,*,#2344,.T.);
#2610 = ORIENTED_EDGE('',*,*,#2377,.T.);
#2611 = ORIENTED_EDGE('',*,*,#2408,.T.);
#2612 = ORIENTED_EDGE('',*,*,#2439,.T.);
#2613 = ORIENTED_EDGE('',*,*,#2470,.T.);
#2614 = ORIENTED_EDGE('',*,*,#2501,.T.);
#2615 = ORIENTED_EDGE('',*,*,#2532,.T.);
#2616 = ORIENTED_EDGE('',*,*,#2565,.T.);
#2617 = PLANE('',#2618);
#2618 = AXIS2_PLACEMENT_3D('',#2619,#2620,#2621);
#2619 = CARTESIAN_POINT('',(0.,0.,1.545));
#2620 = DIRECTION('',(0.,0.,1.));
#2621 = DIRECTION('',(1.,0.,-0.));
#2622 = MANIFOLD_SOLID_BREP('',#2623);
#2623 = CLOSED_SHELL('',(#2624,#2657,#2690,#2702));
#2624 = ADVANCED_FACE('',(#2625),#2652,.T.);
#2625 = FACE_BOUND('',#2626,.T.);
#2626 = EDGE_LOOP('',(#2627,#2637,#2644,#2645));
#2627 = ORIENTED_EDGE('',*,*,#2628,.T.);
#2628 = EDGE_CURVE('',#2629,#2631,#2633,.T.);
#2629 = VERTEX_POINT('',#2630);
#2630 = CARTESIAN_POINT('',(8.1,11.75,0.));
#2631 = VERTEX_POINT('',#2632);
#2632 = CARTESIAN_POINT('',(8.1,11.75,-3.5E-02));
#2633 = LINE('',#2634,#2635);
#2634 = CARTESIAN_POINT('',(8.1,11.75,0.));
#2635 = VECTOR('',#2636,1.);
#2636 = DIRECTION('',(0.,0.,-1.));
#2637 = ORIENTED_EDGE('',*,*,#2638,.T.);
#2638 = EDGE_CURVE('',#2631,#2631,#2639,.T.);
#2639 = CIRCLE('',#2640,0.35);
#2640 = AXIS2_PLACEMENT_3D('',#2641,#2642,#2643);
#2641 = CARTESIAN_POINT('',(7.75,11.75,-3.5E-02));
#2642 = DIRECTION('',(0.,0.,1.));
#2643 = DIRECTION('',(1.,0.,-0.));
#2644 = ORIENTED_EDGE('',*,*,#2628,.F.);
#2645 = ORIENTED_EDGE('',*,*,#2646,.F.);
#2646 = EDGE_CURVE('',#2629,#2629,#2647,.T.);
#2647 = CIRCLE('',#2648,0.35);
#2648 = AXIS2_PLACEMENT_3D('',#2649,#2650,#2651);
#2649 = CARTESIAN_POINT('',(7.75,11.75,0.));
#2650 = DIRECTION('',(0.,0.,1.));
#2651 = DIRECTION('',(1.,0.,-0.));
#2652 = CYLINDRICAL_SURFACE('',#2653,0.35);
#2653 = AXIS2_PLACEMENT_3D('',#2654,#2655,#2656);
#2654 = CARTESIAN_POINT('',(7.75,11.75,0.));
#2655 = DIRECTION('',(0.,0.,1.));
#2656 = DIRECTION('',(1.,0.,-0.));
#2657 = ADVANCED_FACE('',(#2658),#2685,.F.);
#2658 = FACE_BOUND('',#2659,.F.);
#2659 = EDGE_LOOP('',(#2660,#2670,#2677,#2678));
#2660 = ORIENTED_EDGE('',*,*,#2661,.T.);
#2661 = EDGE_CURVE('',#2662,#2664,#2666,.T.);
#2662 = VERTEX_POINT('',#2663);
#2663 = CARTESIAN_POINT('',(7.937254,11.75,0.));
#2664 = VERTEX_POINT('',#2665);
#2665 = CARTESIAN_POINT('',(7.937254,11.75,-3.5E-02));
#2666 = LINE('',#2667,#2668);
#2667 = CARTESIAN_POINT('',(7.937254,11.75,0.));
#2668 = VECTOR('',#2669,1.);
#2669 = DIRECTION('',(0.,0.,-1.));
#2670 = ORIENTED_EDGE('',*,*,#2671,.T.);
#2671 = EDGE_CURVE('',#2664,#2664,#2672,.T.);
#2672 = CIRCLE('',#2673,0.187254);
#2673 = AXIS2_PLACEMENT_3D('',#2674,#2675,#2676);
#2674 = CARTESIAN_POINT('',(7.75,11.75,-3.5E-02));
#2675 = DIRECTION('',(0.,0.,1.));
#2676 = DIRECTION('',(1.,0.,-0.));
#2677 = ORIENTED_EDGE('',*,*,#2661,.F.);
#2678 = ORIENTED_EDGE('',*,*,#2679,.F.);
#2679 = EDGE_CURVE('',#2662,#2662,#2680,.T.);
#2680 = CIRCLE('',#2681,0.187254);
#2681 = AXIS2_PLACEMENT_3D('',#2682,#2683,#2684);
#2682 = CARTESIAN_POINT('',(7.75,11.75,0.));
#2683 = DIRECTION('',(0.,0.,1.));
#2684 = DIRECTION('',(1.,0.,-0.));
#2685 = CYLINDRICAL_SURFACE('',#2686,0.187254);
#2686 = AXIS2_PLACEMENT_3D('',#2687,#2688,#2689);
#2687 = CARTESIAN_POINT('',(7.75,11.75,0.));
#2688 = DIRECTION('',(0.,0.,1.));
#2689 = DIRECTION('',(1.,0.,-0.));
#2690 = ADVANCED_FACE('',(#2691,#2694),#2697,.F.);
#2691 = FACE_BOUND('',#2692,.T.);
#2692 = EDGE_LOOP('',(#2693));
#2693 = ORIENTED_EDGE('',*,*,#2646,.T.);
#2694 = FACE_BOUND('',#2695,.F.);
#2695 = EDGE_LOOP('',(#2696));
#2696 = ORIENTED_EDGE('',*,*,#2679,.T.);
#2697 = PLANE('',#2698);
#2698 = AXIS2_PLACEMENT_3D('',#2699,#2700,#2701);
#2699 = CARTESIAN_POINT('',(0.,0.,0.));
#2700 = DIRECTION('',(-0.,-0.,-1.));
#2701 = DIRECTION('',(-1.,0.,0.));
#2702 = ADVANCED_FACE('',(#2703,#2706),#2709,.T.);
#2703 = FACE_BOUND('',#2704,.F.);
#2704 = EDGE_LOOP('',(#2705));
#2705 = ORIENTED_EDGE('',*,*,#2638,.T.);
#2706 = FACE_BOUND('',#2707,.T.);
#2707 = EDGE_LOOP('',(#2708));
#2708 = ORIENTED_EDGE('',*,*,#2671,.T.);
#2709 = PLANE('',#2710);
#2710 = AXIS2_PLACEMENT_3D('',#2711,#2712,#2713);
#2711 = CARTESIAN_POINT('',(0.,0.,-3.5E-02));
#2712 = DIRECTION('',(-0.,-0.,-1.));
#2713 = DIRECTION('',(-1.,0.,0.));
#2714 = MANIFOLD_SOLID_BREP('',#2715);
#2715 = CLOSED_SHELL('',(#2716,#2756,#2787,#2820,#2851,#2882,#2913,#2944
    ,#2975,#3006,#3037,#3068,#3099,#3130,#3161,#3192,#3223,#3254,#3287,
    #3318,#3349,#3380,#3411,#3442,#3473,#3504,#3535,#3566,#3597,#3628,
    #3659,#3681,#3720));
#2716 = ADVANCED_FACE('',(#2717),#2751,.T.);
#2717 = FACE_BOUND('',#2718,.T.);
#2718 = EDGE_LOOP('',(#2719,#2729,#2737,#2745));
#2719 = ORIENTED_EDGE('',*,*,#2720,.T.);
#2720 = EDGE_CURVE('',#2721,#2723,#2725,.T.);
#2721 = VERTEX_POINT('',#2722);
#2722 = CARTESIAN_POINT('',(1.352882,16.529264,1.51));
#2723 = VERTEX_POINT('',#2724);
#2724 = CARTESIAN_POINT('',(1.352882,16.529264,1.545));
#2725 = LINE('',#2726,#2727);
#2726 = CARTESIAN_POINT('',(1.352882,16.529264,1.51));
#2727 = VECTOR('',#2728,1.);
#2728 = DIRECTION('',(0.,0.,1.));
#2729 = ORIENTED_EDGE('',*,*,#2730,.T.);
#2730 = EDGE_CURVE('',#2723,#2731,#2733,.T.);
#2731 = VERTEX_POINT('',#2732);
#2732 = CARTESIAN_POINT('',(1.375279,16.583335,1.545));
#2733 = LINE('',#2734,#2735);
#2734 = CARTESIAN_POINT('',(1.352882,16.529264,1.545));
#2735 = VECTOR('',#2736,1.);
#2736 = DIRECTION('',(0.382684285085,0.923879179303,0.));
#2737 = ORIENTED_EDGE('',*,*,#2738,.F.);
#2738 = EDGE_CURVE('',#2739,#2731,#2741,.T.);
#2739 = VERTEX_POINT('',#2740);
#2740 = CARTESIAN_POINT('',(1.375279,16.583335,1.51));
#2741 = LINE('',#2742,#2743);
#2742 = CARTESIAN_POINT('',(1.375279,16.583335,1.51));
#2743 = VECTOR('',#2744,1.);
#2744 = DIRECTION('',(0.,0.,1.));
#2745 = ORIENTED_EDGE('',*,*,#2746,.F.);
#2746 = EDGE_CURVE('',#2721,#2739,#2747,.T.);
#2747 = LINE('',#2748,#2749);
#2748 = CARTESIAN_POINT('',(1.352882,16.529264,1.51));
#2749 = VECTOR('',#2750,1.);
#2750 = DIRECTION('',(0.382684285085,0.923879179303,0.));
#2751 = PLANE('',#2752);
#2752 = AXIS2_PLACEMENT_3D('',#2753,#2754,#2755);
#2753 = CARTESIAN_POINT('',(1.352882,16.529264,1.51));
#2754 = DIRECTION('',(-0.923879179303,0.382684285085,0.));
#2755 = DIRECTION('',(0.382684285085,0.923879179303,0.));
#2756 = ADVANCED_FACE('',(#2757),#2782,.T.);
#2757 = FACE_BOUND('',#2758,.T.);
#2758 = EDGE_LOOP('',(#2759,#2760,#2768,#2776));
#2759 = ORIENTED_EDGE('',*,*,#2738,.T.);
#2760 = ORIENTED_EDGE('',*,*,#2761,.T.);
#2761 = EDGE_CURVE('',#2731,#2762,#2764,.T.);
#2762 = VERTEX_POINT('',#2763);
#2763 = CARTESIAN_POINT('',(2.588246,17.796304,1.545));
#2764 = LINE('',#2765,#2766);
#2765 = CARTESIAN_POINT('',(1.375279,16.583335,1.545));
#2766 = VECTOR('',#2767,1.);
#2767 = DIRECTION('',(0.70710619823,0.707107364142,0.));
#2768 = ORIENTED_EDGE('',*,*,#2769,.F.);
#2769 = EDGE_CURVE('',#2770,#2762,#2772,.T.);
#2770 = VERTEX_POINT('',#2771);
#2771 = CARTESIAN_POINT('',(2.588246,17.796304,1.51));
#2772 = LINE('',#2773,#2774);
#2773 = CARTESIAN_POINT('',(2.588246,17.796304,1.51));
#2774 = VECTOR('',#2775,1.);
#2775 = DIRECTION('',(0.,0.,1.));
#2776 = ORIENTED_EDGE('',*,*,#2777,.F.);
#2777 = EDGE_CURVE('',#2739,#2770,#2778,.T.);
#2778 = LINE('',#2779,#2780);
#2779 = CARTESIAN_POINT('',(1.375279,16.583335,1.51));
#2780 = VECTOR('',#2781,1.);
#2781 = DIRECTION('',(0.70710619823,0.707107364142,0.));
#2782 = PLANE('',#2783);
#2783 = AXIS2_PLACEMENT_3D('',#2784,#2785,#2786);
#2784 = CARTESIAN_POINT('',(1.375279,16.583335,1.51));
#2785 = DIRECTION('',(-0.707107364142,0.70710619823,0.));
#2786 = DIRECTION('',(0.70710619823,0.707107364142,0.));
#2787 = ADVANCED_FACE('',(#2788),#2815,.F.);
#2788 = FACE_BOUND('',#2789,.T.);
#2789 = EDGE_LOOP('',(#2790,#2791,#2800,#2808));
#2790 = ORIENTED_EDGE('',*,*,#2769,.T.);
#2791 = ORIENTED_EDGE('',*,*,#2792,.T.);
#2792 = EDGE_CURVE('',#2762,#2793,#2795,.T.);
#2793 = VERTEX_POINT('',#2794);
#2794 = CARTESIAN_POINT('',(2.796878,17.587916,1.545));
#2795 = CIRCLE('',#2796,0.403710753237);
#2796 = AXIS2_PLACEMENT_3D('',#2797,#2798,#2799);
#2797 = CARTESIAN_POINT('',(2.958154610827,17.958013591291,1.545));
#2798 = DIRECTION('',(0.,0.,1.));
#2799 = DIRECTION('',(-0.916271384551,-0.400558048044,0.));
#2800 = ORIENTED_EDGE('',*,*,#2801,.F.);
#2801 = EDGE_CURVE('',#2802,#2793,#2804,.T.);
#2802 = VERTEX_POINT('',#2803);
#2803 = CARTESIAN_POINT('',(2.796878,17.587916,1.51));
#2804 = LINE('',#2805,#2806);
#2805 = CARTESIAN_POINT('',(2.796878,17.587916,1.51));
#2806 = VECTOR('',#2807,1.);
#2807 = DIRECTION('',(0.,0.,1.));
#2808 = ORIENTED_EDGE('',*,*,#2809,.F.);
#2809 = EDGE_CURVE('',#2770,#2802,#2810,.T.);
#2810 = CIRCLE('',#2811,0.403710753237);
#2811 = AXIS2_PLACEMENT_3D('',#2812,#2813,#2814);
#2812 = CARTESIAN_POINT('',(2.958154610827,17.958013591291,1.51));
#2813 = DIRECTION('',(0.,0.,1.));
#2814 = DIRECTION('',(-0.916271384551,-0.400558048044,0.));
#2815 = CYLINDRICAL_SURFACE('',#2816,0.403710753237);
#2816 = AXIS2_PLACEMENT_3D('',#2817,#2818,#2819);
#2817 = CARTESIAN_POINT('',(2.958154610827,17.958013591291,1.51));
#2818 = DIRECTION('',(-0.,-0.,-1.));
#2819 = DIRECTION('',(-0.916271384551,-0.400558048044,0.));
#2820 = ADVANCED_FACE('',(#2821),#2846,.T.);
#2821 = FACE_BOUND('',#2822,.T.);
#2822 = EDGE_LOOP('',(#2823,#2824,#2832,#2840));
#2823 = ORIENTED_EDGE('',*,*,#2801,.T.);
#2824 = ORIENTED_EDGE('',*,*,#2825,.T.);
#2825 = EDGE_CURVE('',#2793,#2826,#2828,.T.);
#2826 = VERTEX_POINT('',#2827);
#2827 = CARTESIAN_POINT('',(1.65,16.437868,1.545));
#2828 = LINE('',#2829,#2830);
#2829 = CARTESIAN_POINT('',(2.796878,17.587916,1.545));
#2830 = VECTOR('',#2831,1.);
#2831 = DIRECTION('',(-0.706130226812,-0.708081988743,0.));
#2832 = ORIENTED_EDGE('',*,*,#2833,.F.);
#2833 = EDGE_CURVE('',#2834,#2826,#2836,.T.);
#2834 = VERTEX_POINT('',#2835);
#2835 = CARTESIAN_POINT('',(1.65,16.437868,1.51));
#2836 = LINE('',#2837,#2838);
#2837 = CARTESIAN_POINT('',(1.65,16.437868,1.51));
#2838 = VECTOR('',#2839,1.);
#2839 = DIRECTION('',(0.,0.,1.));
#2840 = ORIENTED_EDGE('',*,*,#2841,.F.);
#2841 = EDGE_CURVE('',#2802,#2834,#2842,.T.);
#2842 = LINE('',#2843,#2844);
#2843 = CARTESIAN_POINT('',(2.796878,17.587916,1.51));
#2844 = VECTOR('',#2845,1.);
#2845 = DIRECTION('',(-0.706130226812,-0.708081988743,0.));
#2846 = PLANE('',#2847);
#2847 = AXIS2_PLACEMENT_3D('',#2848,#2849,#2850);
#2848 = CARTESIAN_POINT('',(2.796878,17.587916,1.51));
#2849 = DIRECTION('',(0.708081988743,-0.706130226812,0.));
#2850 = DIRECTION('',(-0.706130226812,-0.708081988743,0.));
#2851 = ADVANCED_FACE('',(#2852),#2877,.T.);
#2852 = FACE_BOUND('',#2853,.T.);
#2853 = EDGE_LOOP('',(#2854,#2855,#2863,#2871));
#2854 = ORIENTED_EDGE('',*,*,#2833,.T.);
#2855 = ORIENTED_EDGE('',*,*,#2856,.T.);
#2856 = EDGE_CURVE('',#2826,#2857,#2859,.T.);
#2857 = VERTEX_POINT('',#2858);
#2858 = CARTESIAN_POINT('',(1.647118,15.970737,1.545));
#2859 = LINE('',#2860,#2861);
#2860 = CARTESIAN_POINT('',(1.65,16.437868,1.545));
#2861 = VECTOR('',#2862,1.);
#2862 = DIRECTION('',(-6.169458143064E-03,-0.999980968712,0.));
#2863 = ORIENTED_EDGE('',*,*,#2864,.F.);
#2864 = EDGE_CURVE('',#2865,#2857,#2867,.T.);
#2865 = VERTEX_POINT('',#2866);
#2866 = CARTESIAN_POINT('',(1.647118,15.970737,1.51));
#2867 = LINE('',#2868,#2869);
#2868 = CARTESIAN_POINT('',(1.647118,15.970737,1.51));
#2869 = VECTOR('',#2870,1.);
#2870 = DIRECTION('',(0.,0.,1.));
#2871 = ORIENTED_EDGE('',*,*,#2872,.F.);
#2872 = EDGE_CURVE('',#2834,#2865,#2873,.T.);
#2873 = LINE('',#2874,#2875);
#2874 = CARTESIAN_POINT('',(1.65,16.437868,1.51));
#2875 = VECTOR('',#2876,1.);
#2876 = DIRECTION('',(-6.169458143064E-03,-0.999980968712,0.));
#2877 = PLANE('',#2878);
#2878 = AXIS2_PLACEMENT_3D('',#2879,#2880,#2881);
#2879 = CARTESIAN_POINT('',(1.65,16.437868,1.51));
#2880 = DIRECTION('',(0.999980968712,-6.169458143064E-03,0.));
#2881 = DIRECTION('',(-6.169458143064E-03,-0.999980968712,0.));
#2882 = ADVANCED_FACE('',(#2883),#2908,.T.);
#2883 = FACE_BOUND('',#2884,.T.);
#2884 = EDGE_LOOP('',(#2885,#2886,#2894,#2902));
#2885 = ORIENTED_EDGE('',*,*,#2864,.T.);
#2886 = ORIENTED_EDGE('',*,*,#2887,.T.);
#2887 = EDGE_CURVE('',#2857,#2888,#2890,.T.);
#2888 = VERTEX_POINT('',#2889);
#2889 = CARTESIAN_POINT('',(1.624721,15.916665,1.545));
#2890 = LINE('',#2891,#2892);
#2891 = CARTESIAN_POINT('',(1.647118,15.970737,1.545));
#2892 = VECTOR('',#2893,1.);
#2893 = DIRECTION('',(-0.382678244204,-0.923881681501,0.));
#2894 = ORIENTED_EDGE('',*,*,#2895,.F.);
#2895 = EDGE_CURVE('',#2896,#2888,#2898,.T.);
#2896 = VERTEX_POINT('',#2897);
#2897 = CARTESIAN_POINT('',(1.624721,15.916665,1.51));
#2898 = LINE('',#2899,#2900);
#2899 = CARTESIAN_POINT('',(1.624721,15.916665,1.51));
#2900 = VECTOR('',#2901,1.);
#2901 = DIRECTION('',(0.,0.,1.));
#2902 = ORIENTED_EDGE('',*,*,#2903,.F.);
#2903 = EDGE_CURVE('',#2865,#2896,#2904,.T.);
#2904 = LINE('',#2905,#2906);
#2905 = CARTESIAN_POINT('',(1.647118,15.970737,1.51));
#2906 = VECTOR('',#2907,1.);
#2907 = DIRECTION('',(-0.382678244204,-0.923881681501,0.));
#2908 = PLANE('',#2909);
#2909 = AXIS2_PLACEMENT_3D('',#2910,#2911,#2912);
#2910 = CARTESIAN_POINT('',(1.647118,15.970737,1.51));
#2911 = DIRECTION('',(0.923881681501,-0.382678244204,0.));
#2912 = DIRECTION('',(-0.382678244204,-0.923881681501,0.));
#2913 = ADVANCED_FACE('',(#2914),#2939,.T.);
#2914 = FACE_BOUND('',#2915,.T.);
#2915 = EDGE_LOOP('',(#2916,#2917,#2925,#2933));
#2916 = ORIENTED_EDGE('',*,*,#2895,.T.);
#2917 = ORIENTED_EDGE('',*,*,#2918,.T.);
#2918 = EDGE_CURVE('',#2888,#2919,#2921,.T.);
#2919 = VERTEX_POINT('',#2920);
#2920 = CARTESIAN_POINT('',(0.9,15.187868,1.545));
#2921 = LINE('',#2922,#2923);
#2922 = CARTESIAN_POINT('',(1.624721,15.916665,1.545));
#2923 = VECTOR('',#2924,1.);
#2924 = DIRECTION('',(-0.705121118116,-0.709086883807,0.));
#2925 = ORIENTED_EDGE('',*,*,#2926,.F.);
#2926 = EDGE_CURVE('',#2927,#2919,#2929,.T.);
#2927 = VERTEX_POINT('',#2928);
#2928 = CARTESIAN_POINT('',(0.9,15.187868,1.51));
#2929 = LINE('',#2930,#2931);
#2930 = CARTESIAN_POINT('',(0.9,15.187868,1.51));
#2931 = VECTOR('',#2932,1.);
#2932 = DIRECTION('',(0.,0.,1.));
#2933 = ORIENTED_EDGE('',*,*,#2934,.F.);
#2934 = EDGE_CURVE('',#2896,#2927,#2935,.T.);
#2935 = LINE('',#2936,#2937);
#2936 = CARTESIAN_POINT('',(1.624721,15.916665,1.51));
#2937 = VECTOR('',#2938,1.);
#2938 = DIRECTION('',(-0.705121118116,-0.709086883807,0.));
#2939 = PLANE('',#2940);
#2940 = AXIS2_PLACEMENT_3D('',#2941,#2942,#2943);
#2941 = CARTESIAN_POINT('',(1.624721,15.916665,1.51));
#2942 = DIRECTION('',(0.709086883807,-0.705121118116,0.));
#2943 = DIRECTION('',(-0.705121118116,-0.709086883807,0.));
#2944 = ADVANCED_FACE('',(#2945),#2970,.T.);
#2945 = FACE_BOUND('',#2946,.T.);
#2946 = EDGE_LOOP('',(#2947,#2948,#2956,#2964));
#2947 = ORIENTED_EDGE('',*,*,#2926,.T.);
#2948 = ORIENTED_EDGE('',*,*,#2949,.T.);
#2949 = EDGE_CURVE('',#2919,#2950,#2952,.T.);
#2950 = VERTEX_POINT('',#2951);
#2951 = CARTESIAN_POINT('',(0.9,12.562132,1.545));
#2952 = LINE('',#2953,#2954);
#2953 = CARTESIAN_POINT('',(0.9,15.187868,1.545));
#2954 = VECTOR('',#2955,1.);
#2955 = DIRECTION('',(0.,-1.,0.));
#2956 = ORIENTED_EDGE('',*,*,#2957,.F.);
#2957 = EDGE_CURVE('',#2958,#2950,#2960,.T.);
#2958 = VERTEX_POINT('',#2959);
#2959 = CARTESIAN_POINT('',(0.9,12.562132,1.51));
#2960 = LINE('',#2961,#2962);
#2961 = CARTESIAN_POINT('',(0.9,12.562132,1.51));
#2962 = VECTOR('',#2963,1.);
#2963 = DIRECTION('',(0.,0.,1.));
#2964 = ORIENTED_EDGE('',*,*,#2965,.F.);
#2965 = EDGE_CURVE('',#2927,#2958,#2966,.T.);
#2966 = LINE('',#2967,#2968);
#2967 = CARTESIAN_POINT('',(0.9,15.187868,1.51));
#2968 = VECTOR('',#2969,1.);
#2969 = DIRECTION('',(0.,-1.,0.));
#2970 = PLANE('',#2971);
#2971 = AXIS2_PLACEMENT_3D('',#2972,#2973,#2974);
#2972 = CARTESIAN_POINT('',(0.9,15.187868,1.51));
#2973 = DIRECTION('',(1.,0.,-0.));
#2974 = DIRECTION('',(0.,-1.,0.));
#2975 = ADVANCED_FACE('',(#2976),#3001,.T.);
#2976 = FACE_BOUND('',#2977,.T.);
#2977 = EDGE_LOOP('',(#2978,#2979,#2987,#2995));
#2978 = ORIENTED_EDGE('',*,*,#2957,.T.);
#2979 = ORIENTED_EDGE('',*,*,#2980,.T.);
#2980 = EDGE_CURVE('',#2950,#2981,#2983,.T.);
#2981 = VERTEX_POINT('',#2982);
#2982 = CARTESIAN_POINT('',(1.312132,12.15,1.545));
#2983 = LINE('',#2984,#2985);
#2984 = CARTESIAN_POINT('',(0.9,12.562132,1.545));
#2985 = VECTOR('',#2986,1.);
#2986 = DIRECTION('',(0.707106781187,-0.707106781187,0.));
#2987 = ORIENTED_EDGE('',*,*,#2988,.F.);
#2988 = EDGE_CURVE('',#2989,#2981,#2991,.T.);
#2989 = VERTEX_POINT('',#2990);
#2990 = CARTESIAN_POINT('',(1.312132,12.15,1.51));
#2991 = LINE('',#2992,#2993);
#2992 = CARTESIAN_POINT('',(1.312132,12.15,1.51));
#2993 = VECTOR('',#2994,1.);
#2994 = DIRECTION('',(0.,0.,1.));
#2995 = ORIENTED_EDGE('',*,*,#2996,.F.);
#2996 = EDGE_CURVE('',#2958,#2989,#2997,.T.);
#2997 = LINE('',#2998,#2999);
#2998 = CARTESIAN_POINT('',(0.9,12.562132,1.51));
#2999 = VECTOR('',#3000,1.);
#3000 = DIRECTION('',(0.707106781187,-0.707106781187,0.));
#3001 = PLANE('',#3002);
#3002 = AXIS2_PLACEMENT_3D('',#3003,#3004,#3005);
#3003 = CARTESIAN_POINT('',(0.9,12.562132,1.51));
#3004 = DIRECTION('',(0.707106781187,0.707106781187,-0.));
#3005 = DIRECTION('',(0.707106781187,-0.707106781187,0.));
#3006 = ADVANCED_FACE('',(#3007),#3032,.T.);
#3007 = FACE_BOUND('',#3008,.T.);
#3008 = EDGE_LOOP('',(#3009,#3010,#3018,#3026));
#3009 = ORIENTED_EDGE('',*,*,#2988,.T.);
#3010 = ORIENTED_EDGE('',*,*,#3011,.T.);
#3011 = EDGE_CURVE('',#2981,#3012,#3014,.T.);
#3012 = VERTEX_POINT('',#3013);
#3013 = CARTESIAN_POINT('',(3.029264,12.147118,1.545));
#3014 = LINE('',#3015,#3016);
#3015 = CARTESIAN_POINT('',(1.312132,12.15,1.545));
#3016 = VECTOR('',#3017,1.);
#3017 = DIRECTION('',(0.999998591523,-1.678377632453E-03,0.));
#3018 = ORIENTED_EDGE('',*,*,#3019,.F.);
#3019 = EDGE_CURVE('',#3020,#3012,#3022,.T.);
#3020 = VERTEX_POINT('',#3021);
#3021 = CARTESIAN_POINT('',(3.029264,12.147118,1.51));
#3022 = LINE('',#3023,#3024);
#3023 = CARTESIAN_POINT('',(3.029264,12.147118,1.51));
#3024 = VECTOR('',#3025,1.);
#3025 = DIRECTION('',(0.,0.,1.));
#3026 = ORIENTED_EDGE('',*,*,#3027,.F.);
#3027 = EDGE_CURVE('',#2989,#3020,#3028,.T.);
#3028 = LINE('',#3029,#3030);
#3029 = CARTESIAN_POINT('',(1.312132,12.15,1.51));
#3030 = VECTOR('',#3031,1.);
#3031 = DIRECTION('',(0.999998591523,-1.678377632453E-03,0.));
#3032 = PLANE('',#3033);
#3033 = AXIS2_PLACEMENT_3D('',#3034,#3035,#3036);
#3034 = CARTESIAN_POINT('',(1.312132,12.15,1.51));
#3035 = DIRECTION('',(1.678377632453E-03,0.999998591523,-0.));
#3036 = DIRECTION('',(0.999998591523,-1.678377632453E-03,0.));
#3037 = ADVANCED_FACE('',(#3038),#3063,.T.);
#3038 = FACE_BOUND('',#3039,.T.);
#3039 = EDGE_LOOP('',(#3040,#3041,#3049,#3057));
#3040 = ORIENTED_EDGE('',*,*,#3019,.T.);
#3041 = ORIENTED_EDGE('',*,*,#3042,.T.);
#3042 = EDGE_CURVE('',#3012,#3043,#3045,.T.);
#3043 = VERTEX_POINT('',#3044);
#3044 = CARTESIAN_POINT('',(3.083335,12.124721,1.545));
#3045 = LINE('',#3046,#3047);
#3046 = CARTESIAN_POINT('',(3.029264,12.147118,1.545));
#3047 = VECTOR('',#3048,1.);
#3048 = DIRECTION('',(0.923879179303,-0.382684285085,0.));
#3049 = ORIENTED_EDGE('',*,*,#3050,.F.);
#3050 = EDGE_CURVE('',#3051,#3043,#3053,.T.);
#3051 = VERTEX_POINT('',#3052);
#3052 = CARTESIAN_POINT('',(3.083335,12.124721,1.51));
#3053 = LINE('',#3054,#3055);
#3054 = CARTESIAN_POINT('',(3.083335,12.124721,1.51));
#3055 = VECTOR('',#3056,1.);
#3056 = DIRECTION('',(0.,0.,1.));
#3057 = ORIENTED_EDGE('',*,*,#3058,.F.);
#3058 = EDGE_CURVE('',#3020,#3051,#3059,.T.);
#3059 = LINE('',#3060,#3061);
#3060 = CARTESIAN_POINT('',(3.029264,12.147118,1.51));
#3061 = VECTOR('',#3062,1.);
#3062 = DIRECTION('',(0.923879179303,-0.382684285085,0.));
#3063 = PLANE('',#3064);
#3064 = AXIS2_PLACEMENT_3D('',#3065,#3066,#3067);
#3065 = CARTESIAN_POINT('',(3.029264,12.147118,1.51));
#3066 = DIRECTION('',(0.382684285085,0.923879179303,-0.));
#3067 = DIRECTION('',(0.923879179303,-0.382684285085,0.));
#3068 = ADVANCED_FACE('',(#3069),#3094,.T.);
#3069 = FACE_BOUND('',#3070,.T.);
#3070 = EDGE_LOOP('',(#3071,#3072,#3080,#3088));
#3071 = ORIENTED_EDGE('',*,*,#3050,.T.);
#3072 = ORIENTED_EDGE('',*,*,#3073,.T.);
#3073 = EDGE_CURVE('',#3043,#3074,#3076,.T.);
#3074 = VERTEX_POINT('',#3075);
#3075 = CARTESIAN_POINT('',(4.874721,10.333335,1.545));
#3076 = LINE('',#3077,#3078);
#3077 = CARTESIAN_POINT('',(3.083335,12.124721,1.545));
#3078 = VECTOR('',#3079,1.);
#3079 = DIRECTION('',(0.707106781187,-0.707106781187,0.));
#3080 = ORIENTED_EDGE('',*,*,#3081,.F.);
#3081 = EDGE_CURVE('',#3082,#3074,#3084,.T.);
#3082 = VERTEX_POINT('',#3083);
#3083 = CARTESIAN_POINT('',(4.874721,10.333335,1.51));
#3084 = LINE('',#3085,#3086);
#3085 = CARTESIAN_POINT('',(4.874721,10.333335,1.51));
#3086 = VECTOR('',#3087,1.);
#3087 = DIRECTION('',(0.,0.,1.));
#3088 = ORIENTED_EDGE('',*,*,#3089,.F.);
#3089 = EDGE_CURVE('',#3051,#3082,#3090,.T.);
#3090 = LINE('',#3091,#3092);
#3091 = CARTESIAN_POINT('',(3.083335,12.124721,1.51));
#3092 = VECTOR('',#3093,1.);
#3093 = DIRECTION('',(0.707106781187,-0.707106781187,0.));
#3094 = PLANE('',#3095);
#3095 = AXIS2_PLACEMENT_3D('',#3096,#3097,#3098);
#3096 = CARTESIAN_POINT('',(3.083335,12.124721,1.51));
#3097 = DIRECTION('',(0.707106781187,0.707106781187,-0.));
#3098 = DIRECTION('',(0.707106781187,-0.707106781187,0.));
#3099 = ADVANCED_FACE('',(#3100),#3125,.T.);
#3100 = FACE_BOUND('',#3101,.T.);
#3101 = EDGE_LOOP('',(#3102,#3103,#3111,#3119));
#3102 = ORIENTED_EDGE('',*,*,#3081,.T.);
#3103 = ORIENTED_EDGE('',*,*,#3104,.T.);
#3104 = EDGE_CURVE('',#3074,#3105,#3107,.T.);
#3105 = VERTEX_POINT('',#3106);
#3106 = CARTESIAN_POINT('',(4.897118,10.279264,1.545));
#3107 = LINE('',#3108,#3109);
#3108 = CARTESIAN_POINT('',(4.874721,10.333335,1.545));
#3109 = VECTOR('',#3110,1.);
#3110 = DIRECTION('',(0.382684285085,-0.923879179303,0.));
#3111 = ORIENTED_EDGE('',*,*,#3112,.F.);
#3112 = EDGE_CURVE('',#3113,#3105,#3115,.T.);
#3113 = VERTEX_POINT('',#3114);
#3114 = CARTESIAN_POINT('',(4.897118,10.279264,1.51));
#3115 = LINE('',#3116,#3117);
#3116 = CARTESIAN_POINT('',(4.897118,10.279264,1.51));
#3117 = VECTOR('',#3118,1.);
#3118 = DIRECTION('',(0.,0.,1.));
#3119 = ORIENTED_EDGE('',*,*,#3120,.F.);
#3120 = EDGE_CURVE('',#3082,#3113,#3121,.T.);
#3121 = LINE('',#3122,#3123);
#3122 = CARTESIAN_POINT('',(4.874721,10.333335,1.51));
#3123 = VECTOR('',#3124,1.);
#3124 = DIRECTION('',(0.382684285085,-0.923879179303,0.));
#3125 = PLANE('',#3126);
#3126 = AXIS2_PLACEMENT_3D('',#3127,#3128,#3129);
#3127 = CARTESIAN_POINT('',(4.874721,10.333335,1.51));
#3128 = DIRECTION('',(0.923879179303,0.382684285085,-0.));
#3129 = DIRECTION('',(0.382684285085,-0.923879179303,0.));
#3130 = ADVANCED_FACE('',(#3131),#3156,.T.);
#3131 = FACE_BOUND('',#3132,.T.);
#3132 = EDGE_LOOP('',(#3133,#3134,#3142,#3150));
#3133 = ORIENTED_EDGE('',*,*,#3112,.T.);
#3134 = ORIENTED_EDGE('',*,*,#3135,.T.);
#3135 = EDGE_CURVE('',#3105,#3136,#3138,.T.);
#3136 = VERTEX_POINT('',#3137);
#3137 = CARTESIAN_POINT('',(4.9,6.562132,1.545));
#3138 = LINE('',#3139,#3140);
#3139 = CARTESIAN_POINT('',(4.897118,10.279264,1.545));
#3140 = VECTOR('',#3141,1.);
#3141 = DIRECTION('',(7.753287033566E-04,-0.999999699433,0.));
#3142 = ORIENTED_EDGE('',*,*,#3143,.F.);
#3143 = EDGE_CURVE('',#3144,#3136,#3146,.T.);
#3144 = VERTEX_POINT('',#3145);
#3145 = CARTESIAN_POINT('',(4.9,6.562132,1.51));
#3146 = LINE('',#3147,#3148);
#3147 = CARTESIAN_POINT('',(4.9,6.562132,1.51));
#3148 = VECTOR('',#3149,1.);
#3149 = DIRECTION('',(0.,0.,1.));
#3150 = ORIENTED_EDGE('',*,*,#3151,.F.);
#3151 = EDGE_CURVE('',#3113,#3144,#3152,.T.);
#3152 = LINE('',#3153,#3154);
#3153 = CARTESIAN_POINT('',(4.897118,10.279264,1.51));
#3154 = VECTOR('',#3155,1.);
#3155 = DIRECTION('',(7.753287033566E-04,-0.999999699433,0.));
#3156 = PLANE('',#3157);
#3157 = AXIS2_PLACEMENT_3D('',#3158,#3159,#3160);
#3158 = CARTESIAN_POINT('',(4.897118,10.279264,1.51));
#3159 = DIRECTION('',(0.999999699433,7.753287033566E-04,-0.));
#3160 = DIRECTION('',(7.753287033566E-04,-0.999999699433,0.));
#3161 = ADVANCED_FACE('',(#3162),#3187,.T.);
#3162 = FACE_BOUND('',#3163,.T.);
#3163 = EDGE_LOOP('',(#3164,#3165,#3173,#3181));
#3164 = ORIENTED_EDGE('',*,*,#3143,.T.);
#3165 = ORIENTED_EDGE('',*,*,#3166,.T.);
#3166 = EDGE_CURVE('',#3136,#3167,#3169,.T.);
#3167 = VERTEX_POINT('',#3168);
#3168 = CARTESIAN_POINT('',(5.374721,6.083335,1.545));
#3169 = LINE('',#3170,#3171);
#3170 = CARTESIAN_POINT('',(4.9,6.562132,1.545));
#3171 = VECTOR('',#3172,1.);
#3172 = DIRECTION('',(0.70407768156,-0.710122960007,0.));
#3173 = ORIENTED_EDGE('',*,*,#3174,.F.);
#3174 = EDGE_CURVE('',#3175,#3167,#3177,.T.);
#3175 = VERTEX_POINT('',#3176);
#3176 = CARTESIAN_POINT('',(5.374721,6.083335,1.51));
#3177 = LINE('',#3178,#3179);
#3178 = CARTESIAN_POINT('',(5.374721,6.083335,1.51));
#3179 = VECTOR('',#3180,1.);
#3180 = DIRECTION('',(0.,0.,1.));
#3181 = ORIENTED_EDGE('',*,*,#3182,.F.);
#3182 = EDGE_CURVE('',#3144,#3175,#3183,.T.);
#3183 = LINE('',#3184,#3185);
#3184 = CARTESIAN_POINT('',(4.9,6.562132,1.51));
#3185 = VECTOR('',#3186,1.);
#3186 = DIRECTION('',(0.70407768156,-0.710122960007,0.));
#3187 = PLANE('',#3188);
#3188 = AXIS2_PLACEMENT_3D('',#3189,#3190,#3191);
#3189 = CARTESIAN_POINT('',(4.9,6.562132,1.51));
#3190 = DIRECTION('',(0.710122960007,0.70407768156,-0.));
#3191 = DIRECTION('',(0.70407768156,-0.710122960007,0.));
#3192 = ADVANCED_FACE('',(#3193),#3218,.T.);
#3193 = FACE_BOUND('',#3194,.T.);
#3194 = EDGE_LOOP('',(#3195,#3196,#3204,#3212));
#3195 = ORIENTED_EDGE('',*,*,#3174,.T.);
#3196 = ORIENTED_EDGE('',*,*,#3197,.T.);
#3197 = EDGE_CURVE('',#3167,#3198,#3200,.T.);
#3198 = VERTEX_POINT('',#3199);
#3199 = CARTESIAN_POINT('',(5.397118,6.029264,1.545));
#3200 = LINE('',#3201,#3202);
#3201 = CARTESIAN_POINT('',(5.374721,6.083335,1.545));
#3202 = VECTOR('',#3203,1.);
#3203 = DIRECTION('',(0.382684285085,-0.923879179303,0.));
#3204 = ORIENTED_EDGE('',*,*,#3205,.F.);
#3205 = EDGE_CURVE('',#3206,#3198,#3208,.T.);
#3206 = VERTEX_POINT('',#3207);
#3207 = CARTESIAN_POINT('',(5.397118,6.029264,1.51));
#3208 = LINE('',#3209,#3210);
#3209 = CARTESIAN_POINT('',(5.397118,6.029264,1.51));
#3210 = VECTOR('',#3211,1.);
#3211 = DIRECTION('',(0.,0.,1.));
#3212 = ORIENTED_EDGE('',*,*,#3213,.F.);
#3213 = EDGE_CURVE('',#3175,#3206,#3214,.T.);
#3214 = LINE('',#3215,#3216);
#3215 = CARTESIAN_POINT('',(5.374721,6.083335,1.51));
#3216 = VECTOR('',#3217,1.);
#3217 = DIRECTION('',(0.382684285085,-0.923879179303,0.));
#3218 = PLANE('',#3219);
#3219 = AXIS2_PLACEMENT_3D('',#3220,#3221,#3222);
#3220 = CARTESIAN_POINT('',(5.374721,6.083335,1.51));
#3221 = DIRECTION('',(0.923879179303,0.382684285085,-0.));
#3222 = DIRECTION('',(0.382684285085,-0.923879179303,0.));
#3223 = ADVANCED_FACE('',(#3224),#3249,.T.);
#3224 = FACE_BOUND('',#3225,.T.);
#3225 = EDGE_LOOP('',(#3226,#3227,#3235,#3243));
#3226 = ORIENTED_EDGE('',*,*,#3205,.T.);
#3227 = ORIENTED_EDGE('',*,*,#3228,.T.);
#3228 = EDGE_CURVE('',#3198,#3229,#3231,.T.);
#3229 = VERTEX_POINT('',#3230);
#3230 = CARTESIAN_POINT('',(5.397118,5.045736,1.545));
#3231 = LINE('',#3232,#3233);
#3232 = CARTESIAN_POINT('',(5.397118,6.029264,1.545));
#3233 = VECTOR('',#3234,1.);
#3234 = DIRECTION('',(0.,-1.,0.));
#3235 = ORIENTED_EDGE('',*,*,#3236,.F.);
#3236 = EDGE_CURVE('',#3237,#3229,#3239,.T.);
#3237 = VERTEX_POINT('',#3238);
#3238 = CARTESIAN_POINT('',(5.397118,5.045736,1.51));
#3239 = LINE('',#3240,#3241);
#3240 = CARTESIAN_POINT('',(5.397118,5.045736,1.51));
#3241 = VECTOR('',#3242,1.);
#3242 = DIRECTION('',(0.,0.,1.));
#3243 = ORIENTED_EDGE('',*,*,#3244,.F.);
#3244 = EDGE_CURVE('',#3206,#3237,#3245,.T.);
#3245 = LINE('',#3246,#3247);
#3246 = CARTESIAN_POINT('',(5.397118,6.029264,1.51));
#3247 = VECTOR('',#3248,1.);
#3248 = DIRECTION('',(0.,-1.,0.));
#3249 = PLANE('',#3250);
#3250 = AXIS2_PLACEMENT_3D('',#3251,#3252,#3253);
#3251 = CARTESIAN_POINT('',(5.397118,6.029264,1.51));
#3252 = DIRECTION('',(1.,0.,-0.));
#3253 = DIRECTION('',(0.,-1.,0.));
#3254 = ADVANCED_FACE('',(#3255),#3282,.T.);
#3255 = FACE_BOUND('',#3256,.T.);
#3256 = EDGE_LOOP('',(#3257,#3258,#3267,#3275));
#3257 = ORIENTED_EDGE('',*,*,#3236,.T.);
#3258 = ORIENTED_EDGE('',*,*,#3259,.T.);
#3259 = EDGE_CURVE('',#3229,#3260,#3262,.T.);
#3260 = VERTEX_POINT('',#3261);
#3261 = CARTESIAN_POINT('',(5.102882,5.045736,1.545));
#3262 = CIRCLE('',#3263,0.150000292066);
#3263 = AXIS2_PLACEMENT_3D('',#3264,#3265,#3266);
#3264 = CARTESIAN_POINT('',(5.25,5.075,1.545));
#3265 = DIRECTION('',(-0.,0.,-1.));
#3266 = DIRECTION('',(0.980784756972,-0.195092953466,-0.));
#3267 = ORIENTED_EDGE('',*,*,#3268,.F.);
#3268 = EDGE_CURVE('',#3269,#3260,#3271,.T.);
#3269 = VERTEX_POINT('',#3270);
#3270 = CARTESIAN_POINT('',(5.102882,5.045736,1.51));
#3271 = LINE('',#3272,#3273);
#3272 = CARTESIAN_POINT('',(5.102882,5.045736,1.51));
#3273 = VECTOR('',#3274,1.);
#3274 = DIRECTION('',(0.,0.,1.));
#3275 = ORIENTED_EDGE('',*,*,#3276,.F.);
#3276 = EDGE_CURVE('',#3237,#3269,#3277,.T.);
#3277 = CIRCLE('',#3278,0.150000292066);
#3278 = AXIS2_PLACEMENT_3D('',#3279,#3280,#3281);
#3279 = CARTESIAN_POINT('',(5.25,5.075,1.51));
#3280 = DIRECTION('',(-0.,0.,-1.));
#3281 = DIRECTION('',(0.980784756972,-0.195092953466,-0.));
#3282 = CYLINDRICAL_SURFACE('',#3283,0.150000292066);
#3283 = AXIS2_PLACEMENT_3D('',#3284,#3285,#3286);
#3284 = CARTESIAN_POINT('',(5.25,5.075,1.51));
#3285 = DIRECTION('',(-0.,0.,-1.));
#3286 = DIRECTION('',(0.980784756972,-0.195092953466,-0.));
#3287 = ADVANCED_FACE('',(#3288),#3313,.T.);
#3288 = FACE_BOUND('',#3289,.T.);
#3289 = EDGE_LOOP('',(#3290,#3291,#3299,#3307));
#3290 = ORIENTED_EDGE('',*,*,#3268,.T.);
#3291 = ORIENTED_EDGE('',*,*,#3292,.T.);
#3292 = EDGE_CURVE('',#3260,#3293,#3295,.T.);
#3293 = VERTEX_POINT('',#3294);
#3294 = CARTESIAN_POINT('',(5.1,5.937868,1.545));
#3295 = LINE('',#3296,#3297);
#3296 = CARTESIAN_POINT('',(5.102882,5.045736,1.545));
#3297 = VECTOR('',#3298,1.);
#3298 = DIRECTION('',(-3.230446797103E-03,0.999994782093,0.));
#3299 = ORIENTED_EDGE('',*,*,#3300,.F.);
#3300 = EDGE_CURVE('',#3301,#3293,#3303,.T.);
#3301 = VERTEX_POINT('',#3302);
#3302 = CARTESIAN_POINT('',(5.1,5.937868,1.51));
#3303 = LINE('',#3304,#3305);
#3304 = CARTESIAN_POINT('',(5.1,5.937868,1.51));
#3305 = VECTOR('',#3306,1.);
#3306 = DIRECTION('',(0.,0.,1.));
#3307 = ORIENTED_EDGE('',*,*,#3308,.F.);
#3308 = EDGE_CURVE('',#3269,#3301,#3309,.T.);
#3309 = LINE('',#3310,#3311);
#3310 = CARTESIAN_POINT('',(5.102882,5.045736,1.51));
#3311 = VECTOR('',#3312,1.);
#3312 = DIRECTION('',(-3.230446797103E-03,0.999994782093,0.));
#3313 = PLANE('',#3314);
#3314 = AXIS2_PLACEMENT_3D('',#3315,#3316,#3317);
#3315 = CARTESIAN_POINT('',(5.102882,5.045736,1.51));
#3316 = DIRECTION('',(-0.999994782093,-3.230446797103E-03,0.));
#3317 = DIRECTION('',(-3.230446797103E-03,0.999994782093,0.));
#3318 = ADVANCED_FACE('',(#3319),#3344,.T.);
#3319 = FACE_BOUND('',#3320,.T.);
#3320 = EDGE_LOOP('',(#3321,#3322,#3330,#3338));
#3321 = ORIENTED_EDGE('',*,*,#3300,.T.);
#3322 = ORIENTED_EDGE('',*,*,#3323,.T.);
#3323 = EDGE_CURVE('',#3293,#3324,#3326,.T.);
#3324 = VERTEX_POINT('',#3325);
#3325 = CARTESIAN_POINT('',(4.625279,6.416665,1.545));
#3326 = LINE('',#3327,#3328);
#3327 = CARTESIAN_POINT('',(5.1,5.937868,1.545));
#3328 = VECTOR('',#3329,1.);
#3329 = DIRECTION('',(-0.70407768156,0.710122960007,0.));
#3330 = ORIENTED_EDGE('',*,*,#3331,.F.);
#3331 = EDGE_CURVE('',#3332,#3324,#3334,.T.);
#3332 = VERTEX_POINT('',#3333);
#3333 = CARTESIAN_POINT('',(4.625279,6.416665,1.51));
#3334 = LINE('',#3335,#3336);
#3335 = CARTESIAN_POINT('',(4.625279,6.416665,1.51));
#3336 = VECTOR('',#3337,1.);
#3337 = DIRECTION('',(0.,0.,1.));
#3338 = ORIENTED_EDGE('',*,*,#3339,.F.);
#3339 = EDGE_CURVE('',#3301,#3332,#3340,.T.);
#3340 = LINE('',#3341,#3342);
#3341 = CARTESIAN_POINT('',(5.1,5.937868,1.51));
#3342 = VECTOR('',#3343,1.);
#3343 = DIRECTION('',(-0.70407768156,0.710122960007,0.));
#3344 = PLANE('',#3345);
#3345 = AXIS2_PLACEMENT_3D('',#3346,#3347,#3348);
#3346 = CARTESIAN_POINT('',(5.1,5.937868,1.51));
#3347 = DIRECTION('',(-0.710122960007,-0.70407768156,0.));
#3348 = DIRECTION('',(-0.70407768156,0.710122960007,0.));
#3349 = ADVANCED_FACE('',(#3350),#3375,.T.);
#3350 = FACE_BOUND('',#3351,.T.);
#3351 = EDGE_LOOP('',(#3352,#3353,#3361,#3369));
#3352 = ORIENTED_EDGE('',*,*,#3331,.T.);
#3353 = ORIENTED_EDGE('',*,*,#3354,.T.);
#3354 = EDGE_CURVE('',#3324,#3355,#3357,.T.);
#3355 = VERTEX_POINT('',#3356);
#3356 = CARTESIAN_POINT('',(4.602882,6.470737,1.545));
#3357 = LINE('',#3358,#3359);
#3358 = CARTESIAN_POINT('',(4.625279,6.416665,1.545));
#3359 = VECTOR('',#3360,1.);
#3360 = DIRECTION('',(-0.382678244204,0.923881681501,0.));
#3361 = ORIENTED_EDGE('',*,*,#3362,.F.);
#3362 = EDGE_CURVE('',#3363,#3355,#3365,.T.);
#3363 = VERTEX_POINT('',#3364);
#3364 = CARTESIAN_POINT('',(4.602882,6.470737,1.51));
#3365 = LINE('',#3366,#3367);
#3366 = CARTESIAN_POINT('',(4.602882,6.470737,1.51));
#3367 = VECTOR('',#3368,1.);
#3368 = DIRECTION('',(0.,0.,1.));
#3369 = ORIENTED_EDGE('',*,*,#3370,.F.);
#3370 = EDGE_CURVE('',#3332,#3363,#3371,.T.);
#3371 = LINE('',#3372,#3373);
#3372 = CARTESIAN_POINT('',(4.625279,6.416665,1.51));
#3373 = VECTOR('',#3374,1.);
#3374 = DIRECTION('',(-0.382678244204,0.923881681501,0.));
#3375 = PLANE('',#3376);
#3376 = AXIS2_PLACEMENT_3D('',#3377,#3378,#3379);
#3377 = CARTESIAN_POINT('',(4.625279,6.416665,1.51));
#3378 = DIRECTION('',(-0.923881681501,-0.382678244204,0.));
#3379 = DIRECTION('',(-0.382678244204,0.923881681501,0.));
#3380 = ADVANCED_FACE('',(#3381),#3406,.T.);
#3381 = FACE_BOUND('',#3382,.T.);
#3382 = EDGE_LOOP('',(#3383,#3384,#3392,#3400));
#3383 = ORIENTED_EDGE('',*,*,#3362,.T.);
#3384 = ORIENTED_EDGE('',*,*,#3385,.T.);
#3385 = EDGE_CURVE('',#3355,#3386,#3388,.T.);
#3386 = VERTEX_POINT('',#3387);
#3387 = CARTESIAN_POINT('',(4.6,10.187868,1.545));
#3388 = LINE('',#3389,#3390);
#3389 = CARTESIAN_POINT('',(4.602882,6.470737,1.545));
#3390 = VECTOR('',#3391,1.);
#3391 = DIRECTION('',(-7.753289119391E-04,0.999999699432,0.));
#3392 = ORIENTED_EDGE('',*,*,#3393,.F.);
#3393 = EDGE_CURVE('',#3394,#3386,#3396,.T.);
#3394 = VERTEX_POINT('',#3395);
#3395 = CARTESIAN_POINT('',(4.6,10.187868,1.51));
#3396 = LINE('',#3397,#3398);
#3397 = CARTESIAN_POINT('',(4.6,10.187868,1.51));
#3398 = VECTOR('',#3399,1.);
#3399 = DIRECTION('',(0.,0.,1.));
#3400 = ORIENTED_EDGE('',*,*,#3401,.F.);
#3401 = EDGE_CURVE('',#3363,#3394,#3402,.T.);
#3402 = LINE('',#3403,#3404);
#3403 = CARTESIAN_POINT('',(4.602882,6.470737,1.51));
#3404 = VECTOR('',#3405,1.);
#3405 = DIRECTION('',(-7.753289119391E-04,0.999999699432,0.));
#3406 = PLANE('',#3407);
#3407 = AXIS2_PLACEMENT_3D('',#3408,#3409,#3410);
#3408 = CARTESIAN_POINT('',(4.602882,6.470737,1.51));
#3409 = DIRECTION('',(-0.999999699432,-7.753289119391E-04,0.));
#3410 = DIRECTION('',(-7.753289119391E-04,0.999999699432,0.));
#3411 = ADVANCED_FACE('',(#3412),#3437,.T.);
#3412 = FACE_BOUND('',#3413,.T.);
#3413 = EDGE_LOOP('',(#3414,#3415,#3423,#3431));
#3414 = ORIENTED_EDGE('',*,*,#3393,.T.);
#3415 = ORIENTED_EDGE('',*,*,#3416,.T.);
#3416 = EDGE_CURVE('',#3386,#3417,#3419,.T.);
#3417 = VERTEX_POINT('',#3418);
#3418 = CARTESIAN_POINT('',(2.937868,11.85,1.545));
#3419 = LINE('',#3420,#3421);
#3420 = CARTESIAN_POINT('',(4.6,10.187868,1.545));
#3421 = VECTOR('',#3422,1.);
#3422 = DIRECTION('',(-0.707106781187,0.707106781187,0.));
#3423 = ORIENTED_EDGE('',*,*,#3424,.F.);
#3424 = EDGE_CURVE('',#3425,#3417,#3427,.T.);
#3425 = VERTEX_POINT('',#3426);
#3426 = CARTESIAN_POINT('',(2.937868,11.85,1.51));
#3427 = LINE('',#3428,#3429);
#3428 = CARTESIAN_POINT('',(2.937868,11.85,1.51));
#3429 = VECTOR('',#3430,1.);
#3430 = DIRECTION('',(0.,0.,1.));
#3431 = ORIENTED_EDGE('',*,*,#3432,.F.);
#3432 = EDGE_CURVE('',#3394,#3425,#3433,.T.);
#3433 = LINE('',#3434,#3435);
#3434 = CARTESIAN_POINT('',(4.6,10.187868,1.51));
#3435 = VECTOR('',#3436,1.);
#3436 = DIRECTION('',(-0.707106781187,0.707106781187,0.));
#3437 = PLANE('',#3438);
#3438 = AXIS2_PLACEMENT_3D('',#3439,#3440,#3441);
#3439 = CARTESIAN_POINT('',(4.6,10.187868,1.51));
#3440 = DIRECTION('',(-0.707106781187,-0.707106781187,0.));
#3441 = DIRECTION('',(-0.707106781187,0.707106781187,0.));
#3442 = ADVANCED_FACE('',(#3443),#3468,.T.);
#3443 = FACE_BOUND('',#3444,.T.);
#3444 = EDGE_LOOP('',(#3445,#3446,#3454,#3462));
#3445 = ORIENTED_EDGE('',*,*,#3424,.T.);
#3446 = ORIENTED_EDGE('',*,*,#3447,.T.);
#3447 = EDGE_CURVE('',#3417,#3448,#3450,.T.);
#3448 = VERTEX_POINT('',#3449);
#3449 = CARTESIAN_POINT('',(1.220736,11.852882,1.545));
#3450 = LINE('',#3451,#3452);
#3451 = CARTESIAN_POINT('',(2.937868,11.85,1.545));
#3452 = VECTOR('',#3453,1.);
#3453 = DIRECTION('',(-0.999998591523,1.678377632453E-03,0.));
#3454 = ORIENTED_EDGE('',*,*,#3455,.F.);
#3455 = EDGE_CURVE('',#3456,#3448,#3458,.T.);
#3456 = VERTEX_POINT('',#3457);
#3457 = CARTESIAN_POINT('',(1.220736,11.852882,1.51));
#3458 = LINE('',#3459,#3460);
#3459 = CARTESIAN_POINT('',(1.220736,11.852882,1.51));
#3460 = VECTOR('',#3461,1.);
#3461 = DIRECTION('',(0.,0.,1.));
#3462 = ORIENTED_EDGE('',*,*,#3463,.F.);
#3463 = EDGE_CURVE('',#3425,#3456,#3464,.T.);
#3464 = LINE('',#3465,#3466);
#3465 = CARTESIAN_POINT('',(2.937868,11.85,1.51));
#3466 = VECTOR('',#3467,1.);
#3467 = DIRECTION('',(-0.999998591523,1.678377632453E-03,0.));
#3468 = PLANE('',#3469);
#3469 = AXIS2_PLACEMENT_3D('',#3470,#3471,#3472);
#3470 = CARTESIAN_POINT('',(2.937868,11.85,1.51));
#3471 = DIRECTION('',(-1.678377632453E-03,-0.999998591523,0.));
#3472 = DIRECTION('',(-0.999998591523,1.678377632453E-03,0.));
#3473 = ADVANCED_FACE('',(#3474),#3499,.T.);
#3474 = FACE_BOUND('',#3475,.T.);
#3475 = EDGE_LOOP('',(#3476,#3477,#3485,#3493));
#3476 = ORIENTED_EDGE('',*,*,#3455,.T.);
#3477 = ORIENTED_EDGE('',*,*,#3478,.T.);
#3478 = EDGE_CURVE('',#3448,#3479,#3481,.T.);
#3479 = VERTEX_POINT('',#3480);
#3480 = CARTESIAN_POINT('',(1.166665,11.875279,1.545));
#3481 = LINE('',#3482,#3483);
#3482 = CARTESIAN_POINT('',(1.220736,11.852882,1.545));
#3483 = VECTOR('',#3484,1.);
#3484 = DIRECTION('',(-0.923879179303,0.382684285085,0.));
#3485 = ORIENTED_EDGE('',*,*,#3486,.F.);
#3486 = EDGE_CURVE('',#3487,#3479,#3489,.T.);
#3487 = VERTEX_POINT('',#3488);
#3488 = CARTESIAN_POINT('',(1.166665,11.875279,1.51));
#3489 = LINE('',#3490,#3491);
#3490 = CARTESIAN_POINT('',(1.166665,11.875279,1.51));
#3491 = VECTOR('',#3492,1.);
#3492 = DIRECTION('',(0.,0.,1.));
#3493 = ORIENTED_EDGE('',*,*,#3494,.F.);
#3494 = EDGE_CURVE('',#3456,#3487,#3495,.T.);
#3495 = LINE('',#3496,#3497);
#3496 = CARTESIAN_POINT('',(1.220736,11.852882,1.51));
#3497 = VECTOR('',#3498,1.);
#3498 = DIRECTION('',(-0.923879179303,0.382684285085,0.));
#3499 = PLANE('',#3500);
#3500 = AXIS2_PLACEMENT_3D('',#3501,#3502,#3503);
#3501 = CARTESIAN_POINT('',(1.220736,11.852882,1.51));
#3502 = DIRECTION('',(-0.382684285085,-0.923879179303,0.));
#3503 = DIRECTION('',(-0.923879179303,0.382684285085,0.));
#3504 = ADVANCED_FACE('',(#3505),#3530,.T.);
#3505 = FACE_BOUND('',#3506,.T.);
#3506 = EDGE_LOOP('',(#3507,#3508,#3516,#3524));
#3507 = ORIENTED_EDGE('',*,*,#3486,.T.);
#3508 = ORIENTED_EDGE('',*,*,#3509,.T.);
#3509 = EDGE_CURVE('',#3479,#3510,#3512,.T.);
#3510 = VERTEX_POINT('',#3511);
#3511 = CARTESIAN_POINT('',(0.625279,12.416665,1.545));
#3512 = LINE('',#3513,#3514);
#3513 = CARTESIAN_POINT('',(1.166665,11.875279,1.545));
#3514 = VECTOR('',#3515,1.);
#3515 = DIRECTION('',(-0.707106781187,0.707106781187,0.));
#3516 = ORIENTED_EDGE('',*,*,#3517,.F.);
#3517 = EDGE_CURVE('',#3518,#3510,#3520,.T.);
#3518 = VERTEX_POINT('',#3519);
#3519 = CARTESIAN_POINT('',(0.625279,12.416665,1.51));
#3520 = LINE('',#3521,#3522);
#3521 = CARTESIAN_POINT('',(0.625279,12.416665,1.51));
#3522 = VECTOR('',#3523,1.);
#3523 = DIRECTION('',(0.,0.,1.));
#3524 = ORIENTED_EDGE('',*,*,#3525,.F.);
#3525 = EDGE_CURVE('',#3487,#3518,#3526,.T.);
#3526 = LINE('',#3527,#3528);
#3527 = CARTESIAN_POINT('',(1.166665,11.875279,1.51));
#3528 = VECTOR('',#3529,1.);
#3529 = DIRECTION('',(-0.707106781187,0.707106781187,0.));
#3530 = PLANE('',#3531);
#3531 = AXIS2_PLACEMENT_3D('',#3532,#3533,#3534);
#3532 = CARTESIAN_POINT('',(1.166665,11.875279,1.51));
#3533 = DIRECTION('',(-0.707106781187,-0.707106781187,0.));
#3534 = DIRECTION('',(-0.707106781187,0.707106781187,0.));
#3535 = ADVANCED_FACE('',(#3536),#3561,.T.);
#3536 = FACE_BOUND('',#3537,.T.);
#3537 = EDGE_LOOP('',(#3538,#3539,#3547,#3555));
#3538 = ORIENTED_EDGE('',*,*,#3517,.T.);
#3539 = ORIENTED_EDGE('',*,*,#3540,.T.);
#3540 = EDGE_CURVE('',#3510,#3541,#3543,.T.);
#3541 = VERTEX_POINT('',#3542);
#3542 = CARTESIAN_POINT('',(0.602882,12.470737,1.545));
#3543 = LINE('',#3544,#3545);
#3544 = CARTESIAN_POINT('',(0.625279,12.416665,1.545));
#3545 = VECTOR('',#3546,1.);
#3546 = DIRECTION('',(-0.382678244204,0.923881681501,0.));
#3547 = ORIENTED_EDGE('',*,*,#3548,.F.);
#3548 = EDGE_CURVE('',#3549,#3541,#3551,.T.);
#3549 = VERTEX_POINT('',#3550);
#3550 = CARTESIAN_POINT('',(0.602882,12.470737,1.51));
#3551 = LINE('',#3552,#3553);
#3552 = CARTESIAN_POINT('',(0.602882,12.470737,1.51));
#3553 = VECTOR('',#3554,1.);
#3554 = DIRECTION('',(0.,0.,1.));
#3555 = ORIENTED_EDGE('',*,*,#3556,.F.);
#3556 = EDGE_CURVE('',#3518,#3549,#3557,.T.);
#3557 = LINE('',#3558,#3559);
#3558 = CARTESIAN_POINT('',(0.625279,12.416665,1.51));
#3559 = VECTOR('',#3560,1.);
#3560 = DIRECTION('',(-0.382678244204,0.923881681501,0.));
#3561 = PLANE('',#3562);
#3562 = AXIS2_PLACEMENT_3D('',#3563,#3564,#3565);
#3563 = CARTESIAN_POINT('',(0.625279,12.416665,1.51));
#3564 = DIRECTION('',(-0.923881681501,-0.382678244204,0.));
#3565 = DIRECTION('',(-0.382678244204,0.923881681501,0.));
#3566 = ADVANCED_FACE('',(#3567),#3592,.T.);
#3567 = FACE_BOUND('',#3568,.T.);
#3568 = EDGE_LOOP('',(#3569,#3570,#3578,#3586));
#3569 = ORIENTED_EDGE('',*,*,#3548,.T.);
#3570 = ORIENTED_EDGE('',*,*,#3571,.T.);
#3571 = EDGE_CURVE('',#3541,#3572,#3574,.T.);
#3572 = VERTEX_POINT('',#3573);
#3573 = CARTESIAN_POINT('',(0.602882,15.279264,1.545));
#3574 = LINE('',#3575,#3576);
#3575 = CARTESIAN_POINT('',(0.602882,12.470737,1.545));
#3576 = VECTOR('',#3577,1.);
#3577 = DIRECTION('',(0.,1.,0.));
#3578 = ORIENTED_EDGE('',*,*,#3579,.F.);
#3579 = EDGE_CURVE('',#3580,#3572,#3582,.T.);
#3580 = VERTEX_POINT('',#3581);
#3581 = CARTESIAN_POINT('',(0.602882,15.279264,1.51));
#3582 = LINE('',#3583,#3584);
#3583 = CARTESIAN_POINT('',(0.602882,15.279264,1.51));
#3584 = VECTOR('',#3585,1.);
#3585 = DIRECTION('',(0.,0.,1.));
#3586 = ORIENTED_EDGE('',*,*,#3587,.F.);
#3587 = EDGE_CURVE('',#3549,#3580,#3588,.T.);
#3588 = LINE('',#3589,#3590);
#3589 = CARTESIAN_POINT('',(0.602882,12.470737,1.51));
#3590 = VECTOR('',#3591,1.);
#3591 = DIRECTION('',(0.,1.,0.));
#3592 = PLANE('',#3593);
#3593 = AXIS2_PLACEMENT_3D('',#3594,#3595,#3596);
#3594 = CARTESIAN_POINT('',(0.602882,12.470737,1.51));
#3595 = DIRECTION('',(-1.,0.,0.));
#3596 = DIRECTION('',(0.,1.,0.));
#3597 = ADVANCED_FACE('',(#3598),#3623,.T.);
#3598 = FACE_BOUND('',#3599,.T.);
#3599 = EDGE_LOOP('',(#3600,#3601,#3609,#3617));
#3600 = ORIENTED_EDGE('',*,*,#3579,.T.);
#3601 = ORIENTED_EDGE('',*,*,#3602,.T.);
#3602 = EDGE_CURVE('',#3572,#3603,#3605,.T.);
#3603 = VERTEX_POINT('',#3604);
#3604 = CARTESIAN_POINT('',(0.625279,15.333335,1.545));
#3605 = LINE('',#3606,#3607);
#3606 = CARTESIAN_POINT('',(0.602882,15.279264,1.545));
#3607 = VECTOR('',#3608,1.);
#3608 = DIRECTION('',(0.382684285085,0.923879179303,0.));
#3609 = ORIENTED_EDGE('',*,*,#3610,.F.);
#3610 = EDGE_CURVE('',#3611,#3603,#3613,.T.);
#3611 = VERTEX_POINT('',#3612);
#3612 = CARTESIAN_POINT('',(0.625279,15.333335,1.51));
#3613 = LINE('',#3614,#3615);
#3614 = CARTESIAN_POINT('',(0.625279,15.333335,1.51));
#3615 = VECTOR('',#3616,1.);
#3616 = DIRECTION('',(0.,0.,1.));
#3617 = ORIENTED_EDGE('',*,*,#3618,.F.);
#3618 = EDGE_CURVE('',#3580,#3611,#3619,.T.);
#3619 = LINE('',#3620,#3621);
#3620 = CARTESIAN_POINT('',(0.602882,15.279264,1.51));
#3621 = VECTOR('',#3622,1.);
#3622 = DIRECTION('',(0.382684285085,0.923879179303,0.));
#3623 = PLANE('',#3624);
#3624 = AXIS2_PLACEMENT_3D('',#3625,#3626,#3627);
#3625 = CARTESIAN_POINT('',(0.602882,15.279264,1.51));
#3626 = DIRECTION('',(-0.923879179303,0.382684285085,0.));
#3627 = DIRECTION('',(0.382684285085,0.923879179303,0.));
#3628 = ADVANCED_FACE('',(#3629),#3654,.T.);
#3629 = FACE_BOUND('',#3630,.T.);
#3630 = EDGE_LOOP('',(#3631,#3632,#3640,#3648));
#3631 = ORIENTED_EDGE('',*,*,#3610,.T.);
#3632 = ORIENTED_EDGE('',*,*,#3633,.T.);
#3633 = EDGE_CURVE('',#3603,#3634,#3636,.T.);
#3634 = VERTEX_POINT('',#3635);
#3635 = CARTESIAN_POINT('',(1.35,16.062132,1.545));
#3636 = LINE('',#3637,#3638);
#3637 = CARTESIAN_POINT('',(0.625279,15.333335,1.545));
#3638 = VECTOR('',#3639,1.);
#3639 = DIRECTION('',(0.705121118116,0.709086883807,0.));
#3640 = ORIENTED_EDGE('',*,*,#3641,.F.);
#3641 = EDGE_CURVE('',#3642,#3634,#3644,.T.);
#3642 = VERTEX_POINT('',#3643);
#3643 = CARTESIAN_POINT('',(1.35,16.062132,1.51));
#3644 = LINE('',#3645,#3646);
#3645 = CARTESIAN_POINT('',(1.35,16.062132,1.51));
#3646 = VECTOR('',#3647,1.);
#3647 = DIRECTION('',(0.,0.,1.));
#3648 = ORIENTED_EDGE('',*,*,#3649,.F.);
#3649 = EDGE_CURVE('',#3611,#3642,#3650,.T.);
#3650 = LINE('',#3651,#3652);
#3651 = CARTESIAN_POINT('',(0.625279,15.333335,1.51));
#3652 = VECTOR('',#3653,1.);
#3653 = DIRECTION('',(0.705121118116,0.709086883807,0.));
#3654 = PLANE('',#3655);
#3655 = AXIS2_PLACEMENT_3D('',#3656,#3657,#3658);
#3656 = CARTESIAN_POINT('',(0.625279,15.333335,1.51));
#3657 = DIRECTION('',(-0.709086883807,0.705121118116,0.));
#3658 = DIRECTION('',(0.705121118116,0.709086883807,0.));
#3659 = ADVANCED_FACE('',(#3660),#3676,.T.);
#3660 = FACE_BOUND('',#3661,.T.);
#3661 = EDGE_LOOP('',(#3662,#3663,#3669,#3670));
#3662 = ORIENTED_EDGE('',*,*,#3641,.T.);
#3663 = ORIENTED_EDGE('',*,*,#3664,.T.);
#3664 = EDGE_CURVE('',#3634,#2723,#3665,.T.);
#3665 = LINE('',#3666,#3667);
#3666 = CARTESIAN_POINT('',(1.35,16.062132,1.545));
#3667 = VECTOR('',#3668,1.);
#3668 = DIRECTION('',(6.169444936469E-03,0.999980968793,0.));
#3669 = ORIENTED_EDGE('',*,*,#2720,.F.);
#3670 = ORIENTED_EDGE('',*,*,#3671,.F.);
#3671 = EDGE_CURVE('',#3642,#2721,#3672,.T.);
#3672 = LINE('',#3673,#3674);
#3673 = CARTESIAN_POINT('',(1.35,16.062132,1.51));
#3674 = VECTOR('',#3675,1.);
#3675 = DIRECTION('',(6.169444936469E-03,0.999980968793,0.));
#3676 = PLANE('',#3677);
#3677 = AXIS2_PLACEMENT_3D('',#3678,#3679,#3680);
#3678 = CARTESIAN_POINT('',(1.35,16.062132,1.51));
#3679 = DIRECTION('',(-0.999980968793,6.169444936469E-03,0.));
#3680 = DIRECTION('',(6.169444936469E-03,0.999980968793,0.));
#3681 = ADVANCED_FACE('',(#3682),#3715,.F.);
#3682 = FACE_BOUND('',#3683,.T.);
#3683 = EDGE_LOOP('',(#3684,#3685,#3686,#3687,#3688,#3689,#3690,#3691,
    #3692,#3693,#3694,#3695,#3696,#3697,#3698,#3699,#3700,#3701,#3702,
    #3703,#3704,#3705,#3706,#3707,#3708,#3709,#3710,#3711,#3712,#3713,
    #3714));
#3684 = ORIENTED_EDGE('',*,*,#2746,.T.);
#3685 = ORIENTED_EDGE('',*,*,#2777,.T.);
#3686 = ORIENTED_EDGE('',*,*,#2809,.T.);
#3687 = ORIENTED_EDGE('',*,*,#2841,.T.);
#3688 = ORIENTED_EDGE('',*,*,#2872,.T.);
#3689 = ORIENTED_EDGE('',*,*,#2903,.T.);
#3690 = ORIENTED_EDGE('',*,*,#2934,.T.);
#3691 = ORIENTED_EDGE('',*,*,#2965,.T.);
#3692 = ORIENTED_EDGE('',*,*,#2996,.T.);
#3693 = ORIENTED_EDGE('',*,*,#3027,.T.);
#3694 = ORIENTED_EDGE('',*,*,#3058,.T.);
#3695 = ORIENTED_EDGE('',*,*,#3089,.T.);
#3696 = ORIENTED_EDGE('',*,*,#3120,.T.);
#3697 = ORIENTED_EDGE('',*,*,#3151,.T.);
#3698 = ORIENTED_EDGE('',*,*,#3182,.T.);
#3699 = ORIENTED_EDGE('',*,*,#3213,.T.);
#3700 = ORIENTED_EDGE('',*,*,#3244,.T.);
#3701 = ORIENTED_EDGE('',*,*,#3276,.T.);
#3702 = ORIENTED_EDGE('',*,*,#3308,.T.);
#3703 = ORIENTED_EDGE('',*,*,#3339,.T.);
#3704 = ORIENTED_EDGE('',*,*,#3370,.T.);
#3705 = ORIENTED_EDGE('',*,*,#3401,.T.);
#3706 = ORIENTED_EDGE('',*,*,#3432,.T.);
#3707 = ORIENTED_EDGE('',*,*,#3463,.T.);
#3708 = ORIENTED_EDGE('',*,*,#3494,.T.);
#3709 = ORIENTED_EDGE('',*,*,#3525,.T.);
#3710 = ORIENTED_EDGE('',*,*,#3556,.T.);
#3711 = ORIENTED_EDGE('',*,*,#3587,.T.);
#3712 = ORIENTED_EDGE('',*,*,#3618,.T.);
#3713 = ORIENTED_EDGE('',*,*,#3649,.T.);
#3714 = ORIENTED_EDGE('',*,*,#3671,.T.);
#3715 = PLANE('',#3716);
#3716 = AXIS2_PLACEMENT_3D('',#3717,#3718,#3719);
#3717 = CARTESIAN_POINT('',(0.,0.,1.51));
#3718 = DIRECTION('',(0.,0.,1.));
#3719 = DIRECTION('',(1.,0.,-0.));
#3720 = ADVANCED_FACE('',(#3721),#3754,.T.);
#3721 = FACE_BOUND('',#3722,.F.);
#3722 = EDGE_LOOP('',(#3723,#3724,#3725,#3726,#3727,#3728,#3729,#3730,
    #3731,#3732,#3733,#3734,#3735,#3736,#3737,#3738,#3739,#3740,#3741,
    #3742,#3743,#3744,#3745,#3746,#3747,#3748,#3749,#3750,#3751,#3752,
    #3753));
#3723 = ORIENTED_EDGE('',*,*,#2730,.T.);
#3724 = ORIENTED_EDGE('',*,*,#2761,.T.);
#3725 = ORIENTED_EDGE('',*,*,#2792,.T.);
#3726 = ORIENTED_EDGE('',*,*,#2825,.T.);
#3727 = ORIENTED_EDGE('',*,*,#2856,.T.);
#3728 = ORIENTED_EDGE('',*,*,#2887,.T.);
#3729 = ORIENTED_EDGE('',*,*,#2918,.T.);
#3730 = ORIENTED_EDGE('',*,*,#2949,.T.);
#3731 = ORIENTED_EDGE('',*,*,#2980,.T.);
#3732 = ORIENTED_EDGE('',*,*,#3011,.T.);
#3733 = ORIENTED_EDGE('',*,*,#3042,.T.);
#3734 = ORIENTED_EDGE('',*,*,#3073,.T.);
#3735 = ORIENTED_EDGE('',*,*,#3104,.T.);
#3736 = ORIENTED_EDGE('',*,*,#3135,.T.);
#3737 = ORIENTED_EDGE('',*,*,#3166,.T.);
#3738 = ORIENTED_EDGE('',*,*,#3197,.T.);
#3739 = ORIENTED_EDGE('',*,*,#3228,.T.);
#3740 = ORIENTED_EDGE('',*,*,#3259,.T.);
#3741 = ORIENTED_EDGE('',*,*,#3292,.T.);
#3742 = ORIENTED_EDGE('',*,*,#3323,.T.);
#3743 = ORIENTED_EDGE('',*,*,#3354,.T.);
#3744 = ORIENTED_EDGE('',*,*,#3385,.T.);
#3745 = ORIENTED_EDGE('',*,*,#3416,.T.);
#3746 = ORIENTED_EDGE('',*,*,#3447,.T.);
#3747 = ORIENTED_EDGE('',*,*,#3478,.T.);
#3748 = ORIENTED_EDGE('',*,*,#3509,.T.);
#3749 = ORIENTED_EDGE('',*,*,#3540,.T.);
#3750 = ORIENTED_EDGE('',*,*,#3571,.T.);
#3751 = ORIENTED_EDGE('',*,*,#3602,.T.);
#3752 = ORIENTED_EDGE('',*,*,#3633,.T.);
#3753 = ORIENTED_EDGE('',*,*,#3664,.T.);
#3754 = PLANE('',#3755);
#3755 = AXIS2_PLACEMENT_3D('',#3756,#3757,#3758);
#3756 = CARTESIAN_POINT('',(0.,0.,1.545));
#3757 = DIRECTION('',(0.,0.,1.));
#3758 = DIRECTION('',(1.,0.,-0.));
#3759 = MANIFOLD_SOLID_BREP('',#3760);
#3760 = CLOSED_SHELL('',(#3761,#3803,#3834,#3867,#3889,#3901));
#3761 = ADVANCED_FACE('',(#3762),#3798,.T.);
#3762 = FACE_BOUND('',#3763,.T.);
#3763 = EDGE_LOOP('',(#3764,#3774,#3783,#3791));
#3764 = ORIENTED_EDGE('',*,*,#3765,.T.);
#3765 = EDGE_CURVE('',#3766,#3768,#3770,.T.);
#3766 = VERTEX_POINT('',#3767);
#3767 = CARTESIAN_POINT('',(1.475614,27.377402,1.51));
#3768 = VERTEX_POINT('',#3769);
#3769 = CARTESIAN_POINT('',(1.475614,27.377402,1.545));
#3770 = LINE('',#3771,#3772);
#3771 = CARTESIAN_POINT('',(1.475614,27.377402,1.51));
#3772 = VECTOR('',#3773,1.);
#3773 = DIRECTION('',(0.,0.,1.));
#3774 = ORIENTED_EDGE('',*,*,#3775,.T.);
#3775 = EDGE_CURVE('',#3768,#3776,#3778,.T.);
#3776 = VERTEX_POINT('',#3777);
#3777 = CARTESIAN_POINT('',(1.475614,27.622598,1.545));
#3778 = CIRCLE('',#3779,0.1249997864);
#3779 = AXIS2_PLACEMENT_3D('',#3780,#3781,#3782);
#3780 = CARTESIAN_POINT('',(1.5,27.5,1.545));
#3781 = DIRECTION('',(0.,0.,-1.));
#3782 = DIRECTION('',(-0.195088333367,-0.980785675968,-0.));
#3783 = ORIENTED_EDGE('',*,*,#3784,.F.);
#3784 = EDGE_CURVE('',#3785,#3776,#3787,.T.);
#3785 = VERTEX_POINT('',#3786);
#3786 = CARTESIAN_POINT('',(1.475614,27.622598,1.51));
#3787 = LINE('',#3788,#3789);
#3788 = CARTESIAN_POINT('',(1.475614,27.622598,1.51));
#3789 = VECTOR('',#3790,1.);
#3790 = DIRECTION('',(0.,0.,1.));
#3791 = ORIENTED_EDGE('',*,*,#3792,.F.);
#3792 = EDGE_CURVE('',#3766,#3785,#3793,.T.);
#3793 = CIRCLE('',#3794,0.1249997864);
#3794 = AXIS2_PLACEMENT_3D('',#3795,#3796,#3797);
#3795 = CARTESIAN_POINT('',(1.5,27.5,1.51));
#3796 = DIRECTION('',(0.,0.,-1.));
#3797 = DIRECTION('',(-0.195088333367,-0.980785675968,-0.));
#3798 = CYLINDRICAL_SURFACE('',#3799,0.1249997864);
#3799 = AXIS2_PLACEMENT_3D('',#3800,#3801,#3802);
#3800 = CARTESIAN_POINT('',(1.5,27.5,1.51));
#3801 = DIRECTION('',(0.,0.,-1.));
#3802 = DIRECTION('',(-0.195088333367,-0.980785675968,-0.));
#3803 = ADVANCED_FACE('',(#3804),#3829,.T.);
#3804 = FACE_BOUND('',#3805,.T.);
#3805 = EDGE_LOOP('',(#3806,#3807,#3815,#3823));
#3806 = ORIENTED_EDGE('',*,*,#3784,.T.);
#3807 = ORIENTED_EDGE('',*,*,#3808,.T.);
#3808 = EDGE_CURVE('',#3776,#3809,#3811,.T.);
#3809 = VERTEX_POINT('',#3810);
#3810 = CARTESIAN_POINT('',(3.093135,27.622598,1.545));
#3811 = LINE('',#3812,#3813);
#3812 = CARTESIAN_POINT('',(1.475614,27.622598,1.545));
#3813 = VECTOR('',#3814,1.);
#3814 = DIRECTION('',(1.,0.,0.));
#3815 = ORIENTED_EDGE('',*,*,#3816,.F.);
#3816 = EDGE_CURVE('',#3817,#3809,#3819,.T.);
#3817 = VERTEX_POINT('',#3818);
#3818 = CARTESIAN_POINT('',(3.093135,27.622598,1.51));
#3819 = LINE('',#3820,#3821);
#3820 = CARTESIAN_POINT('',(3.093135,27.622598,1.51));
#3821 = VECTOR('',#3822,1.);
#3822 = DIRECTION('',(0.,0.,1.));
#3823 = ORIENTED_EDGE('',*,*,#3824,.F.);
#3824 = EDGE_CURVE('',#3785,#3817,#3825,.T.);
#3825 = LINE('',#3826,#3827);
#3826 = CARTESIAN_POINT('',(1.475614,27.622598,1.51));
#3827 = VECTOR('',#3828,1.);
#3828 = DIRECTION('',(1.,0.,0.));
#3829 = PLANE('',#3830);
#3830 = AXIS2_PLACEMENT_3D('',#3831,#3832,#3833);
#3831 = CARTESIAN_POINT('',(1.475614,27.622598,1.51));
#3832 = DIRECTION('',(0.,1.,0.));
#3833 = DIRECTION('',(1.,0.,0.));
#3834 = ADVANCED_FACE('',(#3835),#3862,.T.);
#3835 = FACE_BOUND('',#3836,.T.);
#3836 = EDGE_LOOP('',(#3837,#3838,#3847,#3855));
#3837 = ORIENTED_EDGE('',*,*,#3816,.T.);
#3838 = ORIENTED_EDGE('',*,*,#3839,.T.);
#3839 = EDGE_CURVE('',#3809,#3840,#3842,.T.);
#3840 = VERTEX_POINT('',#3841);
#3841 = CARTESIAN_POINT('',(3.093135,27.377402,1.545));
#3842 = CIRCLE('',#3843,0.1249997864);
#3843 = AXIS2_PLACEMENT_3D('',#3844,#3845,#3846);
#3844 = CARTESIAN_POINT('',(3.068749,27.5,1.545));
#3845 = DIRECTION('',(0.,0.,-1.));
#3846 = DIRECTION('',(0.195088333367,0.980785675968,0.));
#3847 = ORIENTED_EDGE('',*,*,#3848,.F.);
#3848 = EDGE_CURVE('',#3849,#3840,#3851,.T.);
#3849 = VERTEX_POINT('',#3850);
#3850 = CARTESIAN_POINT('',(3.093135,27.377402,1.51));
#3851 = LINE('',#3852,#3853);
#3852 = CARTESIAN_POINT('',(3.093135,27.377402,1.51));
#3853 = VECTOR('',#3854,1.);
#3854 = DIRECTION('',(0.,0.,1.));
#3855 = ORIENTED_EDGE('',*,*,#3856,.F.);
#3856 = EDGE_CURVE('',#3817,#3849,#3857,.T.);
#3857 = CIRCLE('',#3858,0.1249997864);
#3858 = AXIS2_PLACEMENT_3D('',#3859,#3860,#3861);
#3859 = CARTESIAN_POINT('',(3.068749,27.5,1.51));
#3860 = DIRECTION('',(0.,0.,-1.));
#3861 = DIRECTION('',(0.195088333367,0.980785675968,0.));
#3862 = CYLINDRICAL_SURFACE('',#3863,0.1249997864);
#3863 = AXIS2_PLACEMENT_3D('',#3864,#3865,#3866);
#3864 = CARTESIAN_POINT('',(3.068749,27.5,1.51));
#3865 = DIRECTION('',(0.,0.,-1.));
#3866 = DIRECTION('',(0.195088333367,0.980785675968,0.));
#3867 = ADVANCED_FACE('',(#3868),#3884,.T.);
#3868 = FACE_BOUND('',#3869,.T.);
#3869 = EDGE_LOOP('',(#3870,#3871,#3877,#3878));
#3870 = ORIENTED_EDGE('',*,*,#3848,.T.);
#3871 = ORIENTED_EDGE('',*,*,#3872,.T.);
#3872 = EDGE_CURVE('',#3840,#3768,#3873,.T.);
#3873 = LINE('',#3874,#3875);
#3874 = CARTESIAN_POINT('',(3.093135,27.377402,1.545));
#3875 = VECTOR('',#3876,1.);
#3876 = DIRECTION('',(-1.,0.,0.));
#3877 = ORIENTED_EDGE('',*,*,#3765,.F.);
#3878 = ORIENTED_EDGE('',*,*,#3879,.F.);
#3879 = EDGE_CURVE('',#3849,#3766,#3880,.T.);
#3880 = LINE('',#3881,#3882);
#3881 = CARTESIAN_POINT('',(3.093135,27.377402,1.51));
#3882 = VECTOR('',#3883,1.);
#3883 = DIRECTION('',(-1.,0.,0.));
#3884 = PLANE('',#3885);
#3885 = AXIS2_PLACEMENT_3D('',#3886,#3887,#3888);
#3886 = CARTESIAN_POINT('',(3.093135,27.377402,1.51));
#3887 = DIRECTION('',(0.,-1.,0.));
#3888 = DIRECTION('',(-1.,0.,0.));
#3889 = ADVANCED_FACE('',(#3890),#3896,.F.);
#3890 = FACE_BOUND('',#3891,.T.);
#3891 = EDGE_LOOP('',(#3892,#3893,#3894,#3895));
#3892 = ORIENTED_EDGE('',*,*,#3792,.T.);
#3893 = ORIENTED_EDGE('',*,*,#3824,.T.);
#3894 = ORIENTED_EDGE('',*,*,#3856,.T.);
#3895 = ORIENTED_EDGE('',*,*,#3879,.T.);
#3896 = PLANE('',#3897);
#3897 = AXIS2_PLACEMENT_3D('',#3898,#3899,#3900);
#3898 = CARTESIAN_POINT('',(0.,0.,1.51));
#3899 = DIRECTION('',(0.,0.,1.));
#3900 = DIRECTION('',(1.,0.,-0.));
#3901 = ADVANCED_FACE('',(#3902),#3908,.T.);
#3902 = FACE_BOUND('',#3903,.F.);
#3903 = EDGE_LOOP('',(#3904,#3905,#3906,#3907));
#3904 = ORIENTED_EDGE('',*,*,#3775,.T.);
#3905 = ORIENTED_EDGE('',*,*,#3808,.T.);
#3906 = ORIENTED_EDGE('',*,*,#3839,.T.);
#3907 = ORIENTED_EDGE('',*,*,#3872,.T.);
#3908 = PLANE('',#3909);
#3909 = AXIS2_PLACEMENT_3D('',#3910,#3911,#3912);
#3910 = CARTESIAN_POINT('',(0.,0.,1.545));
#3911 = DIRECTION('',(0.,0.,1.));
#3912 = DIRECTION('',(1.,0.,-0.));
#3913 = MANIFOLD_SOLID_BREP('',#3914);
#3914 = CLOSED_SHELL('',(#3915,#3957,#3988,#4019,#4052,#4083,#4114,#4145
    ,#4178,#4200,#4233,#4253));
#3915 = ADVANCED_FACE('',(#3916),#3952,.T.);
#3916 = FACE_BOUND('',#3917,.T.);
#3917 = EDGE_LOOP('',(#3918,#3928,#3937,#3945));
#3918 = ORIENTED_EDGE('',*,*,#3919,.T.);
#3919 = EDGE_CURVE('',#3920,#3922,#3924,.T.);
#3920 = VERTEX_POINT('',#3921);
#3921 = CARTESIAN_POINT('',(4.176776,9.251778,1.51));
#3922 = VERTEX_POINT('',#3923);
#3923 = CARTESIAN_POINT('',(4.176776,9.251778,1.545));
#3924 = LINE('',#3925,#3926);
#3925 = CARTESIAN_POINT('',(4.176776,9.251778,1.51));
#3926 = VECTOR('',#3927,1.);
#3927 = DIRECTION('',(0.,0.,1.));
#3928 = ORIENTED_EDGE('',*,*,#3929,.T.);
#3929 = EDGE_CURVE('',#3922,#3930,#3932,.T.);
#3930 = VERTEX_POINT('',#3931);
#3931 = CARTESIAN_POINT('',(4.25,9.075001,1.545));
#3932 = CIRCLE('',#3933,0.249997933649);
#3933 = AXIS2_PLACEMENT_3D('',#3934,#3935,#3936);
#3934 = CARTESIAN_POINT('',(4.000002066351,9.075001465326,1.545));
#3935 = DIRECTION('',(0.,0.,-1.));
#3936 = DIRECTION('',(0.707101579075,0.70711198326,0.));
#3937 = ORIENTED_EDGE('',*,*,#3938,.F.);
#3938 = EDGE_CURVE('',#3939,#3930,#3941,.T.);
#3939 = VERTEX_POINT('',#3940);
#3940 = CARTESIAN_POINT('',(4.25,9.075001,1.51));
#3941 = LINE('',#3942,#3943);
#3942 = CARTESIAN_POINT('',(4.25,9.075001,1.51));
#3943 = VECTOR('',#3944,1.);
#3944 = DIRECTION('',(0.,0.,1.));
#3945 = ORIENTED_EDGE('',*,*,#3946,.F.);
#3946 = EDGE_CURVE('',#3920,#3939,#3947,.T.);
#3947 = CIRCLE('',#3948,0.249997933649);
#3948 = AXIS2_PLACEMENT_3D('',#3949,#3950,#3951);
#3949 = CARTESIAN_POINT('',(4.000002066351,9.075001465326,1.51));
#3950 = DIRECTION('',(0.,0.,-1.));
#3951 = DIRECTION('',(0.707101579075,0.70711198326,0.));
#3952 = CYLINDRICAL_SURFACE('',#3953,0.249997933649);
#3953 = AXIS2_PLACEMENT_3D('',#3954,#3955,#3956);
#3954 = CARTESIAN_POINT('',(4.000002066351,9.075001465326,1.51));
#3955 = DIRECTION('',(0.,0.,-1.));
#3956 = DIRECTION('',(0.707101579075,0.70711198326,0.));
#3957 = ADVANCED_FACE('',(#3958),#3983,.T.);
#3958 = FACE_BOUND('',#3959,.T.);
#3959 = EDGE_LOOP('',(#3960,#3961,#3969,#3977));
#3960 = ORIENTED_EDGE('',*,*,#3938,.T.);
#3961 = ORIENTED_EDGE('',*,*,#3962,.T.);
#3962 = EDGE_CURVE('',#3930,#3963,#3965,.T.);
#3963 = VERTEX_POINT('',#3964);
#3964 = CARTESIAN_POINT('',(4.25,4.490741,1.545));
#3965 = LINE('',#3966,#3967);
#3966 = CARTESIAN_POINT('',(4.25,9.075001,1.545));
#3967 = VECTOR('',#3968,1.);
#3968 = DIRECTION('',(0.,-1.,0.));
#3969 = ORIENTED_EDGE('',*,*,#3970,.F.);
#3970 = EDGE_CURVE('',#3971,#3963,#3973,.T.);
#3971 = VERTEX_POINT('',#3972);
#3972 = CARTESIAN_POINT('',(4.25,4.490741,1.51));
#3973 = LINE('',#3974,#3975);
#3974 = CARTESIAN_POINT('',(4.25,4.490741,1.51));
#3975 = VECTOR('',#3976,1.);
#3976 = DIRECTION('',(0.,0.,1.));
#3977 = ORIENTED_EDGE('',*,*,#3978,.F.);
#3978 = EDGE_CURVE('',#3939,#3971,#3979,.T.);
#3979 = LINE('',#3980,#3981);
#3980 = CARTESIAN_POINT('',(4.25,9.075001,1.51));
#3981 = VECTOR('',#3982,1.);
#3982 = DIRECTION('',(0.,-1.,0.));
#3983 = PLANE('',#3984);
#3984 = AXIS2_PLACEMENT_3D('',#3985,#3986,#3987);
#3985 = CARTESIAN_POINT('',(4.25,9.075001,1.51));
#3986 = DIRECTION('',(1.,0.,-0.));
#3987 = DIRECTION('',(0.,-1.,0.));
#3988 = ADVANCED_FACE('',(#3989),#4014,.T.);
#3989 = FACE_BOUND('',#3990,.T.);
#3990 = EDGE_LOOP('',(#3991,#3992,#4000,#4008));
#3991 = ORIENTED_EDGE('',*,*,#3970,.T.);
#3992 = ORIENTED_EDGE('',*,*,#3993,.T.);
#3993 = EDGE_CURVE('',#3963,#3994,#3996,.T.);
#3994 = VERTEX_POINT('',#3995);
#3995 = CARTESIAN_POINT('',(4.277674,4.463067,1.545));
#3996 = LINE('',#3997,#3998);
#3997 = CARTESIAN_POINT('',(4.25,4.490741,1.545));
#3998 = VECTOR('',#3999,1.);
#3999 = DIRECTION('',(0.707106781187,-0.707106781187,0.));
#4000 = ORIENTED_EDGE('',*,*,#4001,.F.);
#4001 = EDGE_CURVE('',#4002,#3994,#4004,.T.);
#4002 = VERTEX_POINT('',#4003);
#4003 = CARTESIAN_POINT('',(4.277674,4.463067,1.51));
#4004 = LINE('',#4005,#4006);
#4005 = CARTESIAN_POINT('',(4.277674,4.463067,1.51));
#4006 = VECTOR('',#4007,1.);
#4007 = DIRECTION('',(0.,0.,1.));
#4008 = ORIENTED_EDGE('',*,*,#4009,.F.);
#4009 = EDGE_CURVE('',#3971,#4002,#4010,.T.);
#4010 = LINE('',#4011,#4012);
#4011 = CARTESIAN_POINT('',(4.25,4.490741,1.51));
#4012 = VECTOR('',#4013,1.);
#4013 = DIRECTION('',(0.707106781187,-0.707106781187,0.));
#4014 = PLANE('',#4015);
#4015 = AXIS2_PLACEMENT_3D('',#4016,#4017,#4018);
#4016 = CARTESIAN_POINT('',(4.25,4.490741,1.51));
#4017 = DIRECTION('',(0.707106781187,0.707106781187,-0.));
#4018 = DIRECTION('',(0.707106781187,-0.707106781187,0.));
#4019 = ADVANCED_FACE('',(#4020),#4047,.T.);
#4020 = FACE_BOUND('',#4021,.T.);
#4021 = EDGE_LOOP('',(#4022,#4023,#4032,#4040));
#4022 = ORIENTED_EDGE('',*,*,#4001,.T.);
#4023 = ORIENTED_EDGE('',*,*,#4024,.T.);
#4024 = EDGE_CURVE('',#3994,#4025,#4027,.T.);
#4025 = VERTEX_POINT('',#4026);
#4026 = CARTESIAN_POINT('',(3.722326,4.463067,1.545));
#4027 = CIRCLE('',#4028,0.350000455465);
#4028 = AXIS2_PLACEMENT_3D('',#4029,#4030,#4031);
#4029 = CARTESIAN_POINT('',(4.,4.250000182898,1.545));
#4030 = DIRECTION('',(0.,0.,-1.));
#4031 = DIRECTION('',(0.793353253301,0.608761542377,0.));
#4032 = ORIENTED_EDGE('',*,*,#4033,.F.);
#4033 = EDGE_CURVE('',#4034,#4025,#4036,.T.);
#4034 = VERTEX_POINT('',#4035);
#4035 = CARTESIAN_POINT('',(3.722326,4.463067,1.51));
#4036 = LINE('',#4037,#4038);
#4037 = CARTESIAN_POINT('',(3.722326,4.463067,1.51));
#4038 = VECTOR('',#4039,1.);
#4039 = DIRECTION('',(0.,0.,1.));
#4040 = ORIENTED_EDGE('',*,*,#4041,.F.);
#4041 = EDGE_CURVE('',#4002,#4034,#4042,.T.);
#4042 = CIRCLE('',#4043,0.350000455465);
#4043 = AXIS2_PLACEMENT_3D('',#4044,#4045,#4046);
#4044 = CARTESIAN_POINT('',(4.,4.250000182898,1.51));
#4045 = DIRECTION('',(0.,0.,-1.));
#4046 = DIRECTION('',(0.793353253301,0.608761542377,0.));
#4047 = CYLINDRICAL_SURFACE('',#4048,0.350000455465);
#4048 = AXIS2_PLACEMENT_3D('',#4049,#4050,#4051);
#4049 = CARTESIAN_POINT('',(4.,4.250000182898,1.51));
#4050 = DIRECTION('',(0.,0.,-1.));
#4051 = DIRECTION('',(0.793353253301,0.608761542377,0.));
#4052 = ADVANCED_FACE('',(#4053),#4078,.T.);
#4053 = FACE_BOUND('',#4054,.T.);
#4054 = EDGE_LOOP('',(#4055,#4056,#4064,#4072));
#4055 = ORIENTED_EDGE('',*,*,#4033,.T.);
#4056 = ORIENTED_EDGE('',*,*,#4057,.T.);
#4057 = EDGE_CURVE('',#4025,#4058,#4060,.T.);
#4058 = VERTEX_POINT('',#4059);
#4059 = CARTESIAN_POINT('',(3.75,4.490741,1.545));
#4060 = LINE('',#4061,#4062);
#4061 = CARTESIAN_POINT('',(3.722326,4.463067,1.545));
#4062 = VECTOR('',#4063,1.);
#4063 = DIRECTION('',(0.707106781187,0.707106781187,0.));
#4064 = ORIENTED_EDGE('',*,*,#4065,.F.);
#4065 = EDGE_CURVE('',#4066,#4058,#4068,.T.);
#4066 = VERTEX_POINT('',#4067);
#4067 = CARTESIAN_POINT('',(3.75,4.490741,1.51));
#4068 = LINE('',#4069,#4070);
#4069 = CARTESIAN_POINT('',(3.75,4.490741,1.51));
#4070 = VECTOR('',#4071,1.);
#4071 = DIRECTION('',(0.,0.,1.));
#4072 = ORIENTED_EDGE('',*,*,#4073,.F.);
#4073 = EDGE_CURVE('',#4034,#4066,#4074,.T.);
#4074 = LINE('',#4075,#4076);
#4075 = CARTESIAN_POINT('',(3.722326,4.463067,1.51));
#4076 = VECTOR('',#4077,1.);
#4077 = DIRECTION('',(0.707106781187,0.707106781187,0.));
#4078 = PLANE('',#4079);
#4079 = AXIS2_PLACEMENT_3D('',#4080,#4081,#4082);
#4080 = CARTESIAN_POINT('',(3.722326,4.463067,1.51));
#4081 = DIRECTION('',(-0.707106781187,0.707106781187,0.));
#4082 = DIRECTION('',(0.707106781187,0.707106781187,0.));
#4083 = ADVANCED_FACE('',(#4084),#4109,.T.);
#4084 = FACE_BOUND('',#4085,.T.);
#4085 = EDGE_LOOP('',(#4086,#4087,#4095,#4103));
#4086 = ORIENTED_EDGE('',*,*,#4065,.T.);
#4087 = ORIENTED_EDGE('',*,*,#4088,.T.);
#4088 = EDGE_CURVE('',#4058,#4089,#4091,.T.);
#4089 = VERTEX_POINT('',#4090);
#4090 = CARTESIAN_POINT('',(3.75,8.971448,1.545));
#4091 = LINE('',#4092,#4093);
#4092 = CARTESIAN_POINT('',(3.75,4.490741,1.545));
#4093 = VECTOR('',#4094,1.);
#4094 = DIRECTION('',(0.,1.,0.));
#4095 = ORIENTED_EDGE('',*,*,#4096,.F.);
#4096 = EDGE_CURVE('',#4097,#4089,#4099,.T.);
#4097 = VERTEX_POINT('',#4098);
#4098 = CARTESIAN_POINT('',(3.75,8.971448,1.51));
#4099 = LINE('',#4100,#4101);
#4100 = CARTESIAN_POINT('',(3.75,8.971448,1.51));
#4101 = VECTOR('',#4102,1.);
#4102 = DIRECTION('',(0.,0.,1.));
#4103 = ORIENTED_EDGE('',*,*,#4104,.F.);
#4104 = EDGE_CURVE('',#4066,#4097,#4105,.T.);
#4105 = LINE('',#4106,#4107);
#4106 = CARTESIAN_POINT('',(3.75,4.490741,1.51));
#4107 = VECTOR('',#4108,1.);
#4108 = DIRECTION('',(0.,1.,0.));
#4109 = PLANE('',#4110);
#4110 = AXIS2_PLACEMENT_3D('',#4111,#4112,#4113);
#4111 = CARTESIAN_POINT('',(3.75,4.490741,1.51));
#4112 = DIRECTION('',(-1.,0.,0.));
#4113 = DIRECTION('',(0.,1.,0.));
#4114 = ADVANCED_FACE('',(#4115),#4140,.T.);
#4115 = FACE_BOUND('',#4116,.T.);
#4116 = EDGE_LOOP('',(#4117,#4118,#4126,#4134));
#4117 = ORIENTED_EDGE('',*,*,#4096,.T.);
#4118 = ORIENTED_EDGE('',*,*,#4119,.T.);
#4119 = EDGE_CURVE('',#4089,#4120,#4122,.T.);
#4120 = VERTEX_POINT('',#4121);
#4121 = CARTESIAN_POINT('',(2.948224,9.773223,1.545));
#4122 = LINE('',#4123,#4124);
#4123 = CARTESIAN_POINT('',(3.75,8.971448,1.545));
#4124 = VECTOR('',#4125,1.);
#4125 = DIRECTION('',(-0.707107222149,0.707106340223,0.));
#4126 = ORIENTED_EDGE('',*,*,#4127,.F.);
#4127 = EDGE_CURVE('',#4128,#4120,#4130,.T.);
#4128 = VERTEX_POINT('',#4129);
#4129 = CARTESIAN_POINT('',(2.948224,9.773223,1.51));
#4130 = LINE('',#4131,#4132);
#4131 = CARTESIAN_POINT('',(2.948224,9.773223,1.51));
#4132 = VECTOR('',#4133,1.);
#4133 = DIRECTION('',(0.,0.,1.));
#4134 = ORIENTED_EDGE('',*,*,#4135,.F.);
#4135 = EDGE_CURVE('',#4097,#4128,#4136,.T.);
#4136 = LINE('',#4137,#4138);
#4137 = CARTESIAN_POINT('',(3.75,8.971448,1.51));
#4138 = VECTOR('',#4139,1.);
#4139 = DIRECTION('',(-0.707107222149,0.707106340223,0.));
#4140 = PLANE('',#4141);
#4141 = AXIS2_PLACEMENT_3D('',#4142,#4143,#4144);
#4142 = CARTESIAN_POINT('',(3.75,8.971448,1.51));
#4143 = DIRECTION('',(-0.707106340223,-0.707107222149,0.));
#4144 = DIRECTION('',(-0.707107222149,0.707106340223,0.));
#4145 = ADVANCED_FACE('',(#4146),#4173,.T.);
#4146 = FACE_BOUND('',#4147,.T.);
#4147 = EDGE_LOOP('',(#4148,#4149,#4158,#4166));
#4148 = ORIENTED_EDGE('',*,*,#4127,.T.);
#4149 = ORIENTED_EDGE('',*,*,#4150,.T.);
#4150 = EDGE_CURVE('',#4120,#4151,#4153,.T.);
#4151 = VERTEX_POINT('',#4152);
#4152 = CARTESIAN_POINT('',(3.301778,10.126777,1.545));
#4153 = CIRCLE('',#4154,0.25000043092);
#4154 = AXIS2_PLACEMENT_3D('',#4155,#4156,#4157);
#4155 = CARTESIAN_POINT('',(3.125002092173,9.949998907827,1.545));
#4156 = DIRECTION('',(0.,0.,-1.));
#4157 = DIRECTION('',(-0.707111149858,-0.707102412488,-0.));
#4158 = ORIENTED_EDGE('',*,*,#4159,.F.);
#4159 = EDGE_CURVE('',#4160,#4151,#4162,.T.);
#4160 = VERTEX_POINT('',#4161);
#4161 = CARTESIAN_POINT('',(3.301778,10.126777,1.51));
#4162 = LINE('',#4163,#4164);
#4163 = CARTESIAN_POINT('',(3.301778,10.126777,1.51));
#4164 = VECTOR('',#4165,1.);
#4165 = DIRECTION('',(0.,0.,1.));
#4166 = ORIENTED_EDGE('',*,*,#4167,.F.);
#4167 = EDGE_CURVE('',#4128,#4160,#4168,.T.);
#4168 = CIRCLE('',#4169,0.25000043092);
#4169 = AXIS2_PLACEMENT_3D('',#4170,#4171,#4172);
#4170 = CARTESIAN_POINT('',(3.125002092173,9.949998907827,1.51));
#4171 = DIRECTION('',(0.,0.,-1.));
#4172 = DIRECTION('',(-0.707111149858,-0.707102412488,-0.));
#4173 = CYLINDRICAL_SURFACE('',#4174,0.25000043092);
#4174 = AXIS2_PLACEMENT_3D('',#4175,#4176,#4177);
#4175 = CARTESIAN_POINT('',(3.125002092173,9.949998907827,1.51));
#4176 = DIRECTION('',(0.,0.,-1.));
#4177 = DIRECTION('',(-0.707111149858,-0.707102412488,-0.));
#4178 = ADVANCED_FACE('',(#4179),#4195,.T.);
#4179 = FACE_BOUND('',#4180,.T.);
#4180 = EDGE_LOOP('',(#4181,#4182,#4188,#4189));
#4181 = ORIENTED_EDGE('',*,*,#4159,.T.);
#4182 = ORIENTED_EDGE('',*,*,#4183,.T.);
#4183 = EDGE_CURVE('',#4151,#3922,#4184,.T.);
#4184 = LINE('',#4185,#4186);
#4185 = CARTESIAN_POINT('',(3.301778,10.126777,1.545));
#4186 = VECTOR('',#4187,1.);
#4187 = DIRECTION('',(0.707106377125,-0.707107185248,0.));
#4188 = ORIENTED_EDGE('',*,*,#3919,.F.);
#4189 = ORIENTED_EDGE('',*,*,#4190,.F.);
#4190 = EDGE_CURVE('',#4160,#3920,#4191,.T.);
#4191 = LINE('',#4192,#4193);
#4192 = CARTESIAN_POINT('',(3.301778,10.126777,1.51));
#4193 = VECTOR('',#4194,1.);
#4194 = DIRECTION('',(0.707106377125,-0.707107185248,0.));
#4195 = PLANE('',#4196);
#4196 = AXIS2_PLACEMENT_3D('',#4197,#4198,#4199);
#4197 = CARTESIAN_POINT('',(3.301778,10.126777,1.51));
#4198 = DIRECTION('',(0.707107185248,0.707106377125,-0.));
#4199 = DIRECTION('',(0.707106377125,-0.707107185248,0.));
#4200 = ADVANCED_FACE('',(#4201),#4228,.F.);
#4201 = FACE_BOUND('',#4202,.T.);
#4202 = EDGE_LOOP('',(#4203,#4213,#4220,#4221));
#4203 = ORIENTED_EDGE('',*,*,#4204,.T.);
#4204 = EDGE_CURVE('',#4205,#4207,#4209,.T.);
#4205 = VERTEX_POINT('',#4206);
#4206 = CARTESIAN_POINT('',(4.187254,4.25,1.51));
#4207 = VERTEX_POINT('',#4208);
#4208 = CARTESIAN_POINT('',(4.187254,4.25,1.545));
#4209 = LINE('',#4210,#4211);
#4210 = CARTESIAN_POINT('',(4.187254,4.25,1.51));
#4211 = VECTOR('',#4212,1.);
#4212 = DIRECTION('',(0.,0.,1.));
#4213 = ORIENTED_EDGE('',*,*,#4214,.T.);
#4214 = EDGE_CURVE('',#4207,#4207,#4215,.T.);
#4215 = CIRCLE('',#4216,0.187254);
#4216 = AXIS2_PLACEMENT_3D('',#4217,#4218,#4219);
#4217 = CARTESIAN_POINT('',(4.,4.25,1.545));
#4218 = DIRECTION('',(0.,0.,1.));
#4219 = DIRECTION('',(1.,0.,-0.));
#4220 = ORIENTED_EDGE('',*,*,#4204,.F.);
#4221 = ORIENTED_EDGE('',*,*,#4222,.F.);
#4222 = EDGE_CURVE('',#4205,#4205,#4223,.T.);
#4223 = CIRCLE('',#4224,0.187254);
#4224 = AXIS2_PLACEMENT_3D('',#4225,#4226,#4227);
#4225 = CARTESIAN_POINT('',(4.,4.25,1.51));
#4226 = DIRECTION('',(0.,0.,1.));
#4227 = DIRECTION('',(1.,0.,-0.));
#4228 = CYLINDRICAL_SURFACE('',#4229,0.187254);
#4229 = AXIS2_PLACEMENT_3D('',#4230,#4231,#4232);
#4230 = CARTESIAN_POINT('',(4.,4.25,1.51));
#4231 = DIRECTION('',(-0.,-0.,-1.));
#4232 = DIRECTION('',(1.,0.,-0.));
#4233 = ADVANCED_FACE('',(#4234,#4245),#4248,.F.);
#4234 = FACE_BOUND('',#4235,.T.);
#4235 = EDGE_LOOP('',(#4236,#4237,#4238,#4239,#4240,#4241,#4242,#4243,
    #4244));
#4236 = ORIENTED_EDGE('',*,*,#3946,.T.);
#4237 = ORIENTED_EDGE('',*,*,#3978,.T.);
#4238 = ORIENTED_EDGE('',*,*,#4009,.T.);
#4239 = ORIENTED_EDGE('',*,*,#4041,.T.);
#4240 = ORIENTED_EDGE('',*,*,#4073,.T.);
#4241 = ORIENTED_EDGE('',*,*,#4104,.T.);
#4242 = ORIENTED_EDGE('',*,*,#4135,.T.);
#4243 = ORIENTED_EDGE('',*,*,#4167,.T.);
#4244 = ORIENTED_EDGE('',*,*,#4190,.T.);
#4245 = FACE_BOUND('',#4246,.T.);
#4246 = EDGE_LOOP('',(#4247));
#4247 = ORIENTED_EDGE('',*,*,#4222,.T.);
#4248 = PLANE('',#4249);
#4249 = AXIS2_PLACEMENT_3D('',#4250,#4251,#4252);
#4250 = CARTESIAN_POINT('',(0.,0.,1.51));
#4251 = DIRECTION('',(0.,0.,1.));
#4252 = DIRECTION('',(1.,0.,-0.));
#4253 = ADVANCED_FACE('',(#4254,#4265),#4268,.T.);
#4254 = FACE_BOUND('',#4255,.F.);
#4255 = EDGE_LOOP('',(#4256,#4257,#4258,#4259,#4260,#4261,#4262,#4263,
    #4264));
#4256 = ORIENTED_EDGE('',*,*,#3929,.T.);
#4257 = ORIENTED_EDGE('',*,*,#3962,.T.);
#4258 = ORIENTED_EDGE('',*,*,#3993,.T.);
#4259 = ORIENTED_EDGE('',*,*,#4024,.T.);
#4260 = ORIENTED_EDGE('',*,*,#4057,.T.);
#4261 = ORIENTED_EDGE('',*,*,#4088,.T.);
#4262 = ORIENTED_EDGE('',*,*,#4119,.T.);
#4263 = ORIENTED_EDGE('',*,*,#4150,.T.);
#4264 = ORIENTED_EDGE('',*,*,#4183,.T.);
#4265 = FACE_BOUND('',#4266,.F.);
#4266 = EDGE_LOOP('',(#4267));
#4267 = ORIENTED_EDGE('',*,*,#4214,.T.);
#4268 = PLANE('',#4269);
#4269 = AXIS2_PLACEMENT_3D('',#4270,#4271,#4272);
#4270 = CARTESIAN_POINT('',(0.,0.,1.545));
#4271 = DIRECTION('',(0.,0.,1.));
#4272 = DIRECTION('',(1.,0.,-0.));
#4273 = MANIFOLD_SOLID_BREP('',#4274);
#4274 = CLOSED_SHELL('',(#4275,#4315,#4348,#4379,#4412,#4443,#4476,#4507
    ,#4538,#4571,#4602,#4633,#4664,#4695,#4726,#4757,#4790,#4812,#4845,
    #4873));
#4275 = ADVANCED_FACE('',(#4276),#4310,.F.);
#4276 = FACE_BOUND('',#4277,.F.);
#4277 = EDGE_LOOP('',(#4278,#4288,#4296,#4304));
#4278 = ORIENTED_EDGE('',*,*,#4279,.T.);
#4279 = EDGE_CURVE('',#4280,#4282,#4284,.T.);
#4280 = VERTEX_POINT('',#4281);
#4281 = CARTESIAN_POINT('',(4.347006,4.256548,0.));
#4282 = VERTEX_POINT('',#4283);
#4283 = CARTESIAN_POINT('',(4.347006,4.256548,-3.5E-02));
#4284 = LINE('',#4285,#4286);
#4285 = CARTESIAN_POINT('',(4.347006,4.256548,0.));
#4286 = VECTOR('',#4287,1.);
#4287 = DIRECTION('',(0.,0.,-1.));
#4288 = ORIENTED_EDGE('',*,*,#4289,.T.);
#4289 = EDGE_CURVE('',#4282,#4290,#4292,.T.);
#4290 = VERTEX_POINT('',#4291);
#4291 = CARTESIAN_POINT('',(7.176777,1.426776,-3.5E-02));
#4292 = LINE('',#4293,#4294);
#4293 = CARTESIAN_POINT('',(4.347006,4.256548,-3.5E-02));
#4294 = VECTOR('',#4295,1.);
#4295 = DIRECTION('',(0.707106656246,-0.707106906127,0.));
#4296 = ORIENTED_EDGE('',*,*,#4297,.F.);
#4297 = EDGE_CURVE('',#4298,#4290,#4300,.T.);
#4298 = VERTEX_POINT('',#4299);
#4299 = CARTESIAN_POINT('',(7.176777,1.426776,0.));
#4300 = LINE('',#4301,#4302);
#4301 = CARTESIAN_POINT('',(7.176777,1.426776,0.));
#4302 = VECTOR('',#4303,1.);
#4303 = DIRECTION('',(0.,0.,-1.));
#4304 = ORIENTED_EDGE('',*,*,#4305,.F.);
#4305 = EDGE_CURVE('',#4280,#4298,#4306,.T.);
#4306 = LINE('',#4307,#4308);
#4307 = CARTESIAN_POINT('',(4.347006,4.256548,0.));
#4308 = VECTOR('',#4309,1.);
#4309 = DIRECTION('',(0.707106656246,-0.707106906127,0.));
#4310 = PLANE('',#4311);
#4311 = AXIS2_PLACEMENT_3D('',#4312,#4313,#4314);
#4312 = CARTESIAN_POINT('',(4.347006,4.256548,0.));
#4313 = DIRECTION('',(-0.707106906127,-0.707106656246,-0.));
#4314 = DIRECTION('',(0.707106656246,-0.707106906127,0.));
#4315 = ADVANCED_FACE('',(#4316),#4343,.T.);
#4316 = FACE_BOUND('',#4317,.F.);
#4317 = EDGE_LOOP('',(#4318,#4319,#4328,#4336));
#4318 = ORIENTED_EDGE('',*,*,#4297,.T.);
#4319 = ORIENTED_EDGE('',*,*,#4320,.T.);
#4320 = EDGE_CURVE('',#4290,#4321,#4323,.T.);
#4321 = VERTEX_POINT('',#4322);
#4322 = CARTESIAN_POINT('',(7.25,1.25,-3.5E-02));
#4323 = CIRCLE('',#4324,0.249993454477);
#4324 = AXIS2_PLACEMENT_3D('',#4325,#4326,#4327);
#4325 = CARTESIAN_POINT('',(7.000006545534,1.250002320655,-3.5E-02));
#4326 = DIRECTION('',(0.,0.,-1.));
#4327 = DIRECTION('',(0.70710033123,0.707113231084,0.));
#4328 = ORIENTED_EDGE('',*,*,#4329,.F.);
#4329 = EDGE_CURVE('',#4330,#4321,#4332,.T.);
#4330 = VERTEX_POINT('',#4331);
#4331 = CARTESIAN_POINT('',(7.25,1.25,0.));
#4332 = LINE('',#4333,#4334);
#4333 = CARTESIAN_POINT('',(7.25,1.25,0.));
#4334 = VECTOR('',#4335,1.);
#4335 = DIRECTION('',(0.,0.,-1.));
#4336 = ORIENTED_EDGE('',*,*,#4337,.F.);
#4337 = EDGE_CURVE('',#4298,#4330,#4338,.T.);
#4338 = CIRCLE('',#4339,0.249993454477);
#4339 = AXIS2_PLACEMENT_3D('',#4340,#4341,#4342);
#4340 = CARTESIAN_POINT('',(7.000006545534,1.250002320655,0.));
#4341 = DIRECTION('',(0.,0.,-1.));
#4342 = DIRECTION('',(0.70710033123,0.707113231084,0.));
#4343 = CYLINDRICAL_SURFACE('',#4344,0.249993454477);
#4344 = AXIS2_PLACEMENT_3D('',#4345,#4346,#4347);
#4345 = CARTESIAN_POINT('',(7.000006545534,1.250002320655,0.));
#4346 = DIRECTION('',(-0.,-0.,1.));
#4347 = DIRECTION('',(0.70710033123,0.707113231084,0.));
#4348 = ADVANCED_FACE('',(#4349),#4374,.F.);
#4349 = FACE_BOUND('',#4350,.F.);
#4350 = EDGE_LOOP('',(#4351,#4352,#4360,#4368));
#4351 = ORIENTED_EDGE('',*,*,#4329,.T.);
#4352 = ORIENTED_EDGE('',*,*,#4353,.T.);
#4353 = EDGE_CURVE('',#4321,#4354,#4356,.T.);
#4354 = VERTEX_POINT('',#4355);
#4355 = CARTESIAN_POINT('',(7.25,-17.,-3.5E-02));
#4356 = LINE('',#4357,#4358);
#4357 = CARTESIAN_POINT('',(7.25,1.25,-3.5E-02));
#4358 = VECTOR('',#4359,1.);
#4359 = DIRECTION('',(0.,-1.,0.));
#4360 = ORIENTED_EDGE('',*,*,#4361,.F.);
#4361 = EDGE_CURVE('',#4362,#4354,#4364,.T.);
#4362 = VERTEX_POINT('',#4363);
#4363 = CARTESIAN_POINT('',(7.25,-17.,0.));
#4364 = LINE('',#4365,#4366);
#4365 = CARTESIAN_POINT('',(7.25,-17.,0.));
#4366 = VECTOR('',#4367,1.);
#4367 = DIRECTION('',(0.,0.,-1.));
#4368 = ORIENTED_EDGE('',*,*,#4369,.F.);
#4369 = EDGE_CURVE('',#4330,#4362,#4370,.T.);
#4370 = LINE('',#4371,#4372);
#4371 = CARTESIAN_POINT('',(7.25,1.25,0.));
#4372 = VECTOR('',#4373,1.);
#4373 = DIRECTION('',(0.,-1.,0.));
#4374 = PLANE('',#4375);
#4375 = AXIS2_PLACEMENT_3D('',#4376,#4377,#4378);
#4376 = CARTESIAN_POINT('',(7.25,1.25,0.));
#4377 = DIRECTION('',(-1.,-0.,-0.));
#4378 = DIRECTION('',(0.,-1.,0.));
#4379 = ADVANCED_FACE('',(#4380),#4407,.T.);
#4380 = FACE_BOUND('',#4381,.F.);
#4381 = EDGE_LOOP('',(#4382,#4383,#4392,#4400));
#4382 = ORIENTED_EDGE('',*,*,#4361,.T.);
#4383 = ORIENTED_EDGE('',*,*,#4384,.T.);
#4384 = EDGE_CURVE('',#4354,#4385,#4387,.T.);
#4385 = VERTEX_POINT('',#4386);
#4386 = CARTESIAN_POINT('',(7.176776,-17.176777,-3.5E-02));
#4387 = CIRCLE('',#4388,0.250002531223);
#4388 = AXIS2_PLACEMENT_3D('',#4389,#4390,#4391);
#4389 = CARTESIAN_POINT('',(6.999997468782,-16.99999856093,-3.5E-02));
#4390 = DIRECTION('',(0.,0.,-1.));
#4391 = DIRECTION('',(0.999999999983,-5.756198090242E-06,0.));
#4392 = ORIENTED_EDGE('',*,*,#4393,.F.);
#4393 = EDGE_CURVE('',#4394,#4385,#4396,.T.);
#4394 = VERTEX_POINT('',#4395);
#4395 = CARTESIAN_POINT('',(7.176776,-17.176777,0.));
#4396 = LINE('',#4397,#4398);
#4397 = CARTESIAN_POINT('',(7.176776,-17.176777,0.));
#4398 = VECTOR('',#4399,1.);
#4399 = DIRECTION('',(0.,0.,-1.));
#4400 = ORIENTED_EDGE('',*,*,#4401,.F.);
#4401 = EDGE_CURVE('',#4362,#4394,#4402,.T.);
#4402 = CIRCLE('',#4403,0.250002531223);
#4403 = AXIS2_PLACEMENT_3D('',#4404,#4405,#4406);
#4404 = CARTESIAN_POINT('',(6.999997468782,-16.99999856093,0.));
#4405 = DIRECTION('',(0.,0.,-1.));
#4406 = DIRECTION('',(0.999999999983,-5.756198090242E-06,0.));
#4407 = CYLINDRICAL_SURFACE('',#4408,0.250002531223);
#4408 = AXIS2_PLACEMENT_3D('',#4409,#4410,#4411);
#4409 = CARTESIAN_POINT('',(6.999997468782,-16.99999856093,0.));
#4410 = DIRECTION('',(-0.,-0.,1.));
#4411 = DIRECTION('',(0.999999999983,-5.756198090242E-06,0.));
#4412 = ADVANCED_FACE('',(#4413),#4438,.F.);
#4413 = FACE_BOUND('',#4414,.F.);
#4414 = EDGE_LOOP('',(#4415,#4416,#4424,#4432));
#4415 = ORIENTED_EDGE('',*,*,#4393,.T.);
#4416 = ORIENTED_EDGE('',*,*,#4417,.T.);
#4417 = EDGE_CURVE('',#4385,#4418,#4420,.T.);
#4418 = VERTEX_POINT('',#4419);
#4419 = CARTESIAN_POINT('',(5.676777,-18.676777,-3.5E-02));
#4420 = LINE('',#4421,#4422);
#4421 = CARTESIAN_POINT('',(7.176776,-17.176777,-3.5E-02));
#4422 = VECTOR('',#4423,1.);
#4423 = DIRECTION('',(-0.707106545484,-0.707107016889,0.));
#4424 = ORIENTED_EDGE('',*,*,#4425,.F.);
#4425 = EDGE_CURVE('',#4426,#4418,#4428,.T.);
#4426 = VERTEX_POINT('',#4427);
#4427 = CARTESIAN_POINT('',(5.676777,-18.676777,0.));
#4428 = LINE('',#4429,#4430);
#4429 = CARTESIAN_POINT('',(5.676777,-18.676777,0.));
#4430 = VECTOR('',#4431,1.);
#4431 = DIRECTION('',(0.,0.,-1.));
#4432 = ORIENTED_EDGE('',*,*,#4433,.F.);
#4433 = EDGE_CURVE('',#4394,#4426,#4434,.T.);
#4434 = LINE('',#4435,#4436);
#4435 = CARTESIAN_POINT('',(7.176776,-17.176777,0.));
#4436 = VECTOR('',#4437,1.);
#4437 = DIRECTION('',(-0.707106545484,-0.707107016889,0.));
#4438 = PLANE('',#4439);
#4439 = AXIS2_PLACEMENT_3D('',#4440,#4441,#4442);
#4440 = CARTESIAN_POINT('',(7.176776,-17.176777,0.));
#4441 = DIRECTION('',(-0.707107016889,0.707106545484,0.));
#4442 = DIRECTION('',(-0.707106545484,-0.707107016889,0.));
#4443 = ADVANCED_FACE('',(#4444),#4471,.T.);
#4444 = FACE_BOUND('',#4445,.F.);
#4445 = EDGE_LOOP('',(#4446,#4447,#4456,#4464));
#4446 = ORIENTED_EDGE('',*,*,#4425,.T.);
#4447 = ORIENTED_EDGE('',*,*,#4448,.T.);
#4448 = EDGE_CURVE('',#4418,#4449,#4451,.T.);
#4449 = VERTEX_POINT('',#4450);
#4450 = CARTESIAN_POINT('',(5.5,-18.75,-3.5E-02));
#4451 = CIRCLE('',#4452,0.250006953711);
#4452 = AXIS2_PLACEMENT_3D('',#4453,#4454,#4455);
#4453 = CARTESIAN_POINT('',(5.499997729106,-18.4999930463,-3.5E-02));
#4454 = DIRECTION('',(0.,0.,-1.));
#4455 = DIRECTION('',(0.707097415772,-0.707116146477,0.));
#4456 = ORIENTED_EDGE('',*,*,#4457,.F.);
#4457 = EDGE_CURVE('',#4458,#4449,#4460,.T.);
#4458 = VERTEX_POINT('',#4459);
#4459 = CARTESIAN_POINT('',(5.5,-18.75,0.));
#4460 = LINE('',#4461,#4462);
#4461 = CARTESIAN_POINT('',(5.5,-18.75,0.));
#4462 = VECTOR('',#4463,1.);
#4463 = DIRECTION('',(0.,0.,-1.));
#4464 = ORIENTED_EDGE('',*,*,#4465,.F.);
#4465 = EDGE_CURVE('',#4426,#4458,#4466,.T.);
#4466 = CIRCLE('',#4467,0.250006953711);
#4467 = AXIS2_PLACEMENT_3D('',#4468,#4469,#4470);
#4468 = CARTESIAN_POINT('',(5.499997729106,-18.4999930463,0.));
#4469 = DIRECTION('',(0.,0.,-1.));
#4470 = DIRECTION('',(0.707097415772,-0.707116146477,0.));
#4471 = CYLINDRICAL_SURFACE('',#4472,0.250006953711);
#4472 = AXIS2_PLACEMENT_3D('',#4473,#4474,#4475);
#4473 = CARTESIAN_POINT('',(5.499997729106,-18.4999930463,0.));
#4474 = DIRECTION('',(-0.,-0.,1.));
#4475 = DIRECTION('',(0.707097415772,-0.707116146477,0.));
#4476 = ADVANCED_FACE('',(#4477),#4502,.F.);
#4477 = FACE_BOUND('',#4478,.F.);
#4478 = EDGE_LOOP('',(#4479,#4480,#4488,#4496));
#4479 = ORIENTED_EDGE('',*,*,#4457,.T.);
#4480 = ORIENTED_EDGE('',*,*,#4481,.T.);
#4481 = EDGE_CURVE('',#4449,#4482,#4484,.T.);
#4482 = VERTEX_POINT('',#4483);
#4483 = CARTESIAN_POINT('',(4.813639,-18.75,-3.5E-02));
#4484 = LINE('',#4485,#4486);
#4485 = CARTESIAN_POINT('',(5.5,-18.75,-3.5E-02));
#4486 = VECTOR('',#4487,1.);
#4487 = DIRECTION('',(-1.,0.,0.));
#4488 = ORIENTED_EDGE('',*,*,#4489,.F.);
#4489 = EDGE_CURVE('',#4490,#4482,#4492,.T.);
#4490 = VERTEX_POINT('',#4491);
#4491 = CARTESIAN_POINT('',(4.813639,-18.75,0.));
#4492 = LINE('',#4493,#4494);
#4493 = CARTESIAN_POINT('',(4.813639,-18.75,0.));
#4494 = VECTOR('',#4495,1.);
#4495 = DIRECTION('',(0.,0.,-1.));
#4496 = ORIENTED_EDGE('',*,*,#4497,.F.);
#4497 = EDGE_CURVE('',#4458,#4490,#4498,.T.);
#4498 = LINE('',#4499,#4500);
#4499 = CARTESIAN_POINT('',(5.5,-18.75,0.));
#4500 = VECTOR('',#4501,1.);
#4501 = DIRECTION('',(-1.,0.,0.));
#4502 = PLANE('',#4503);
#4503 = AXIS2_PLACEMENT_3D('',#4504,#4505,#4506);
#4504 = CARTESIAN_POINT('',(5.5,-18.75,0.));
#4505 = DIRECTION('',(0.,1.,0.));
#4506 = DIRECTION('',(-1.,0.,0.));
#4507 = ADVANCED_FACE('',(#4508),#4533,.F.);
#4508 = FACE_BOUND('',#4509,.F.);
#4509 = EDGE_LOOP('',(#4510,#4511,#4519,#4527));
#4510 = ORIENTED_EDGE('',*,*,#4489,.T.);
#4511 = ORIENTED_EDGE('',*,*,#4512,.T.);
#4512 = EDGE_CURVE('',#4482,#4513,#4515,.T.);
#4513 = VERTEX_POINT('',#4514);
#4514 = CARTESIAN_POINT('',(4.850291,-18.686517,-3.5E-02));
#4515 = LINE('',#4516,#4517);
#4516 = CARTESIAN_POINT('',(4.813639,-18.75,-3.5E-02));
#4517 = VECTOR('',#4518,1.);
#4518 = DIRECTION('',(0.500000745469,0.866024973387,0.));
#4519 = ORIENTED_EDGE('',*,*,#4520,.F.);
#4520 = EDGE_CURVE('',#4521,#4513,#4523,.T.);
#4521 = VERTEX_POINT('',#4522);
#4522 = CARTESIAN_POINT('',(4.850291,-18.686517,0.));
#4523 = LINE('',#4524,#4525);
#4524 = CARTESIAN_POINT('',(4.850291,-18.686517,0.));
#4525 = VECTOR('',#4526,1.);
#4526 = DIRECTION('',(0.,0.,-1.));
#4527 = ORIENTED_EDGE('',*,*,#4528,.F.);
#4528 = EDGE_CURVE('',#4490,#4521,#4529,.T.);
#4529 = LINE('',#4530,#4531);
#4530 = CARTESIAN_POINT('',(4.813639,-18.75,0.));
#4531 = VECTOR('',#4532,1.);
#4532 = DIRECTION('',(0.500000745469,0.866024973387,0.));
#4533 = PLANE('',#4534);
#4534 = AXIS2_PLACEMENT_3D('',#4535,#4536,#4537);
#4535 = CARTESIAN_POINT('',(4.813639,-18.75,0.));
#4536 = DIRECTION('',(0.866024973387,-0.500000745469,0.));
#4537 = DIRECTION('',(0.500000745469,0.866024973387,0.));
#4538 = ADVANCED_FACE('',(#4539),#4566,.F.);
#4539 = FACE_BOUND('',#4540,.F.);
#4540 = EDGE_LOOP('',(#4541,#4542,#4551,#4559));
#4541 = ORIENTED_EDGE('',*,*,#4520,.T.);
#4542 = ORIENTED_EDGE('',*,*,#4543,.T.);
#4543 = EDGE_CURVE('',#4513,#4544,#4546,.T.);
#4544 = VERTEX_POINT('',#4545);
#4545 = CARTESIAN_POINT('',(4.850291,-18.313482,-3.5E-02));
#4546 = CIRCLE('',#4547,0.487392846288);
#4547 = AXIS2_PLACEMENT_3D('',#4548,#4549,#4550);
#4548 = CARTESIAN_POINT('',(4.399998862819,-18.4999995,-3.5E-02));
#4549 = DIRECTION('',(0.,-0.,1.));
#4550 = DIRECTION('',(0.923879249788,-0.38268411492,-0.));
#4551 = ORIENTED_EDGE('',*,*,#4552,.F.);
#4552 = EDGE_CURVE('',#4553,#4544,#4555,.T.);
#4553 = VERTEX_POINT('',#4554);
#4554 = CARTESIAN_POINT('',(4.850291,-18.313482,0.));
#4555 = LINE('',#4556,#4557);
#4556 = CARTESIAN_POINT('',(4.850291,-18.313482,0.));
#4557 = VECTOR('',#4558,1.);
#4558 = DIRECTION('',(0.,0.,-1.));
#4559 = ORIENTED_EDGE('',*,*,#4560,.F.);
#4560 = EDGE_CURVE('',#4521,#4553,#4561,.T.);
#4561 = CIRCLE('',#4562,0.487392846288);
#4562 = AXIS2_PLACEMENT_3D('',#4563,#4564,#4565);
#4563 = CARTESIAN_POINT('',(4.399998862819,-18.4999995,0.));
#4564 = DIRECTION('',(0.,-0.,1.));
#4565 = DIRECTION('',(0.923879249788,-0.38268411492,-0.));
#4566 = CYLINDRICAL_SURFACE('',#4567,0.487392846288);
#4567 = AXIS2_PLACEMENT_3D('',#4568,#4569,#4570);
#4568 = CARTESIAN_POINT('',(4.399998862819,-18.4999995,0.));
#4569 = DIRECTION('',(0.,-0.,1.));
#4570 = DIRECTION('',(0.923879249788,-0.38268411492,-0.));
#4571 = ADVANCED_FACE('',(#4572),#4597,.F.);
#4572 = FACE_BOUND('',#4573,.F.);
#4573 = EDGE_LOOP('',(#4574,#4575,#4583,#4591));
#4574 = ORIENTED_EDGE('',*,*,#4552,.T.);
#4575 = ORIENTED_EDGE('',*,*,#4576,.T.);
#4576 = EDGE_CURVE('',#4544,#4577,#4579,.T.);
#4577 = VERTEX_POINT('',#4578);
#4578 = CARTESIAN_POINT('',(4.81364,-18.25,-3.5E-02));
#4579 = LINE('',#4580,#4581);
#4580 = CARTESIAN_POINT('',(4.850291,-18.313482,-3.5E-02));
#4581 = VECTOR('',#4582,1.);
#4582 = DIRECTION('',(-0.499996421108,0.866027470049,0.));
#4583 = ORIENTED_EDGE('',*,*,#4584,.F.);
#4584 = EDGE_CURVE('',#4585,#4577,#4587,.T.);
#4585 = VERTEX_POINT('',#4586);
#4586 = CARTESIAN_POINT('',(4.81364,-18.25,0.));
#4587 = LINE('',#4588,#4589);
#4588 = CARTESIAN_POINT('',(4.81364,-18.25,0.));
#4589 = VECTOR('',#4590,1.);
#4590 = DIRECTION('',(0.,0.,-1.));
#4591 = ORIENTED_EDGE('',*,*,#4592,.F.);
#4592 = EDGE_CURVE('',#4553,#4585,#4593,.T.);
#4593 = LINE('',#4594,#4595);
#4594 = CARTESIAN_POINT('',(4.850291,-18.313482,0.));
#4595 = VECTOR('',#4596,1.);
#4596 = DIRECTION('',(-0.499996421108,0.866027470049,0.));
#4597 = PLANE('',#4598);
#4598 = AXIS2_PLACEMENT_3D('',#4599,#4600,#4601);
#4599 = CARTESIAN_POINT('',(4.850291,-18.313482,0.));
#4600 = DIRECTION('',(0.866027470049,0.499996421108,0.));
#4601 = DIRECTION('',(-0.499996421108,0.866027470049,0.));
#4602 = ADVANCED_FACE('',(#4603),#4628,.F.);
#4603 = FACE_BOUND('',#4604,.F.);
#4604 = EDGE_LOOP('',(#4605,#4606,#4614,#4622));
#4605 = ORIENTED_EDGE('',*,*,#4584,.T.);
#4606 = ORIENTED_EDGE('',*,*,#4607,.T.);
#4607 = EDGE_CURVE('',#4577,#4608,#4610,.T.);
#4608 = VERTEX_POINT('',#4609);
#4609 = CARTESIAN_POINT('',(5.396446,-18.25,-3.5E-02));
#4610 = LINE('',#4611,#4612);
#4611 = CARTESIAN_POINT('',(4.81364,-18.25,-3.5E-02));
#4612 = VECTOR('',#4613,1.);
#4613 = DIRECTION('',(1.,0.,0.));
#4614 = ORIENTED_EDGE('',*,*,#4615,.F.);
#4615 = EDGE_CURVE('',#4616,#4608,#4618,.T.);
#4616 = VERTEX_POINT('',#4617);
#4617 = CARTESIAN_POINT('',(5.396446,-18.25,0.));
#4618 = LINE('',#4619,#4620);
#4619 = CARTESIAN_POINT('',(5.396446,-18.25,0.));
#4620 = VECTOR('',#4621,1.);
#4621 = DIRECTION('',(0.,0.,-1.));
#4622 = ORIENTED_EDGE('',*,*,#4623,.F.);
#4623 = EDGE_CURVE('',#4585,#4616,#4624,.T.);
#4624 = LINE('',#4625,#4626);
#4625 = CARTESIAN_POINT('',(4.81364,-18.25,0.));
#4626 = VECTOR('',#4627,1.);
#4627 = DIRECTION('',(1.,0.,0.));
#4628 = PLANE('',#4629);
#4629 = AXIS2_PLACEMENT_3D('',#4630,#4631,#4632);
#4630 = CARTESIAN_POINT('',(4.81364,-18.25,0.));
#4631 = DIRECTION('',(0.,-1.,0.));
#4632 = DIRECTION('',(1.,0.,0.));
#4633 = ADVANCED_FACE('',(#4634),#4659,.F.);
#4634 = FACE_BOUND('',#4635,.F.);
#4635 = EDGE_LOOP('',(#4636,#4637,#4645,#4653));
#4636 = ORIENTED_EDGE('',*,*,#4615,.T.);
#4637 = ORIENTED_EDGE('',*,*,#4638,.T.);
#4638 = EDGE_CURVE('',#4608,#4639,#4641,.T.);
#4639 = VERTEX_POINT('',#4640);
#4640 = CARTESIAN_POINT('',(6.75,-16.896446,-3.5E-02));
#4641 = LINE('',#4642,#4643);
#4642 = CARTESIAN_POINT('',(5.396446,-18.25,-3.5E-02));
#4643 = VECTOR('',#4644,1.);
#4644 = DIRECTION('',(0.707106781187,0.707106781187,0.));
#4645 = ORIENTED_EDGE('',*,*,#4646,.F.);
#4646 = EDGE_CURVE('',#4647,#4639,#4649,.T.);
#4647 = VERTEX_POINT('',#4648);
#4648 = CARTESIAN_POINT('',(6.75,-16.896446,0.));
#4649 = LINE('',#4650,#4651);
#4650 = CARTESIAN_POINT('',(6.75,-16.896446,0.));
#4651 = VECTOR('',#4652,1.);
#4652 = DIRECTION('',(0.,0.,-1.));
#4653 = ORIENTED_EDGE('',*,*,#4654,.F.);
#4654 = EDGE_CURVE('',#4616,#4647,#4655,.T.);
#4655 = LINE('',#4656,#4657);
#4656 = CARTESIAN_POINT('',(5.396446,-18.25,0.));
#4657 = VECTOR('',#4658,1.);
#4658 = DIRECTION('',(0.707106781187,0.707106781187,0.));
#4659 = PLANE('',#4660);
#4660 = AXIS2_PLACEMENT_3D('',#4661,#4662,#4663);
#4661 = CARTESIAN_POINT('',(5.396446,-18.25,0.));
#4662 = DIRECTION('',(0.707106781187,-0.707106781187,0.));
#4663 = DIRECTION('',(0.707106781187,0.707106781187,0.));
#4664 = ADVANCED_FACE('',(#4665),#4690,.F.);
#4665 = FACE_BOUND('',#4666,.F.);
#4666 = EDGE_LOOP('',(#4667,#4668,#4676,#4684));
#4667 = ORIENTED_EDGE('',*,*,#4646,.T.);
#4668 = ORIENTED_EDGE('',*,*,#4669,.T.);
#4669 = EDGE_CURVE('',#4639,#4670,#4672,.T.);
#4670 = VERTEX_POINT('',#4671);
#4671 = CARTESIAN_POINT('',(6.75,1.146447,-3.5E-02));
#4672 = LINE('',#4673,#4674);
#4673 = CARTESIAN_POINT('',(6.75,-16.896446,-3.5E-02));
#4674 = VECTOR('',#4675,1.);
#4675 = DIRECTION('',(0.,1.,0.));
#4676 = ORIENTED_EDGE('',*,*,#4677,.F.);
#4677 = EDGE_CURVE('',#4678,#4670,#4680,.T.);
#4678 = VERTEX_POINT('',#4679);
#4679 = CARTESIAN_POINT('',(6.75,1.146447,0.));
#4680 = LINE('',#4681,#4682);
#4681 = CARTESIAN_POINT('',(6.75,1.146447,0.));
#4682 = VECTOR('',#4683,1.);
#4683 = DIRECTION('',(0.,0.,-1.));
#4684 = ORIENTED_EDGE('',*,*,#4685,.F.);
#4685 = EDGE_CURVE('',#4647,#4678,#4686,.T.);
#4686 = LINE('',#4687,#4688);
#4687 = CARTESIAN_POINT('',(6.75,-16.896446,0.));
#4688 = VECTOR('',#4689,1.);
#4689 = DIRECTION('',(0.,1.,0.));
#4690 = PLANE('',#4691);
#4691 = AXIS2_PLACEMENT_3D('',#4692,#4693,#4694);
#4692 = CARTESIAN_POINT('',(6.75,-16.896446,0.));
#4693 = DIRECTION('',(1.,-0.,0.));
#4694 = DIRECTION('',(0.,1.,0.));
#4695 = ADVANCED_FACE('',(#4696),#4721,.F.);
#4696 = FACE_BOUND('',#4697,.F.);
#4697 = EDGE_LOOP('',(#4698,#4699,#4707,#4715));
#4698 = ORIENTED_EDGE('',*,*,#4677,.T.);
#4699 = ORIENTED_EDGE('',*,*,#4700,.T.);
#4700 = EDGE_CURVE('',#4670,#4701,#4703,.T.);
#4701 = VERTEX_POINT('',#4702);
#4702 = CARTESIAN_POINT('',(3.993452,3.902994,-3.5E-02));
#4703 = LINE('',#4704,#4705);
#4704 = CARTESIAN_POINT('',(6.75,1.146447,-3.5E-02));
#4705 = VECTOR('',#4706,1.);
#4706 = DIRECTION('',(-0.707106909446,0.707106652927,0.));
#4707 = ORIENTED_EDGE('',*,*,#4708,.F.);
#4708 = EDGE_CURVE('',#4709,#4701,#4711,.T.);
#4709 = VERTEX_POINT('',#4710);
#4710 = CARTESIAN_POINT('',(3.993452,3.902994,0.));
#4711 = LINE('',#4712,#4713);
#4712 = CARTESIAN_POINT('',(3.993452,3.902994,0.));
#4713 = VECTOR('',#4714,1.);
#4714 = DIRECTION('',(0.,0.,-1.));
#4715 = ORIENTED_EDGE('',*,*,#4716,.F.);
#4716 = EDGE_CURVE('',#4678,#4709,#4717,.T.);
#4717 = LINE('',#4718,#4719);
#4718 = CARTESIAN_POINT('',(6.75,1.146447,0.));
#4719 = VECTOR('',#4720,1.);
#4720 = DIRECTION('',(-0.707106909446,0.707106652927,0.));
#4721 = PLANE('',#4722);
#4722 = AXIS2_PLACEMENT_3D('',#4723,#4724,#4725);
#4723 = CARTESIAN_POINT('',(6.75,1.146447,0.));
#4724 = DIRECTION('',(0.707106652927,0.707106909446,0.));
#4725 = DIRECTION('',(-0.707106909446,0.707106652927,0.));
#4726 = ADVANCED_FACE('',(#4727),#4752,.F.);
#4727 = FACE_BOUND('',#4728,.F.);
#4728 = EDGE_LOOP('',(#4729,#4730,#4738,#4746));
#4729 = ORIENTED_EDGE('',*,*,#4708,.T.);
#4730 = ORIENTED_EDGE('',*,*,#4731,.T.);
#4731 = EDGE_CURVE('',#4701,#4732,#4734,.T.);
#4732 = VERTEX_POINT('',#4733);
#4733 = CARTESIAN_POINT('',(3.954316,3.902994,-3.5E-02));
#4734 = LINE('',#4735,#4736);
#4735 = CARTESIAN_POINT('',(3.993452,3.902994,-3.5E-02));
#4736 = VECTOR('',#4737,1.);
#4737 = DIRECTION('',(-1.,0.,0.));
#4738 = ORIENTED_EDGE('',*,*,#4739,.F.);
#4739 = EDGE_CURVE('',#4740,#4732,#4742,.T.);
#4740 = VERTEX_POINT('',#4741);
#4741 = CARTESIAN_POINT('',(3.954316,3.902994,0.));
#4742 = LINE('',#4743,#4744);
#4743 = CARTESIAN_POINT('',(3.954316,3.902994,0.));
#4744 = VECTOR('',#4745,1.);
#4745 = DIRECTION('',(0.,0.,-1.));
#4746 = ORIENTED_EDGE('',*,*,#4747,.F.);
#4747 = EDGE_CURVE('',#4709,#4740,#4748,.T.);
#4748 = LINE('',#4749,#4750);
#4749 = CARTESIAN_POINT('',(3.993452,3.902994,0.));
#4750 = VECTOR('',#4751,1.);
#4751 = DIRECTION('',(-1.,0.,0.));
#4752 = PLANE('',#4753);
#4753 = AXIS2_PLACEMENT_3D('',#4754,#4755,#4756);
#4754 = CARTESIAN_POINT('',(3.993452,3.902994,0.));
#4755 = DIRECTION('',(0.,1.,0.));
#4756 = DIRECTION('',(-1.,0.,0.));
#4757 = ADVANCED_FACE('',(#4758),#4785,.T.);
#4758 = FACE_BOUND('',#4759,.F.);
#4759 = EDGE_LOOP('',(#4760,#4761,#4770,#4778));
#4760 = ORIENTED_EDGE('',*,*,#4739,.T.);
#4761 = ORIENTED_EDGE('',*,*,#4762,.T.);
#4762 = EDGE_CURVE('',#4732,#4763,#4765,.T.);
#4763 = VERTEX_POINT('',#4764);
#4764 = CARTESIAN_POINT('',(4.347006,4.295684,-3.5E-02));
#4765 = CIRCLE('',#4766,0.350000274131);
#4766 = AXIS2_PLACEMENT_3D('',#4767,#4768,#4769);
#4767 = CARTESIAN_POINT('',(4.,4.25,-3.5E-02));
#4768 = DIRECTION('',(0.,0.,-1.));
#4769 = DIRECTION('',(-0.130525612054,-0.991444937754,-0.));
#4770 = ORIENTED_EDGE('',*,*,#4771,.F.);
#4771 = EDGE_CURVE('',#4772,#4763,#4774,.T.);
#4772 = VERTEX_POINT('',#4773);
#4773 = CARTESIAN_POINT('',(4.347006,4.295684,0.));
#4774 = LINE('',#4775,#4776);
#4775 = CARTESIAN_POINT('',(4.347006,4.295684,0.));
#4776 = VECTOR('',#4777,1.);
#4777 = DIRECTION('',(0.,0.,-1.));
#4778 = ORIENTED_EDGE('',*,*,#4779,.F.);
#4779 = EDGE_CURVE('',#4740,#4772,#4780,.T.);
#4780 = CIRCLE('',#4781,0.350000274131);
#4781 = AXIS2_PLACEMENT_3D('',#4782,#4783,#4784);
#4782 = CARTESIAN_POINT('',(4.,4.25,0.));
#4783 = DIRECTION('',(0.,0.,-1.));
#4784 = DIRECTION('',(-0.130525612054,-0.991444937754,-0.));
#4785 = CYLINDRICAL_SURFACE('',#4786,0.350000274131);
#4786 = AXIS2_PLACEMENT_3D('',#4787,#4788,#4789);
#4787 = CARTESIAN_POINT('',(4.,4.25,0.));
#4788 = DIRECTION('',(-0.,-0.,1.));
#4789 = DIRECTION('',(-0.130525612054,-0.991444937754,-0.));
#4790 = ADVANCED_FACE('',(#4791),#4807,.F.);
#4791 = FACE_BOUND('',#4792,.F.);
#4792 = EDGE_LOOP('',(#4793,#4794,#4800,#4801));
#4793 = ORIENTED_EDGE('',*,*,#4771,.T.);
#4794 = ORIENTED_EDGE('',*,*,#4795,.T.);
#4795 = EDGE_CURVE('',#4763,#4282,#4796,.T.);
#4796 = LINE('',#4797,#4798);
#4797 = CARTESIAN_POINT('',(4.347006,4.295684,-3.5E-02));
#4798 = VECTOR('',#4799,1.);
#4799 = DIRECTION('',(0.,-1.,0.));
#4800 = ORIENTED_EDGE('',*,*,#4279,.F.);
#4801 = ORIENTED_EDGE('',*,*,#4802,.F.);
#4802 = EDGE_CURVE('',#4772,#4280,#4803,.T.);
#4803 = LINE('',#4804,#4805);
#4804 = CARTESIAN_POINT('',(4.347006,4.295684,0.));
#4805 = VECTOR('',#4806,1.);
#4806 = DIRECTION('',(0.,-1.,0.));
#4807 = PLANE('',#4808);
#4808 = AXIS2_PLACEMENT_3D('',#4809,#4810,#4811);
#4809 = CARTESIAN_POINT('',(4.347006,4.295684,0.));
#4810 = DIRECTION('',(-1.,-0.,-0.));
#4811 = DIRECTION('',(0.,-1.,0.));
#4812 = ADVANCED_FACE('',(#4813),#4840,.F.);
#4813 = FACE_BOUND('',#4814,.F.);
#4814 = EDGE_LOOP('',(#4815,#4825,#4832,#4833));
#4815 = ORIENTED_EDGE('',*,*,#4816,.T.);
#4816 = EDGE_CURVE('',#4817,#4819,#4821,.T.);
#4817 = VERTEX_POINT('',#4818);
#4818 = CARTESIAN_POINT('',(4.187254,4.25,0.));
#4819 = VERTEX_POINT('',#4820);
#4820 = CARTESIAN_POINT('',(4.187254,4.25,-3.5E-02));
#4821 = LINE('',#4822,#4823);
#4822 = CARTESIAN_POINT('',(4.187254,4.25,0.));
#4823 = VECTOR('',#4824,1.);
#4824 = DIRECTION('',(0.,0.,-1.));
#4825 = ORIENTED_EDGE('',*,*,#4826,.T.);
#4826 = EDGE_CURVE('',#4819,#4819,#4827,.T.);
#4827 = CIRCLE('',#4828,0.187254);
#4828 = AXIS2_PLACEMENT_3D('',#4829,#4830,#4831);
#4829 = CARTESIAN_POINT('',(4.,4.25,-3.5E-02));
#4830 = DIRECTION('',(0.,0.,1.));
#4831 = DIRECTION('',(1.,0.,-0.));
#4832 = ORIENTED_EDGE('',*,*,#4816,.F.);
#4833 = ORIENTED_EDGE('',*,*,#4834,.F.);
#4834 = EDGE_CURVE('',#4817,#4817,#4835,.T.);
#4835 = CIRCLE('',#4836,0.187254);
#4836 = AXIS2_PLACEMENT_3D('',#4837,#4838,#4839);
#4837 = CARTESIAN_POINT('',(4.,4.25,0.));
#4838 = DIRECTION('',(0.,0.,1.));
#4839 = DIRECTION('',(1.,0.,-0.));
#4840 = CYLINDRICAL_SURFACE('',#4841,0.187254);
#4841 = AXIS2_PLACEMENT_3D('',#4842,#4843,#4844);
#4842 = CARTESIAN_POINT('',(4.,4.25,0.));
#4843 = DIRECTION('',(0.,0.,1.));
#4844 = DIRECTION('',(1.,0.,-0.));
#4845 = ADVANCED_FACE('',(#4846,#4865),#4868,.F.);
#4846 = FACE_BOUND('',#4847,.F.);
#4847 = EDGE_LOOP('',(#4848,#4849,#4850,#4851,#4852,#4853,#4854,#4855,
    #4856,#4857,#4858,#4859,#4860,#4861,#4862,#4863,#4864));
#4848 = ORIENTED_EDGE('',*,*,#4305,.T.);
#4849 = ORIENTED_EDGE('',*,*,#4337,.T.);
#4850 = ORIENTED_EDGE('',*,*,#4369,.T.);
#4851 = ORIENTED_EDGE('',*,*,#4401,.T.);
#4852 = ORIENTED_EDGE('',*,*,#4433,.T.);
#4853 = ORIENTED_EDGE('',*,*,#4465,.T.);
#4854 = ORIENTED_EDGE('',*,*,#4497,.T.);
#4855 = ORIENTED_EDGE('',*,*,#4528,.T.);
#4856 = ORIENTED_EDGE('',*,*,#4560,.T.);
#4857 = ORIENTED_EDGE('',*,*,#4592,.T.);
#4858 = ORIENTED_EDGE('',*,*,#4623,.T.);
#4859 = ORIENTED_EDGE('',*,*,#4654,.T.);
#4860 = ORIENTED_EDGE('',*,*,#4685,.T.);
#4861 = ORIENTED_EDGE('',*,*,#4716,.T.);
#4862 = ORIENTED_EDGE('',*,*,#4747,.T.);
#4863 = ORIENTED_EDGE('',*,*,#4779,.T.);
#4864 = ORIENTED_EDGE('',*,*,#4802,.T.);
#4865 = FACE_BOUND('',#4866,.F.);
#4866 = EDGE_LOOP('',(#4867));
#4867 = ORIENTED_EDGE('',*,*,#4834,.T.);
#4868 = PLANE('',#4869);
#4869 = AXIS2_PLACEMENT_3D('',#4870,#4871,#4872);
#4870 = CARTESIAN_POINT('',(0.,0.,0.));
#4871 = DIRECTION('',(-0.,-0.,-1.));
#4872 = DIRECTION('',(-1.,0.,0.));
#4873 = ADVANCED_FACE('',(#4874,#4893),#4896,.T.);
#4874 = FACE_BOUND('',#4875,.T.);
#4875 = EDGE_LOOP('',(#4876,#4877,#4878,#4879,#4880,#4881,#4882,#4883,
    #4884,#4885,#4886,#4887,#4888,#4889,#4890,#4891,#4892));
#4876 = ORIENTED_EDGE('',*,*,#4289,.T.);
#4877 = ORIENTED_EDGE('',*,*,#4320,.T.);
#4878 = ORIENTED_EDGE('',*,*,#4353,.T.);
#4879 = ORIENTED_EDGE('',*,*,#4384,.T.);
#4880 = ORIENTED_EDGE('',*,*,#4417,.T.);
#4881 = ORIENTED_EDGE('',*,*,#4448,.T.);
#4882 = ORIENTED_EDGE('',*,*,#4481,.T.);
#4883 = ORIENTED_EDGE('',*,*,#4512,.T.);
#4884 = ORIENTED_EDGE('',*,*,#4543,.T.);
#4885 = ORIENTED_EDGE('',*,*,#4576,.T.);
#4886 = ORIENTED_EDGE('',*,*,#4607,.T.);
#4887 = ORIENTED_EDGE('',*,*,#4638,.T.);
#4888 = ORIENTED_EDGE('',*,*,#4669,.T.);
#4889 = ORIENTED_EDGE('',*,*,#4700,.T.);
#4890 = ORIENTED_EDGE('',*,*,#4731,.T.);
#4891 = ORIENTED_EDGE('',*,*,#4762,.T.);
#4892 = ORIENTED_EDGE('',*,*,#4795,.T.);
#4893 = FACE_BOUND('',#4894,.T.);
#4894 = EDGE_LOOP('',(#4895));
#4895 = ORIENTED_EDGE('',*,*,#4826,.T.);
#4896 = PLANE('',#4897);
#4897 = AXIS2_PLACEMENT_3D('',#4898,#4899,#4900);
#4898 = CARTESIAN_POINT('',(0.,0.,-3.5E-02));
#4899 = DIRECTION('',(-0.,-0.,-1.));
#4900 = DIRECTION('',(-1.,0.,0.));
#4901 = MANIFOLD_SOLID_BREP('',#4902);
#4902 = CLOSED_SHELL('',(#4903,#4945,#4976,#5007,#5040,#5071,#5102,#5124
    ,#5139));
#4903 = ADVANCED_FACE('',(#4904),#4940,.T.);
#4904 = FACE_BOUND('',#4905,.T.);
#4905 = EDGE_LOOP('',(#4906,#4916,#4925,#4933));
#4906 = ORIENTED_EDGE('',*,*,#4907,.T.);
#4907 = EDGE_CURVE('',#4908,#4910,#4912,.T.);
#4908 = VERTEX_POINT('',#4909);
#4909 = CARTESIAN_POINT('',(-0.2,-24.625,1.51));
#4910 = VERTEX_POINT('',#4911);
#4911 = CARTESIAN_POINT('',(-0.2,-24.625,1.545));
#4912 = LINE('',#4913,#4914);
#4913 = CARTESIAN_POINT('',(-0.2,-24.625,1.51));
#4914 = VECTOR('',#4915,1.);
#4915 = DIRECTION('',(0.,0.,1.));
#4916 = ORIENTED_EDGE('',*,*,#4917,.T.);
#4917 = EDGE_CURVE('',#4910,#4918,#4920,.T.);
#4918 = VERTEX_POINT('',#4919);
#4919 = CARTESIAN_POINT('',(-0.2,-24.125,1.545));
#4920 = CIRCLE('',#4921,0.25);
#4921 = AXIS2_PLACEMENT_3D('',#4922,#4923,#4924);
#4922 = CARTESIAN_POINT('',(-0.199999763342,-24.375,1.545));
#4923 = DIRECTION('',(0.,0.,-1.));
#4924 = DIRECTION('',(-9.466304502488E-07,-1.,-0.));
#4925 = ORIENTED_EDGE('',*,*,#4926,.F.);
#4926 = EDGE_CURVE('',#4927,#4918,#4929,.T.);
#4927 = VERTEX_POINT('',#4928);
#4928 = CARTESIAN_POINT('',(-0.2,-24.125,1.51));
#4929 = LINE('',#4930,#4931);
#4930 = CARTESIAN_POINT('',(-0.2,-24.125,1.51));
#4931 = VECTOR('',#4932,1.);
#4932 = DIRECTION('',(0.,0.,1.));
#4933 = ORIENTED_EDGE('',*,*,#4934,.F.);
#4934 = EDGE_CURVE('',#4908,#4927,#4935,.T.);
#4935 = CIRCLE('',#4936,0.25);
#4936 = AXIS2_PLACEMENT_3D('',#4937,#4938,#4939);
#4937 = CARTESIAN_POINT('',(-0.199999763342,-24.375,1.51));
#4938 = DIRECTION('',(0.,0.,-1.));
#4939 = DIRECTION('',(-9.466304502488E-07,-1.,-0.));
#4940 = CYLINDRICAL_SURFACE('',#4941,0.25);
#4941 = AXIS2_PLACEMENT_3D('',#4942,#4943,#4944);
#4942 = CARTESIAN_POINT('',(-0.199999763342,-24.375,1.51));
#4943 = DIRECTION('',(0.,0.,-1.));
#4944 = DIRECTION('',(-9.466304502488E-07,-1.,-0.));
#4945 = ADVANCED_FACE('',(#4946),#4971,.T.);
#4946 = FACE_BOUND('',#4947,.T.);
#4947 = EDGE_LOOP('',(#4948,#4949,#4957,#4965));
#4948 = ORIENTED_EDGE('',*,*,#4926,.T.);
#4949 = ORIENTED_EDGE('',*,*,#4950,.T.);
#4950 = EDGE_CURVE('',#4918,#4951,#4953,.T.);
#4951 = VERTEX_POINT('',#4952);
#4952 = CARTESIAN_POINT('',(3.161527,-24.125,1.545));
#4953 = LINE('',#4954,#4955);
#4954 = CARTESIAN_POINT('',(-0.2,-24.125,1.545));
#4955 = VECTOR('',#4956,1.);
#4956 = DIRECTION('',(1.,0.,0.));
#4957 = ORIENTED_EDGE('',*,*,#4958,.F.);
#4958 = EDGE_CURVE('',#4959,#4951,#4961,.T.);
#4959 = VERTEX_POINT('',#4960);
#4960 = CARTESIAN_POINT('',(3.161527,-24.125,1.51));
#4961 = LINE('',#4962,#4963);
#4962 = CARTESIAN_POINT('',(3.161527,-24.125,1.51));
#4963 = VECTOR('',#4964,1.);
#4964 = DIRECTION('',(0.,0.,1.));
#4965 = ORIENTED_EDGE('',*,*,#4966,.F.);
#4966 = EDGE_CURVE('',#4927,#4959,#4967,.T.);
#4967 = LINE('',#4968,#4969);
#4968 = CARTESIAN_POINT('',(-0.2,-24.125,1.51));
#4969 = VECTOR('',#4970,1.);
#4970 = DIRECTION('',(1.,0.,0.));
#4971 = PLANE('',#4972);
#4972 = AXIS2_PLACEMENT_3D('',#4973,#4974,#4975);
#4973 = CARTESIAN_POINT('',(-0.2,-24.125,1.51));
#4974 = DIRECTION('',(0.,1.,0.));
#4975 = DIRECTION('',(1.,0.,0.));
#4976 = ADVANCED_FACE('',(#4977),#5002,.T.);
#4977 = FACE_BOUND('',#4978,.T.);
#4978 = EDGE_LOOP('',(#4979,#4980,#4988,#4996));
#4979 = ORIENTED_EDGE('',*,*,#4958,.T.);
#4980 = ORIENTED_EDGE('',*,*,#4981,.T.);
#4981 = EDGE_CURVE('',#4951,#4982,#4984,.T.);
#4982 = VERTEX_POINT('',#4983);
#4983 = CARTESIAN_POINT('',(3.140708,-24.202698,1.545));
#4984 = LINE('',#4985,#4986);
#4985 = CARTESIAN_POINT('',(3.161527,-24.125,1.545));
#4986 = VECTOR('',#4987,1.);
#4987 = DIRECTION('',(-0.258817695514,-0.965926187909,0.));
#4988 = ORIENTED_EDGE('',*,*,#4989,.F.);
#4989 = EDGE_CURVE('',#4990,#4982,#4992,.T.);
#4990 = VERTEX_POINT('',#4991);
#4991 = CARTESIAN_POINT('',(3.140708,-24.202698,1.51));
#4992 = LINE('',#4993,#4994);
#4993 = CARTESIAN_POINT('',(3.140708,-24.202698,1.51));
#4994 = VECTOR('',#4995,1.);
#4995 = DIRECTION('',(0.,0.,1.));
#4996 = ORIENTED_EDGE('',*,*,#4997,.F.);
#4997 = EDGE_CURVE('',#4959,#4990,#4998,.T.);
#4998 = LINE('',#4999,#5000);
#4999 = CARTESIAN_POINT('',(3.161527,-24.125,1.51));
#5000 = VECTOR('',#5001,1.);
#5001 = DIRECTION('',(-0.258817695514,-0.965926187909,0.));
#5002 = PLANE('',#5003);
#5003 = AXIS2_PLACEMENT_3D('',#5004,#5005,#5006);
#5004 = CARTESIAN_POINT('',(3.161527,-24.125,1.51));
#5005 = DIRECTION('',(0.965926187909,-0.258817695514,0.));
#5006 = DIRECTION('',(-0.258817695514,-0.965926187909,0.));
#5007 = ADVANCED_FACE('',(#5008),#5035,.F.);
#5008 = FACE_BOUND('',#5009,.T.);
#5009 = EDGE_LOOP('',(#5010,#5011,#5020,#5028));
#5010 = ORIENTED_EDGE('',*,*,#4989,.T.);
#5011 = ORIENTED_EDGE('',*,*,#5012,.T.);
#5012 = EDGE_CURVE('',#4982,#5013,#5015,.T.);
#5013 = VERTEX_POINT('',#5014);
#5014 = CARTESIAN_POINT('',(3.451119,-24.608868,1.545));
#5015 = CIRCLE('',#5016,0.362028999541);
#5016 = AXIS2_PLACEMENT_3D('',#5017,#5018,#5019);
#5017 = CARTESIAN_POINT('',(3.4996199748,-24.25010254465,1.545));
#5018 = DIRECTION('',(0.,0.,1.));
#5019 = DIRECTION('',(-0.991390124149,0.130941291198,0.));
#5020 = ORIENTED_EDGE('',*,*,#5021,.F.);
#5021 = EDGE_CURVE('',#5022,#5013,#5024,.T.);
#5022 = VERTEX_POINT('',#5023);
#5023 = CARTESIAN_POINT('',(3.451119,-24.608868,1.51));
#5024 = LINE('',#5025,#5026);
#5025 = CARTESIAN_POINT('',(3.451119,-24.608868,1.51));
#5026 = VECTOR('',#5027,1.);
#5027 = DIRECTION('',(0.,0.,1.));
#5028 = ORIENTED_EDGE('',*,*,#5029,.F.);
#5029 = EDGE_CURVE('',#4990,#5022,#5030,.T.);
#5030 = CIRCLE('',#5031,0.362028999541);
#5031 = AXIS2_PLACEMENT_3D('',#5032,#5033,#5034);
#5032 = CARTESIAN_POINT('',(3.4996199748,-24.25010254465,1.51));
#5033 = DIRECTION('',(0.,0.,1.));
#5034 = DIRECTION('',(-0.991390124149,0.130941291198,0.));
#5035 = CYLINDRICAL_SURFACE('',#5036,0.362028999541);
#5036 = AXIS2_PLACEMENT_3D('',#5037,#5038,#5039);
#5037 = CARTESIAN_POINT('',(3.4996199748,-24.25010254465,1.51));
#5038 = DIRECTION('',(-0.,-0.,-1.));
#5039 = DIRECTION('',(-0.991390124149,0.130941291198,0.));
#5040 = ADVANCED_FACE('',(#5041),#5066,.T.);
#5041 = FACE_BOUND('',#5042,.T.);
#5042 = EDGE_LOOP('',(#5043,#5044,#5052,#5060));
#5043 = ORIENTED_EDGE('',*,*,#5021,.T.);
#5044 = ORIENTED_EDGE('',*,*,#5045,.T.);
#5045 = EDGE_CURVE('',#5013,#5046,#5048,.T.);
#5046 = VERTEX_POINT('',#5047);
#5047 = CARTESIAN_POINT('',(3.423773,-24.620196,1.545));
#5048 = LINE('',#5049,#5050);
#5049 = CARTESIAN_POINT('',(3.451119,-24.608868,1.545));
#5050 = VECTOR('',#5051,1.);
#5051 = DIRECTION('',(-0.923868591801,-0.382709844508,0.));
#5052 = ORIENTED_EDGE('',*,*,#5053,.F.);
#5053 = EDGE_CURVE('',#5054,#5046,#5056,.T.);
#5054 = VERTEX_POINT('',#5055);
#5055 = CARTESIAN_POINT('',(3.423773,-24.620196,1.51));
#5056 = LINE('',#5057,#5058);
#5057 = CARTESIAN_POINT('',(3.423773,-24.620196,1.51));
#5058 = VECTOR('',#5059,1.);
#5059 = DIRECTION('',(0.,0.,1.));
#5060 = ORIENTED_EDGE('',*,*,#5061,.F.);
#5061 = EDGE_CURVE('',#5022,#5054,#5062,.T.);
#5062 = LINE('',#5063,#5064);
#5063 = CARTESIAN_POINT('',(3.451119,-24.608868,1.51));
#5064 = VECTOR('',#5065,1.);
#5065 = DIRECTION('',(-0.923868591801,-0.382709844508,0.));
#5066 = PLANE('',#5067);
#5067 = AXIS2_PLACEMENT_3D('',#5068,#5069,#5070);
#5068 = CARTESIAN_POINT('',(3.451119,-24.608868,1.51));
#5069 = DIRECTION('',(0.382709844508,-0.923868591801,0.));
#5070 = DIRECTION('',(-0.923868591801,-0.382709844508,0.));
#5071 = ADVANCED_FACE('',(#5072),#5097,.T.);
#5072 = FACE_BOUND('',#5073,.T.);
#5073 = EDGE_LOOP('',(#5074,#5075,#5083,#5091));
#5074 = ORIENTED_EDGE('',*,*,#5053,.T.);
#5075 = ORIENTED_EDGE('',*,*,#5076,.T.);
#5076 = EDGE_CURVE('',#5046,#5077,#5079,.T.);
#5077 = VERTEX_POINT('',#5078);
#5078 = CARTESIAN_POINT('',(3.375,-24.625,1.545));
#5079 = LINE('',#5080,#5081);
#5080 = CARTESIAN_POINT('',(3.423773,-24.620196,1.545));
#5081 = VECTOR('',#5082,1.);
#5082 = DIRECTION('',(-0.995184171778,-9.802277410087E-02,0.));
#5083 = ORIENTED_EDGE('',*,*,#5084,.F.);
#5084 = EDGE_CURVE('',#5085,#5077,#5087,.T.);
#5085 = VERTEX_POINT('',#5086);
#5086 = CARTESIAN_POINT('',(3.375,-24.625,1.51));
#5087 = LINE('',#5088,#5089);
#5088 = CARTESIAN_POINT('',(3.375,-24.625,1.51));
#5089 = VECTOR('',#5090,1.);
#5090 = DIRECTION('',(0.,0.,1.));
#5091 = ORIENTED_EDGE('',*,*,#5092,.F.);
#5092 = EDGE_CURVE('',#5054,#5085,#5093,.T.);
#5093 = LINE('',#5094,#5095);
#5094 = CARTESIAN_POINT('',(3.423773,-24.620196,1.51));
#5095 = VECTOR('',#5096,1.);
#5096 = DIRECTION('',(-0.995184171778,-9.802277410087E-02,0.));
#5097 = PLANE('',#5098);
#5098 = AXIS2_PLACEMENT_3D('',#5099,#5100,#5101);
#5099 = CARTESIAN_POINT('',(3.423773,-24.620196,1.51));
#5100 = DIRECTION('',(9.802277410087E-02,-0.995184171778,0.));
#5101 = DIRECTION('',(-0.995184171778,-9.802277410087E-02,0.));
#5102 = ADVANCED_FACE('',(#5103),#5119,.T.);
#5103 = FACE_BOUND('',#5104,.T.);
#5104 = EDGE_LOOP('',(#5105,#5106,#5112,#5113));
#5105 = ORIENTED_EDGE('',*,*,#5084,.T.);
#5106 = ORIENTED_EDGE('',*,*,#5107,.T.);
#5107 = EDGE_CURVE('',#5077,#4910,#5108,.T.);
#5108 = LINE('',#5109,#5110);
#5109 = CARTESIAN_POINT('',(3.375,-24.625,1.545));
#5110 = VECTOR('',#5111,1.);
#5111 = DIRECTION('',(-1.,0.,0.));
#5112 = ORIENTED_EDGE('',*,*,#4907,.F.);
#5113 = ORIENTED_EDGE('',*,*,#5114,.F.);
#5114 = EDGE_CURVE('',#5085,#4908,#5115,.T.);
#5115 = LINE('',#5116,#5117);
#5116 = CARTESIAN_POINT('',(3.375,-24.625,1.51));
#5117 = VECTOR('',#5118,1.);
#5118 = DIRECTION('',(-1.,0.,0.));
#5119 = PLANE('',#5120);
#5120 = AXIS2_PLACEMENT_3D('',#5121,#5122,#5123);
#5121 = CARTESIAN_POINT('',(3.375,-24.625,1.51));
#5122 = DIRECTION('',(0.,-1.,0.));
#5123 = DIRECTION('',(-1.,0.,0.));
#5124 = ADVANCED_FACE('',(#5125),#5134,.F.);
#5125 = FACE_BOUND('',#5126,.T.);
#5126 = EDGE_LOOP('',(#5127,#5128,#5129,#5130,#5131,#5132,#5133));
#5127 = ORIENTED_EDGE('',*,*,#4934,.T.);
#5128 = ORIENTED_EDGE('',*,*,#4966,.T.);
#5129 = ORIENTED_EDGE('',*,*,#4997,.T.);
#5130 = ORIENTED_EDGE('',*,*,#5029,.T.);
#5131 = ORIENTED_EDGE('',*,*,#5061,.T.);
#5132 = ORIENTED_EDGE('',*,*,#5092,.T.);
#5133 = ORIENTED_EDGE('',*,*,#5114,.T.);
#5134 = PLANE('',#5135);
#5135 = AXIS2_PLACEMENT_3D('',#5136,#5137,#5138);
#5136 = CARTESIAN_POINT('',(0.,0.,1.51));
#5137 = DIRECTION('',(0.,0.,1.));
#5138 = DIRECTION('',(1.,0.,-0.));
#5139 = ADVANCED_FACE('',(#5140),#5149,.T.);
#5140 = FACE_BOUND('',#5141,.F.);
#5141 = EDGE_LOOP('',(#5142,#5143,#5144,#5145,#5146,#5147,#5148));
#5142 = ORIENTED_EDGE('',*,*,#4917,.T.);
#5143 = ORIENTED_EDGE('',*,*,#4950,.T.);
#5144 = ORIENTED_EDGE('',*,*,#4981,.T.);
#5145 = ORIENTED_EDGE('',*,*,#5012,.T.);
#5146 = ORIENTED_EDGE('',*,*,#5045,.T.);
#5147 = ORIENTED_EDGE('',*,*,#5076,.T.);
#5148 = ORIENTED_EDGE('',*,*,#5107,.T.);
#5149 = PLANE('',#5150);
#5150 = AXIS2_PLACEMENT_3D('',#5151,#5152,#5153);
#5151 = CARTESIAN_POINT('',(0.,0.,1.545));
#5152 = DIRECTION('',(0.,0.,1.));
#5153 = DIRECTION('',(1.,0.,-0.));
#5154 = MANIFOLD_SOLID_BREP('',#5155);
#5155 = CLOSED_SHELL('',(#5156,#5198,#5229,#5262,#5293,#5324,#5357,#5388
    ,#5419,#5441,#5458));
#5156 = ADVANCED_FACE('',(#5157),#5193,.T.);
#5157 = FACE_BOUND('',#5158,.T.);
#5158 = EDGE_LOOP('',(#5159,#5169,#5178,#5186));
#5159 = ORIENTED_EDGE('',*,*,#5160,.T.);
#5160 = EDGE_CURVE('',#5161,#5163,#5165,.T.);
#5161 = VERTEX_POINT('',#5162);
#5162 = CARTESIAN_POINT('',(2.416664,3.64972,1.51));
#5163 = VERTEX_POINT('',#5164);
#5164 = CARTESIAN_POINT('',(2.416664,3.64972,1.545));
#5165 = LINE('',#5166,#5167);
#5166 = CARTESIAN_POINT('',(2.416664,3.64972,1.51));
#5167 = VECTOR('',#5168,1.);
#5168 = DIRECTION('',(0.,0.,1.));
#5169 = ORIENTED_EDGE('',*,*,#5170,.T.);
#5170 = EDGE_CURVE('',#5163,#5171,#5173,.T.);
#5171 = VERTEX_POINT('',#5172);
#5172 = CARTESIAN_POINT('',(2.65,3.525,1.545));
#5173 = CIRCLE('',#5174,0.15);
#5174 = AXIS2_PLACEMENT_3D('',#5175,#5176,#5177);
#5175 = CARTESIAN_POINT('',(2.5,3.52499986889,1.545));
#5176 = DIRECTION('',(0.,0.,-1.));
#5177 = DIRECTION('',(-0.555573333333,0.831467540731,0.));
#5178 = ORIENTED_EDGE('',*,*,#5179,.F.);
#5179 = EDGE_CURVE('',#5180,#5171,#5182,.T.);
#5180 = VERTEX_POINT('',#5181);
#5181 = CARTESIAN_POINT('',(2.65,3.525,1.51));
#5182 = LINE('',#5183,#5184);
#5183 = CARTESIAN_POINT('',(2.65,3.525,1.51));
#5184 = VECTOR('',#5185,1.);
#5185 = DIRECTION('',(0.,0.,1.));
#5186 = ORIENTED_EDGE('',*,*,#5187,.F.);
#5187 = EDGE_CURVE('',#5161,#5180,#5188,.T.);
#5188 = CIRCLE('',#5189,0.15);
#5189 = AXIS2_PLACEMENT_3D('',#5190,#5191,#5192);
#5190 = CARTESIAN_POINT('',(2.5,3.52499986889,1.51));
#5191 = DIRECTION('',(0.,0.,-1.));
#5192 = DIRECTION('',(-0.555573333333,0.831467540731,0.));
#5193 = CYLINDRICAL_SURFACE('',#5194,0.15);
#5194 = AXIS2_PLACEMENT_3D('',#5195,#5196,#5197);
#5195 = CARTESIAN_POINT('',(2.5,3.52499986889,1.51));
#5196 = DIRECTION('',(0.,0.,-1.));
#5197 = DIRECTION('',(-0.555573333333,0.831467540731,0.));
#5198 = ADVANCED_FACE('',(#5199),#5224,.T.);
#5199 = FACE_BOUND('',#5200,.T.);
#5200 = EDGE_LOOP('',(#5201,#5202,#5210,#5218));
#5201 = ORIENTED_EDGE('',*,*,#5179,.T.);
#5202 = ORIENTED_EDGE('',*,*,#5203,.T.);
#5203 = EDGE_CURVE('',#5171,#5204,#5206,.T.);
#5204 = VERTEX_POINT('',#5205);
#5205 = CARTESIAN_POINT('',(5.029264,3.522118,1.545));
#5206 = LINE('',#5207,#5208);
#5207 = CARTESIAN_POINT('',(2.65,3.525,1.545));
#5208 = VECTOR('',#5209,1.);
#5209 = DIRECTION('',(0.999999266378,-1.211298067681E-03,0.));
#5210 = ORIENTED_EDGE('',*,*,#5211,.F.);
#5211 = EDGE_CURVE('',#5212,#5204,#5214,.T.);
#5212 = VERTEX_POINT('',#5213);
#5213 = CARTESIAN_POINT('',(5.029264,3.522118,1.51));
#5214 = LINE('',#5215,#5216);
#5215 = CARTESIAN_POINT('',(5.029264,3.522118,1.51));
#5216 = VECTOR('',#5217,1.);
#5217 = DIRECTION('',(0.,0.,1.));
#5218 = ORIENTED_EDGE('',*,*,#5219,.F.);
#5219 = EDGE_CURVE('',#5180,#5212,#5220,.T.);
#5220 = LINE('',#5221,#5222);
#5221 = CARTESIAN_POINT('',(2.65,3.525,1.51));
#5222 = VECTOR('',#5223,1.);
#5223 = DIRECTION('',(0.999999266378,-1.211298067681E-03,0.));
#5224 = PLANE('',#5225);
#5225 = AXIS2_PLACEMENT_3D('',#5226,#5227,#5228);
#5226 = CARTESIAN_POINT('',(2.65,3.525,1.51));
#5227 = DIRECTION('',(1.211298067681E-03,0.999999266378,-0.));
#5228 = DIRECTION('',(0.999999266378,-1.211298067681E-03,0.));
#5229 = ADVANCED_FACE('',(#5230),#5257,.T.);
#5230 = FACE_BOUND('',#5231,.T.);
#5231 = EDGE_LOOP('',(#5232,#5233,#5242,#5250));
#5232 = ORIENTED_EDGE('',*,*,#5211,.T.);
#5233 = ORIENTED_EDGE('',*,*,#5234,.T.);
#5234 = EDGE_CURVE('',#5204,#5235,#5237,.T.);
#5235 = VERTEX_POINT('',#5236);
#5236 = CARTESIAN_POINT('',(5.029264,3.227882,1.545));
#5237 = CIRCLE('',#5238,0.150000292066);
#5238 = AXIS2_PLACEMENT_3D('',#5239,#5240,#5241);
#5239 = CARTESIAN_POINT('',(5.,3.375,1.545));
#5240 = DIRECTION('',(0.,0.,-1.));
#5241 = DIRECTION('',(0.195092953466,0.980784756972,0.));
#5242 = ORIENTED_EDGE('',*,*,#5243,.F.);
#5243 = EDGE_CURVE('',#5244,#5235,#5246,.T.);
#5244 = VERTEX_POINT('',#5245);
#5245 = CARTESIAN_POINT('',(5.029264,3.227882,1.51));
#5246 = LINE('',#5247,#5248);
#5247 = CARTESIAN_POINT('',(5.029264,3.227882,1.51));
#5248 = VECTOR('',#5249,1.);
#5249 = DIRECTION('',(0.,0.,1.));
#5250 = ORIENTED_EDGE('',*,*,#5251,.F.);
#5251 = EDGE_CURVE('',#5212,#5244,#5252,.T.);
#5252 = CIRCLE('',#5253,0.150000292066);
#5253 = AXIS2_PLACEMENT_3D('',#5254,#5255,#5256);
#5254 = CARTESIAN_POINT('',(5.,3.375,1.51));
#5255 = DIRECTION('',(0.,0.,-1.));
#5256 = DIRECTION('',(0.195092953466,0.980784756972,0.));
#5257 = CYLINDRICAL_SURFACE('',#5258,0.150000292066);
#5258 = AXIS2_PLACEMENT_3D('',#5259,#5260,#5261);
#5259 = CARTESIAN_POINT('',(5.,3.375,1.51));
#5260 = DIRECTION('',(0.,0.,-1.));
#5261 = DIRECTION('',(0.195092953466,0.980784756972,0.));
#5262 = ADVANCED_FACE('',(#5263),#5288,.T.);
#5263 = FACE_BOUND('',#5264,.T.);
#5264 = EDGE_LOOP('',(#5265,#5266,#5274,#5282));
#5265 = ORIENTED_EDGE('',*,*,#5243,.T.);
#5266 = ORIENTED_EDGE('',*,*,#5267,.T.);
#5267 = EDGE_CURVE('',#5235,#5268,#5270,.T.);
#5268 = VERTEX_POINT('',#5269);
#5269 = CARTESIAN_POINT('',(2.65,3.225,1.545));
#5270 = LINE('',#5271,#5272);
#5271 = CARTESIAN_POINT('',(5.029264,3.227882,1.545));
#5272 = VECTOR('',#5273,1.);
#5273 = DIRECTION('',(-0.999999266378,-1.211298067681E-03,0.));
#5274 = ORIENTED_EDGE('',*,*,#5275,.F.);
#5275 = EDGE_CURVE('',#5276,#5268,#5278,.T.);
#5276 = VERTEX_POINT('',#5277);
#5277 = CARTESIAN_POINT('',(2.65,3.225,1.51));
#5278 = LINE('',#5279,#5280);
#5279 = CARTESIAN_POINT('',(2.65,3.225,1.51));
#5280 = VECTOR('',#5281,1.);
#5281 = DIRECTION('',(0.,0.,1.));
#5282 = ORIENTED_EDGE('',*,*,#5283,.F.);
#5283 = EDGE_CURVE('',#5244,#5276,#5284,.T.);
#5284 = LINE('',#5285,#5286);
#5285 = CARTESIAN_POINT('',(5.029264,3.227882,1.51));
#5286 = VECTOR('',#5287,1.);
#5287 = DIRECTION('',(-0.999999266378,-1.211298067681E-03,0.));
#5288 = PLANE('',#5289);
#5289 = AXIS2_PLACEMENT_3D('',#5290,#5291,#5292);
#5290 = CARTESIAN_POINT('',(5.029264,3.227882,1.51));
#5291 = DIRECTION('',(1.211298067681E-03,-0.999999266378,0.));
#5292 = DIRECTION('',(-0.999999266378,-1.211298067681E-03,0.));
#5293 = ADVANCED_FACE('',(#5294),#5319,.T.);
#5294 = FACE_BOUND('',#5295,.T.);
#5295 = EDGE_LOOP('',(#5296,#5297,#5305,#5313));
#5296 = ORIENTED_EDGE('',*,*,#5275,.T.);
#5297 = ORIENTED_EDGE('',*,*,#5298,.T.);
#5298 = EDGE_CURVE('',#5268,#5299,#5301,.T.);
#5299 = VERTEX_POINT('',#5300);
#5300 = CARTESIAN_POINT('',(2.647118,1.145736,1.545));
#5301 = LINE('',#5302,#5303);
#5302 = CARTESIAN_POINT('',(2.65,3.225,1.545));
#5303 = VECTOR('',#5304,1.);
#5304 = DIRECTION('',(-1.386066046245E-03,-0.99999903941,0.));
#5305 = ORIENTED_EDGE('',*,*,#5306,.F.);
#5306 = EDGE_CURVE('',#5307,#5299,#5309,.T.);
#5307 = VERTEX_POINT('',#5308);
#5308 = CARTESIAN_POINT('',(2.647118,1.145736,1.51));
#5309 = LINE('',#5310,#5311);
#5310 = CARTESIAN_POINT('',(2.647118,1.145736,1.51));
#5311 = VECTOR('',#5312,1.);
#5312 = DIRECTION('',(0.,0.,1.));
#5313 = ORIENTED_EDGE('',*,*,#5314,.F.);
#5314 = EDGE_CURVE('',#5276,#5307,#5315,.T.);
#5315 = LINE('',#5316,#5317);
#5316 = CARTESIAN_POINT('',(2.65,3.225,1.51));
#5317 = VECTOR('',#5318,1.);
#5318 = DIRECTION('',(-1.386066046245E-03,-0.99999903941,0.));
#5319 = PLANE('',#5320);
#5320 = AXIS2_PLACEMENT_3D('',#5321,#5322,#5323);
#5321 = CARTESIAN_POINT('',(2.65,3.225,1.51));
#5322 = DIRECTION('',(0.99999903941,-1.386066046245E-03,0.));
#5323 = DIRECTION('',(-1.386066046245E-03,-0.99999903941,0.));
#5324 = ADVANCED_FACE('',(#5325),#5352,.T.);
#5325 = FACE_BOUND('',#5326,.T.);
#5326 = EDGE_LOOP('',(#5327,#5328,#5337,#5345));
#5327 = ORIENTED_EDGE('',*,*,#5306,.T.);
#5328 = ORIENTED_EDGE('',*,*,#5329,.T.);
#5329 = EDGE_CURVE('',#5299,#5330,#5332,.T.);
#5330 = VERTEX_POINT('',#5331);
#5331 = CARTESIAN_POINT('',(2.352882,1.145736,1.545));
#5332 = CIRCLE('',#5333,0.150000292066);
#5333 = AXIS2_PLACEMENT_3D('',#5334,#5335,#5336);
#5334 = CARTESIAN_POINT('',(2.5,1.175,1.545));
#5335 = DIRECTION('',(-0.,0.,-1.));
#5336 = DIRECTION('',(0.980784756972,-0.195092953466,-0.));
#5337 = ORIENTED_EDGE('',*,*,#5338,.F.);
#5338 = EDGE_CURVE('',#5339,#5330,#5341,.T.);
#5339 = VERTEX_POINT('',#5340);
#5340 = CARTESIAN_POINT('',(2.352882,1.145736,1.51));
#5341 = LINE('',#5342,#5343);
#5342 = CARTESIAN_POINT('',(2.352882,1.145736,1.51));
#5343 = VECTOR('',#5344,1.);
#5344 = DIRECTION('',(0.,0.,1.));
#5345 = ORIENTED_EDGE('',*,*,#5346,.F.);
#5346 = EDGE_CURVE('',#5307,#5339,#5347,.T.);
#5347 = CIRCLE('',#5348,0.150000292066);
#5348 = AXIS2_PLACEMENT_3D('',#5349,#5350,#5351);
#5349 = CARTESIAN_POINT('',(2.5,1.175,1.51));
#5350 = DIRECTION('',(-0.,0.,-1.));
#5351 = DIRECTION('',(0.980784756972,-0.195092953466,-0.));
#5352 = CYLINDRICAL_SURFACE('',#5353,0.150000292066);
#5353 = AXIS2_PLACEMENT_3D('',#5354,#5355,#5356);
#5354 = CARTESIAN_POINT('',(2.5,1.175,1.51));
#5355 = DIRECTION('',(-0.,0.,-1.));
#5356 = DIRECTION('',(0.980784756972,-0.195092953466,-0.));
#5357 = ADVANCED_FACE('',(#5358),#5383,.T.);
#5358 = FACE_BOUND('',#5359,.T.);
#5359 = EDGE_LOOP('',(#5360,#5361,#5369,#5377));
#5360 = ORIENTED_EDGE('',*,*,#5338,.T.);
#5361 = ORIENTED_EDGE('',*,*,#5362,.T.);
#5362 = EDGE_CURVE('',#5330,#5363,#5365,.T.);
#5363 = VERTEX_POINT('',#5364);
#5364 = CARTESIAN_POINT('',(2.352882,3.554264,1.545));
#5365 = LINE('',#5366,#5367);
#5366 = CARTESIAN_POINT('',(2.352882,1.145736,1.545));
#5367 = VECTOR('',#5368,1.);
#5368 = DIRECTION('',(0.,1.,0.));
#5369 = ORIENTED_EDGE('',*,*,#5370,.F.);
#5370 = EDGE_CURVE('',#5371,#5363,#5373,.T.);
#5371 = VERTEX_POINT('',#5372);
#5372 = CARTESIAN_POINT('',(2.352882,3.554264,1.51));
#5373 = LINE('',#5374,#5375);
#5374 = CARTESIAN_POINT('',(2.352882,3.554264,1.51));
#5375 = VECTOR('',#5376,1.);
#5376 = DIRECTION('',(0.,0.,1.));
#5377 = ORIENTED_EDGE('',*,*,#5378,.F.);
#5378 = EDGE_CURVE('',#5339,#5371,#5379,.T.);
#5379 = LINE('',#5380,#5381);
#5380 = CARTESIAN_POINT('',(2.352882,1.145736,1.51));
#5381 = VECTOR('',#5382,1.);
#5382 = DIRECTION('',(0.,1.,0.));
#5383 = PLANE('',#5384);
#5384 = AXIS2_PLACEMENT_3D('',#5385,#5386,#5387);
#5385 = CARTESIAN_POINT('',(2.352882,1.145736,1.51));
#5386 = DIRECTION('',(-1.,0.,0.));
#5387 = DIRECTION('',(0.,1.,0.));
#5388 = ADVANCED_FACE('',(#5389),#5414,.T.);
#5389 = FACE_BOUND('',#5390,.T.);
#5390 = EDGE_LOOP('',(#5391,#5392,#5400,#5408));
#5391 = ORIENTED_EDGE('',*,*,#5370,.T.);
#5392 = ORIENTED_EDGE('',*,*,#5393,.T.);
#5393 = EDGE_CURVE('',#5363,#5394,#5396,.T.);
#5394 = VERTEX_POINT('',#5395);
#5395 = CARTESIAN_POINT('',(2.37528,3.608336,1.545));
#5396 = LINE('',#5397,#5398);
#5397 = CARTESIAN_POINT('',(2.352882,3.554264,1.545));
#5398 = VECTOR('',#5399,1.);
#5399 = DIRECTION('',(0.38269282806,0.923875640631,0.));
#5400 = ORIENTED_EDGE('',*,*,#5401,.F.);
#5401 = EDGE_CURVE('',#5402,#5394,#5404,.T.);
#5402 = VERTEX_POINT('',#5403);
#5403 = CARTESIAN_POINT('',(2.37528,3.608336,1.51));
#5404 = LINE('',#5405,#5406);
#5405 = CARTESIAN_POINT('',(2.37528,3.608336,1.51));
#5406 = VECTOR('',#5407,1.);
#5407 = DIRECTION('',(0.,0.,1.));
#5408 = ORIENTED_EDGE('',*,*,#5409,.F.);
#5409 = EDGE_CURVE('',#5371,#5402,#5410,.T.);
#5410 = LINE('',#5411,#5412);
#5411 = CARTESIAN_POINT('',(2.352882,3.554264,1.51));
#5412 = VECTOR('',#5413,1.);
#5413 = DIRECTION('',(0.38269282806,0.923875640631,0.));
#5414 = PLANE('',#5415);
#5415 = AXIS2_PLACEMENT_3D('',#5416,#5417,#5418);
#5416 = CARTESIAN_POINT('',(2.352882,3.554264,1.51));
#5417 = DIRECTION('',(-0.923875640631,0.38269282806,0.));
#5418 = DIRECTION('',(0.38269282806,0.923875640631,0.));
#5419 = ADVANCED_FACE('',(#5420),#5436,.T.);
#5420 = FACE_BOUND('',#5421,.T.);
#5421 = EDGE_LOOP('',(#5422,#5423,#5429,#5430));
#5422 = ORIENTED_EDGE('',*,*,#5401,.T.);
#5423 = ORIENTED_EDGE('',*,*,#5424,.T.);
#5424 = EDGE_CURVE('',#5394,#5163,#5425,.T.);
#5425 = LINE('',#5426,#5427);
#5426 = CARTESIAN_POINT('',(2.37528,3.608336,1.545));
#5427 = VECTOR('',#5428,1.);
#5428 = DIRECTION('',(0.707106781187,0.707106781187,0.));
#5429 = ORIENTED_EDGE('',*,*,#5160,.F.);
#5430 = ORIENTED_EDGE('',*,*,#5431,.F.);
#5431 = EDGE_CURVE('',#5402,#5161,#5432,.T.);
#5432 = LINE('',#5433,#5434);
#5433 = CARTESIAN_POINT('',(2.37528,3.608336,1.51));
#5434 = VECTOR('',#5435,1.);
#5435 = DIRECTION('',(0.707106781187,0.707106781187,0.));
#5436 = PLANE('',#5437);
#5437 = AXIS2_PLACEMENT_3D('',#5438,#5439,#5440);
#5438 = CARTESIAN_POINT('',(2.37528,3.608336,1.51));
#5439 = DIRECTION('',(-0.707106781187,0.707106781187,0.));
#5440 = DIRECTION('',(0.707106781187,0.707106781187,0.));
#5441 = ADVANCED_FACE('',(#5442),#5453,.F.);
#5442 = FACE_BOUND('',#5443,.T.);
#5443 = EDGE_LOOP('',(#5444,#5445,#5446,#5447,#5448,#5449,#5450,#5451,
    #5452));
#5444 = ORIENTED_EDGE('',*,*,#5187,.T.);
#5445 = ORIENTED_EDGE('',*,*,#5219,.T.);
#5446 = ORIENTED_EDGE('',*,*,#5251,.T.);
#5447 = ORIENTED_EDGE('',*,*,#5283,.T.);
#5448 = ORIENTED_EDGE('',*,*,#5314,.T.);
#5449 = ORIENTED_EDGE('',*,*,#5346,.T.);
#5450 = ORIENTED_EDGE('',*,*,#5378,.T.);
#5451 = ORIENTED_EDGE('',*,*,#5409,.T.);
#5452 = ORIENTED_EDGE('',*,*,#5431,.T.);
#5453 = PLANE('',#5454);
#5454 = AXIS2_PLACEMENT_3D('',#5455,#5456,#5457);
#5455 = CARTESIAN_POINT('',(0.,0.,1.51));
#5456 = DIRECTION('',(0.,0.,1.));
#5457 = DIRECTION('',(1.,0.,-0.));
#5458 = ADVANCED_FACE('',(#5459),#5470,.T.);
#5459 = FACE_BOUND('',#5460,.F.);
#5460 = EDGE_LOOP('',(#5461,#5462,#5463,#5464,#5465,#5466,#5467,#5468,
    #5469));
#5461 = ORIENTED_EDGE('',*,*,#5170,.T.);
#5462 = ORIENTED_EDGE('',*,*,#5203,.T.);
#5463 = ORIENTED_EDGE('',*,*,#5234,.T.);
#5464 = ORIENTED_EDGE('',*,*,#5267,.T.);
#5465 = ORIENTED_EDGE('',*,*,#5298,.T.);
#5466 = ORIENTED_EDGE('',*,*,#5329,.T.);
#5467 = ORIENTED_EDGE('',*,*,#5362,.T.);
#5468 = ORIENTED_EDGE('',*,*,#5393,.T.);
#5469 = ORIENTED_EDGE('',*,*,#5424,.T.);
#5470 = PLANE('',#5471);
#5471 = AXIS2_PLACEMENT_3D('',#5472,#5473,#5474);
#5472 = CARTESIAN_POINT('',(0.,0.,1.545));
#5473 = DIRECTION('',(0.,0.,1.));
#5474 = DIRECTION('',(1.,0.,-0.));
#5475 = MANIFOLD_SOLID_BREP('',#5476);
#5476 = CLOSED_SHELL('',(#5477,#5517,#5548,#5579,#5610,#5641,#5672,#5705
    ,#5736,#5767,#5798,#5829,#5860,#5891,#5922,#5955,#5977,#6001));
#5477 = ADVANCED_FACE('',(#5478),#5512,.T.);
#5478 = FACE_BOUND('',#5479,.T.);
#5479 = EDGE_LOOP('',(#5480,#5490,#5498,#5506));
#5480 = ORIENTED_EDGE('',*,*,#5481,.T.);
#5481 = EDGE_CURVE('',#5482,#5484,#5486,.T.);
#5482 = VERTEX_POINT('',#5483);
#5483 = CARTESIAN_POINT('',(1.124721,19.258335,1.51));
#5484 = VERTEX_POINT('',#5485);
#5485 = CARTESIAN_POINT('',(1.124721,19.258335,1.545));
#5486 = LINE('',#5487,#5488);
#5487 = CARTESIAN_POINT('',(1.124721,19.258335,1.51));
#5488 = VECTOR('',#5489,1.);
#5489 = DIRECTION('',(0.,0.,1.));
#5490 = ORIENTED_EDGE('',*,*,#5491,.T.);
#5491 = EDGE_CURVE('',#5484,#5492,#5494,.T.);
#5492 = VERTEX_POINT('',#5493);
#5493 = CARTESIAN_POINT('',(1.147118,19.204264,1.545));
#5494 = LINE('',#5495,#5496);
#5495 = CARTESIAN_POINT('',(1.124721,19.258335,1.545));
#5496 = VECTOR('',#5497,1.);
#5497 = DIRECTION('',(0.382684285085,-0.923879179303,0.));
#5498 = ORIENTED_EDGE('',*,*,#5499,.F.);
#5499 = EDGE_CURVE('',#5500,#5492,#5502,.T.);
#5500 = VERTEX_POINT('',#5501);
#5501 = CARTESIAN_POINT('',(1.147118,19.204264,1.51));
#5502 = LINE('',#5503,#5504);
#5503 = CARTESIAN_POINT('',(1.147118,19.204264,1.51));
#5504 = VECTOR('',#5505,1.);
#5505 = DIRECTION('',(0.,0.,1.));
#5506 = ORIENTED_EDGE('',*,*,#5507,.F.);
#5507 = EDGE_CURVE('',#5482,#5500,#5508,.T.);
#5508 = LINE('',#5509,#5510);
#5509 = CARTESIAN_POINT('',(1.124721,19.258335,1.51));
#5510 = VECTOR('',#5511,1.);
#5511 = DIRECTION('',(0.382684285085,-0.923879179303,0.));
#5512 = PLANE('',#5513);
#5513 = AXIS2_PLACEMENT_3D('',#5514,#5515,#5516);
#5514 = CARTESIAN_POINT('',(1.124721,19.258335,1.51));
#5515 = DIRECTION('',(0.923879179303,0.382684285085,-0.));
#5516 = DIRECTION('',(0.382684285085,-0.923879179303,0.));
#5517 = ADVANCED_FACE('',(#5518),#5543,.T.);
#5518 = FACE_BOUND('',#5519,.T.);
#5519 = EDGE_LOOP('',(#5520,#5521,#5529,#5537));
#5520 = ORIENTED_EDGE('',*,*,#5499,.T.);
#5521 = ORIENTED_EDGE('',*,*,#5522,.T.);
#5522 = EDGE_CURVE('',#5492,#5523,#5525,.T.);
#5523 = VERTEX_POINT('',#5524);
#5524 = CARTESIAN_POINT('',(1.147118,17.145737,1.545));
#5525 = LINE('',#5526,#5527);
#5526 = CARTESIAN_POINT('',(1.147118,19.204264,1.545));
#5527 = VECTOR('',#5528,1.);
#5528 = DIRECTION('',(0.,-1.,0.));
#5529 = ORIENTED_EDGE('',*,*,#5530,.F.);
#5530 = EDGE_CURVE('',#5531,#5523,#5533,.T.);
#5531 = VERTEX_POINT('',#5532);
#5532 = CARTESIAN_POINT('',(1.147118,17.145737,1.51));
#5533 = LINE('',#5534,#5535);
#5534 = CARTESIAN_POINT('',(1.147118,17.145737,1.51));
#5535 = VECTOR('',#5536,1.);
#5536 = DIRECTION('',(0.,0.,1.));
#5537 = ORIENTED_EDGE('',*,*,#5538,.F.);
#5538 = EDGE_CURVE('',#5500,#5531,#5539,.T.);
#5539 = LINE('',#5540,#5541);
#5540 = CARTESIAN_POINT('',(1.147118,19.204264,1.51));
#5541 = VECTOR('',#5542,1.);
#5542 = DIRECTION('',(0.,-1.,0.));
#5543 = PLANE('',#5544);
#5544 = AXIS2_PLACEMENT_3D('',#5545,#5546,#5547);
#5545 = CARTESIAN_POINT('',(1.147118,19.204264,1.51));
#5546 = DIRECTION('',(1.,0.,-0.));
#5547 = DIRECTION('',(0.,-1.,0.));
#5548 = ADVANCED_FACE('',(#5549),#5574,.T.);
#5549 = FACE_BOUND('',#5550,.T.);
#5550 = EDGE_LOOP('',(#5551,#5552,#5560,#5568));
#5551 = ORIENTED_EDGE('',*,*,#5530,.T.);
#5552 = ORIENTED_EDGE('',*,*,#5553,.T.);
#5553 = EDGE_CURVE('',#5523,#5554,#5556,.T.);
#5554 = VERTEX_POINT('',#5555);
#5555 = CARTESIAN_POINT('',(1.124721,17.091665,1.545));
#5556 = LINE('',#5557,#5558);
#5557 = CARTESIAN_POINT('',(1.147118,17.145737,1.545));
#5558 = VECTOR('',#5559,1.);
#5559 = DIRECTION('',(-0.382678244204,-0.923881681501,0.));
#5560 = ORIENTED_EDGE('',*,*,#5561,.F.);
#5561 = EDGE_CURVE('',#5562,#5554,#5564,.T.);
#5562 = VERTEX_POINT('',#5563);
#5563 = CARTESIAN_POINT('',(1.124721,17.091665,1.51));
#5564 = LINE('',#5565,#5566);
#5565 = CARTESIAN_POINT('',(1.124721,17.091665,1.51));
#5566 = VECTOR('',#5567,1.);
#5567 = DIRECTION('',(0.,0.,1.));
#5568 = ORIENTED_EDGE('',*,*,#5569,.F.);
#5569 = EDGE_CURVE('',#5531,#5562,#5570,.T.);
#5570 = LINE('',#5571,#5572);
#5571 = CARTESIAN_POINT('',(1.147118,17.145737,1.51));
#5572 = VECTOR('',#5573,1.);
#5573 = DIRECTION('',(-0.382678244204,-0.923881681501,0.));
#5574 = PLANE('',#5575);
#5575 = AXIS2_PLACEMENT_3D('',#5576,#5577,#5578);
#5576 = CARTESIAN_POINT('',(1.147118,17.145737,1.51));
#5577 = DIRECTION('',(0.923881681501,-0.382678244204,0.));
#5578 = DIRECTION('',(-0.382678244204,-0.923881681501,0.));
#5579 = ADVANCED_FACE('',(#5580),#5605,.T.);
#5580 = FACE_BOUND('',#5581,.T.);
#5581 = EDGE_LOOP('',(#5582,#5583,#5591,#5599));
#5582 = ORIENTED_EDGE('',*,*,#5561,.T.);
#5583 = ORIENTED_EDGE('',*,*,#5584,.T.);
#5584 = EDGE_CURVE('',#5554,#5585,#5587,.T.);
#5585 = VERTEX_POINT('',#5586);
#5586 = CARTESIAN_POINT('',(0.15,16.112868,1.545));
#5587 = LINE('',#5588,#5589);
#5588 = CARTESIAN_POINT('',(1.124721,17.091665,1.545));
#5589 = VECTOR('',#5590,1.);
#5590 = DIRECTION('',(-0.705629872468,-0.708580611562,0.));
#5591 = ORIENTED_EDGE('',*,*,#5592,.F.);
#5592 = EDGE_CURVE('',#5593,#5585,#5595,.T.);
#5593 = VERTEX_POINT('',#5594);
#5594 = CARTESIAN_POINT('',(0.15,16.112868,1.51));
#5595 = LINE('',#5596,#5597);
#5596 = CARTESIAN_POINT('',(0.15,16.112868,1.51));
#5597 = VECTOR('',#5598,1.);
#5598 = DIRECTION('',(0.,0.,1.));
#5599 = ORIENTED_EDGE('',*,*,#5600,.F.);
#5600 = EDGE_CURVE('',#5562,#5593,#5601,.T.);
#5601 = LINE('',#5602,#5603);
#5602 = CARTESIAN_POINT('',(1.124721,17.091665,1.51));
#5603 = VECTOR('',#5604,1.);
#5604 = DIRECTION('',(-0.705629872468,-0.708580611562,0.));
#5605 = PLANE('',#5606);
#5606 = AXIS2_PLACEMENT_3D('',#5607,#5608,#5609);
#5607 = CARTESIAN_POINT('',(1.124721,17.091665,1.51));
#5608 = DIRECTION('',(0.708580611562,-0.705629872468,0.));
#5609 = DIRECTION('',(-0.705629872468,-0.708580611562,0.));
#5610 = ADVANCED_FACE('',(#5611),#5636,.T.);
#5611 = FACE_BOUND('',#5612,.T.);
#5612 = EDGE_LOOP('',(#5613,#5614,#5622,#5630));
#5613 = ORIENTED_EDGE('',*,*,#5592,.T.);
#5614 = ORIENTED_EDGE('',*,*,#5615,.T.);
#5615 = EDGE_CURVE('',#5585,#5616,#5618,.T.);
#5616 = VERTEX_POINT('',#5617);
#5617 = CARTESIAN_POINT('',(0.15,12.212132,1.545));
#5618 = LINE('',#5619,#5620);
#5619 = CARTESIAN_POINT('',(0.15,16.112868,1.545));
#5620 = VECTOR('',#5621,1.);
#5621 = DIRECTION('',(0.,-1.,0.));
#5622 = ORIENTED_EDGE('',*,*,#5623,.F.);
#5623 = EDGE_CURVE('',#5624,#5616,#5626,.T.);
#5624 = VERTEX_POINT('',#5625);
#5625 = CARTESIAN_POINT('',(0.15,12.212132,1.51));
#5626 = LINE('',#5627,#5628);
#5627 = CARTESIAN_POINT('',(0.15,12.212132,1.51));
#5628 = VECTOR('',#5629,1.);
#5629 = DIRECTION('',(0.,0.,1.));
#5630 = ORIENTED_EDGE('',*,*,#5631,.F.);
#5631 = EDGE_CURVE('',#5593,#5624,#5632,.T.);
#5632 = LINE('',#5633,#5634);
#5633 = CARTESIAN_POINT('',(0.15,16.112868,1.51));
#5634 = VECTOR('',#5635,1.);
#5635 = DIRECTION('',(0.,-1.,0.));
#5636 = PLANE('',#5637);
#5637 = AXIS2_PLACEMENT_3D('',#5638,#5639,#5640);
#5638 = CARTESIAN_POINT('',(0.15,16.112868,1.51));
#5639 = DIRECTION('',(1.,0.,-0.));
#5640 = DIRECTION('',(0.,-1.,0.));
#5641 = ADVANCED_FACE('',(#5642),#5667,.T.);
#5642 = FACE_BOUND('',#5643,.T.);
#5643 = EDGE_LOOP('',(#5644,#5645,#5653,#5661));
#5644 = ORIENTED_EDGE('',*,*,#5623,.T.);
#5645 = ORIENTED_EDGE('',*,*,#5646,.T.);
#5646 = EDGE_CURVE('',#5616,#5647,#5649,.T.);
#5647 = VERTEX_POINT('',#5648);
#5648 = CARTESIAN_POINT('',(1.374721,10.983335,1.545));
#5649 = LINE('',#5650,#5651);
#5650 = CARTESIAN_POINT('',(0.15,12.212132,1.545));
#5651 = VECTOR('',#5652,1.);
#5652 = DIRECTION('',(0.705931099038,-0.70828051181,0.));
#5653 = ORIENTED_EDGE('',*,*,#5654,.F.);
#5654 = EDGE_CURVE('',#5655,#5647,#5657,.T.);
#5655 = VERTEX_POINT('',#5656);
#5656 = CARTESIAN_POINT('',(1.374721,10.983335,1.51));
#5657 = LINE('',#5658,#5659);
#5658 = CARTESIAN_POINT('',(1.374721,10.983335,1.51));
#5659 = VECTOR('',#5660,1.);
#5660 = DIRECTION('',(0.,0.,1.));
#5661 = ORIENTED_EDGE('',*,*,#5662,.F.);
#5662 = EDGE_CURVE('',#5624,#5655,#5663,.T.);
#5663 = LINE('',#5664,#5665);
#5664 = CARTESIAN_POINT('',(0.15,12.212132,1.51));
#5665 = VECTOR('',#5666,1.);
#5666 = DIRECTION('',(0.705931099038,-0.70828051181,0.));
#5667 = PLANE('',#5668);
#5668 = AXIS2_PLACEMENT_3D('',#5669,#5670,#5671);
#5669 = CARTESIAN_POINT('',(0.15,12.212132,1.51));
#5670 = DIRECTION('',(0.70828051181,0.705931099038,-0.));
#5671 = DIRECTION('',(0.705931099038,-0.70828051181,0.));
#5672 = ADVANCED_FACE('',(#5673),#5700,.T.);
#5673 = FACE_BOUND('',#5674,.T.);
#5674 = EDGE_LOOP('',(#5675,#5676,#5685,#5693));
#5675 = ORIENTED_EDGE('',*,*,#5654,.T.);
#5676 = ORIENTED_EDGE('',*,*,#5677,.T.);
#5677 = EDGE_CURVE('',#5647,#5678,#5680,.T.);
#5678 = VERTEX_POINT('',#5679);
#5679 = CARTESIAN_POINT('',(1.166665,10.775279,1.545));
#5680 = CIRCLE('',#5681,0.150000166887);
#5681 = AXIS2_PLACEMENT_3D('',#5682,#5683,#5684);
#5682 = CARTESIAN_POINT('',(1.25,10.9,1.545));
#5683 = DIRECTION('',(0.,0.,-1.));
#5684 = DIRECTION('',(0.831472408256,0.555566048557,0.));
#5685 = ORIENTED_EDGE('',*,*,#5686,.F.);
#5686 = EDGE_CURVE('',#5687,#5678,#5689,.T.);
#5687 = VERTEX_POINT('',#5688);
#5688 = CARTESIAN_POINT('',(1.166665,10.775279,1.51));
#5689 = LINE('',#5690,#5691);
#5690 = CARTESIAN_POINT('',(1.166665,10.775279,1.51));
#5691 = VECTOR('',#5692,1.);
#5692 = DIRECTION('',(0.,0.,1.));
#5693 = ORIENTED_EDGE('',*,*,#5694,.F.);
#5694 = EDGE_CURVE('',#5655,#5687,#5695,.T.);
#5695 = CIRCLE('',#5696,0.150000166887);
#5696 = AXIS2_PLACEMENT_3D('',#5697,#5698,#5699);
#5697 = CARTESIAN_POINT('',(1.25,10.9,1.51));
#5698 = DIRECTION('',(0.,0.,-1.));
#5699 = DIRECTION('',(0.831472408256,0.555566048557,0.));
#5700 = CYLINDRICAL_SURFACE('',#5701,0.150000166887);
#5701 = AXIS2_PLACEMENT_3D('',#5702,#5703,#5704);
#5702 = CARTESIAN_POINT('',(1.25,10.9,1.51));
#5703 = DIRECTION('',(0.,0.,-1.));
#5704 = DIRECTION('',(0.831472408256,0.555566048557,0.));
#5705 = ADVANCED_FACE('',(#5706),#5731,.T.);
#5706 = FACE_BOUND('',#5707,.T.);
#5707 = EDGE_LOOP('',(#5708,#5709,#5717,#5725));
#5708 = ORIENTED_EDGE('',*,*,#5686,.T.);
#5709 = ORIENTED_EDGE('',*,*,#5710,.T.);
#5710 = EDGE_CURVE('',#5678,#5711,#5713,.T.);
#5711 = VERTEX_POINT('',#5712);
#5712 = CARTESIAN_POINT('',(-0.124721,12.066665,1.545));
#5713 = LINE('',#5714,#5715);
#5714 = CARTESIAN_POINT('',(1.166665,10.775279,1.545));
#5715 = VECTOR('',#5716,1.);
#5716 = DIRECTION('',(-0.707106781187,0.707106781187,0.));
#5717 = ORIENTED_EDGE('',*,*,#5718,.F.);
#5718 = EDGE_CURVE('',#5719,#5711,#5721,.T.);
#5719 = VERTEX_POINT('',#5720);
#5720 = CARTESIAN_POINT('',(-0.124721,12.066665,1.51));
#5721 = LINE('',#5722,#5723);
#5722 = CARTESIAN_POINT('',(-0.124721,12.066665,1.51));
#5723 = VECTOR('',#5724,1.);
#5724 = DIRECTION('',(0.,0.,1.));
#5725 = ORIENTED_EDGE('',*,*,#5726,.F.);
#5726 = EDGE_CURVE('',#5687,#5719,#5727,.T.);
#5727 = LINE('',#5728,#5729);
#5728 = CARTESIAN_POINT('',(1.166665,10.775279,1.51));
#5729 = VECTOR('',#5730,1.);
#5730 = DIRECTION('',(-0.707106781187,0.707106781187,0.));
#5731 = PLANE('',#5732);
#5732 = AXIS2_PLACEMENT_3D('',#5733,#5734,#5735);
#5733 = CARTESIAN_POINT('',(1.166665,10.775279,1.51));
#5734 = DIRECTION('',(-0.707106781187,-0.707106781187,0.));
#5735 = DIRECTION('',(-0.707106781187,0.707106781187,0.));
#5736 = ADVANCED_FACE('',(#5737),#5762,.T.);
#5737 = FACE_BOUND('',#5738,.T.);
#5738 = EDGE_LOOP('',(#5739,#5740,#5748,#5756));
#5739 = ORIENTED_EDGE('',*,*,#5718,.T.);
#5740 = ORIENTED_EDGE('',*,*,#5741,.T.);
#5741 = EDGE_CURVE('',#5711,#5742,#5744,.T.);
#5742 = VERTEX_POINT('',#5743);
#5743 = CARTESIAN_POINT('',(-0.147118,12.120737,1.545));
#5744 = LINE('',#5745,#5746);
#5745 = CARTESIAN_POINT('',(-0.124721,12.066665,1.545));
#5746 = VECTOR('',#5747,1.);
#5747 = DIRECTION('',(-0.382678244204,0.923881681501,0.));
#5748 = ORIENTED_EDGE('',*,*,#5749,.F.);
#5749 = EDGE_CURVE('',#5750,#5742,#5752,.T.);
#5750 = VERTEX_POINT('',#5751);
#5751 = CARTESIAN_POINT('',(-0.147118,12.120737,1.51));
#5752 = LINE('',#5753,#5754);
#5753 = CARTESIAN_POINT('',(-0.147118,12.120737,1.51));
#5754 = VECTOR('',#5755,1.);
#5755 = DIRECTION('',(0.,0.,1.));
#5756 = ORIENTED_EDGE('',*,*,#5757,.F.);
#5757 = EDGE_CURVE('',#5719,#5750,#5758,.T.);
#5758 = LINE('',#5759,#5760);
#5759 = CARTESIAN_POINT('',(-0.124721,12.066665,1.51));
#5760 = VECTOR('',#5761,1.);
#5761 = DIRECTION('',(-0.382678244204,0.923881681501,0.));
#5762 = PLANE('',#5763);
#5763 = AXIS2_PLACEMENT_3D('',#5764,#5765,#5766);
#5764 = CARTESIAN_POINT('',(-0.124721,12.066665,1.51));
#5765 = DIRECTION('',(-0.923881681501,-0.382678244204,0.));
#5766 = DIRECTION('',(-0.382678244204,0.923881681501,0.));
#5767 = ADVANCED_FACE('',(#5768),#5793,.T.);
#5768 = FACE_BOUND('',#5769,.T.);
#5769 = EDGE_LOOP('',(#5770,#5771,#5779,#5787));
#5770 = ORIENTED_EDGE('',*,*,#5749,.T.);
#5771 = ORIENTED_EDGE('',*,*,#5772,.T.);
#5772 = EDGE_CURVE('',#5742,#5773,#5775,.T.);
#5773 = VERTEX_POINT('',#5774);
#5774 = CARTESIAN_POINT('',(-0.147118,16.204264,1.545));
#5775 = LINE('',#5776,#5777);
#5776 = CARTESIAN_POINT('',(-0.147118,12.120737,1.545));
#5777 = VECTOR('',#5778,1.);
#5778 = DIRECTION('',(0.,1.,0.));
#5779 = ORIENTED_EDGE('',*,*,#5780,.F.);
#5780 = EDGE_CURVE('',#5781,#5773,#5783,.T.);
#5781 = VERTEX_POINT('',#5782);
#5782 = CARTESIAN_POINT('',(-0.147118,16.204264,1.51));
#5783 = LINE('',#5784,#5785);
#5784 = CARTESIAN_POINT('',(-0.147118,16.204264,1.51));
#5785 = VECTOR('',#5786,1.);
#5786 = DIRECTION('',(0.,0.,1.));
#5787 = ORIENTED_EDGE('',*,*,#5788,.F.);
#5788 = EDGE_CURVE('',#5750,#5781,#5789,.T.);
#5789 = LINE('',#5790,#5791);
#5790 = CARTESIAN_POINT('',(-0.147118,12.120737,1.51));
#5791 = VECTOR('',#5792,1.);
#5792 = DIRECTION('',(0.,1.,0.));
#5793 = PLANE('',#5794);
#5794 = AXIS2_PLACEMENT_3D('',#5795,#5796,#5797);
#5795 = CARTESIAN_POINT('',(-0.147118,12.120737,1.51));
#5796 = DIRECTION('',(-1.,0.,0.));
#5797 = DIRECTION('',(0.,1.,0.));
#5798 = ADVANCED_FACE('',(#5799),#5824,.T.);
#5799 = FACE_BOUND('',#5800,.T.);
#5800 = EDGE_LOOP('',(#5801,#5802,#5810,#5818));
#5801 = ORIENTED_EDGE('',*,*,#5780,.T.);
#5802 = ORIENTED_EDGE('',*,*,#5803,.T.);
#5803 = EDGE_CURVE('',#5773,#5804,#5806,.T.);
#5804 = VERTEX_POINT('',#5805);
#5805 = CARTESIAN_POINT('',(-0.124721,16.258335,1.545));
#5806 = LINE('',#5807,#5808);
#5807 = CARTESIAN_POINT('',(-0.147118,16.204264,1.545));
#5808 = VECTOR('',#5809,1.);
#5809 = DIRECTION('',(0.382684285085,0.923879179303,0.));
#5810 = ORIENTED_EDGE('',*,*,#5811,.F.);
#5811 = EDGE_CURVE('',#5812,#5804,#5814,.T.);
#5812 = VERTEX_POINT('',#5813);
#5813 = CARTESIAN_POINT('',(-0.124721,16.258335,1.51));
#5814 = LINE('',#5815,#5816);
#5815 = CARTESIAN_POINT('',(-0.124721,16.258335,1.51));
#5816 = VECTOR('',#5817,1.);
#5817 = DIRECTION('',(0.,0.,1.));
#5818 = ORIENTED_EDGE('',*,*,#5819,.F.);
#5819 = EDGE_CURVE('',#5781,#5812,#5820,.T.);
#5820 = LINE('',#5821,#5822);
#5821 = CARTESIAN_POINT('',(-0.147118,16.204264,1.51));
#5822 = VECTOR('',#5823,1.);
#5823 = DIRECTION('',(0.382684285085,0.923879179303,0.));
#5824 = PLANE('',#5825);
#5825 = AXIS2_PLACEMENT_3D('',#5826,#5827,#5828);
#5826 = CARTESIAN_POINT('',(-0.147118,16.204264,1.51));
#5827 = DIRECTION('',(-0.923879179303,0.382684285085,0.));
#5828 = DIRECTION('',(0.382684285085,0.923879179303,0.));
#5829 = ADVANCED_FACE('',(#5830),#5855,.T.);
#5830 = FACE_BOUND('',#5831,.T.);
#5831 = EDGE_LOOP('',(#5832,#5833,#5841,#5849));
#5832 = ORIENTED_EDGE('',*,*,#5811,.T.);
#5833 = ORIENTED_EDGE('',*,*,#5834,.T.);
#5834 = EDGE_CURVE('',#5804,#5835,#5837,.T.);
#5835 = VERTEX_POINT('',#5836);
#5836 = CARTESIAN_POINT('',(0.85,17.237132,1.545));
#5837 = LINE('',#5838,#5839);
#5838 = CARTESIAN_POINT('',(-0.124721,16.258335,1.545));
#5839 = VECTOR('',#5840,1.);
#5840 = DIRECTION('',(0.705629872468,0.708580611562,0.));
#5841 = ORIENTED_EDGE('',*,*,#5842,.F.);
#5842 = EDGE_CURVE('',#5843,#5835,#5845,.T.);
#5843 = VERTEX_POINT('',#5844);
#5844 = CARTESIAN_POINT('',(0.85,17.237132,1.51));
#5845 = LINE('',#5846,#5847);
#5846 = CARTESIAN_POINT('',(0.85,17.237132,1.51));
#5847 = VECTOR('',#5848,1.);
#5848 = DIRECTION('',(0.,0.,1.));
#5849 = ORIENTED_EDGE('',*,*,#5850,.F.);
#5850 = EDGE_CURVE('',#5812,#5843,#5851,.T.);
#5851 = LINE('',#5852,#5853);
#5852 = CARTESIAN_POINT('',(-0.124721,16.258335,1.51));
#5853 = VECTOR('',#5854,1.);
#5854 = DIRECTION('',(0.705629872468,0.708580611562,0.));
#5855 = PLANE('',#5856);
#5856 = AXIS2_PLACEMENT_3D('',#5857,#5858,#5859);
#5857 = CARTESIAN_POINT('',(-0.124721,16.258335,1.51));
#5858 = DIRECTION('',(-0.708580611562,0.705629872468,0.));
#5859 = DIRECTION('',(0.705629872468,0.708580611562,0.));
#5860 = ADVANCED_FACE('',(#5861),#5886,.T.);
#5861 = FACE_BOUND('',#5862,.T.);
#5862 = EDGE_LOOP('',(#5863,#5864,#5872,#5880));
#5863 = ORIENTED_EDGE('',*,*,#5842,.T.);
#5864 = ORIENTED_EDGE('',*,*,#5865,.T.);
#5865 = EDGE_CURVE('',#5835,#5866,#5868,.T.);
#5866 = VERTEX_POINT('',#5867);
#5867 = CARTESIAN_POINT('',(0.85,19.112868,1.545));
#5868 = LINE('',#5869,#5870);
#5869 = CARTESIAN_POINT('',(0.85,17.237132,1.545));
#5870 = VECTOR('',#5871,1.);
#5871 = DIRECTION('',(0.,1.,0.));
#5872 = ORIENTED_EDGE('',*,*,#5873,.F.);
#5873 = EDGE_CURVE('',#5874,#5866,#5876,.T.);
#5874 = VERTEX_POINT('',#5875);
#5875 = CARTESIAN_POINT('',(0.85,19.112868,1.51));
#5876 = LINE('',#5877,#5878);
#5877 = CARTESIAN_POINT('',(0.85,19.112868,1.51));
#5878 = VECTOR('',#5879,1.);
#5879 = DIRECTION('',(0.,0.,1.));
#5880 = ORIENTED_EDGE('',*,*,#5881,.F.);
#5881 = EDGE_CURVE('',#5843,#5874,#5882,.T.);
#5882 = LINE('',#5883,#5884);
#5883 = CARTESIAN_POINT('',(0.85,17.237132,1.51));
#5884 = VECTOR('',#5885,1.);
#5885 = DIRECTION('',(0.,1.,0.));
#5886 = PLANE('',#5887);
#5887 = AXIS2_PLACEMENT_3D('',#5888,#5889,#5890);
#5888 = CARTESIAN_POINT('',(0.85,17.237132,1.51));
#5889 = DIRECTION('',(-1.,0.,0.));
#5890 = DIRECTION('',(0.,1.,0.));
#5891 = ADVANCED_FACE('',(#5892),#5917,.T.);
#5892 = FACE_BOUND('',#5893,.T.);
#5893 = EDGE_LOOP('',(#5894,#5895,#5903,#5911));
#5894 = ORIENTED_EDGE('',*,*,#5873,.T.);
#5895 = ORIENTED_EDGE('',*,*,#5896,.T.);
#5896 = EDGE_CURVE('',#5866,#5897,#5899,.T.);
#5897 = VERTEX_POINT('',#5898);
#5898 = CARTESIAN_POINT('',(-0.124721,20.091665,1.545));
#5899 = LINE('',#5900,#5901);
#5900 = CARTESIAN_POINT('',(0.85,19.112868,1.545));
#5901 = VECTOR('',#5902,1.);
#5902 = DIRECTION('',(-0.705629872468,0.708580611562,0.));
#5903 = ORIENTED_EDGE('',*,*,#5904,.F.);
#5904 = EDGE_CURVE('',#5905,#5897,#5907,.T.);
#5905 = VERTEX_POINT('',#5906);
#5906 = CARTESIAN_POINT('',(-0.124721,20.091665,1.51));
#5907 = LINE('',#5908,#5909);
#5908 = CARTESIAN_POINT('',(-0.124721,20.091665,1.51));
#5909 = VECTOR('',#5910,1.);
#5910 = DIRECTION('',(0.,0.,1.));
#5911 = ORIENTED_EDGE('',*,*,#5912,.F.);
#5912 = EDGE_CURVE('',#5874,#5905,#5913,.T.);
#5913 = LINE('',#5914,#5915);
#5914 = CARTESIAN_POINT('',(0.85,19.112868,1.51));
#5915 = VECTOR('',#5916,1.);
#5916 = DIRECTION('',(-0.705629872468,0.708580611562,0.));
#5917 = PLANE('',#5918);
#5918 = AXIS2_PLACEMENT_3D('',#5919,#5920,#5921);
#5919 = CARTESIAN_POINT('',(0.85,19.112868,1.51));
#5920 = DIRECTION('',(-0.708580611562,-0.705629872468,0.));
#5921 = DIRECTION('',(-0.705629872468,0.708580611562,0.));
#5922 = ADVANCED_FACE('',(#5923),#5950,.T.);
#5923 = FACE_BOUND('',#5924,.T.);
#5924 = EDGE_LOOP('',(#5925,#5926,#5935,#5943));
#5925 = ORIENTED_EDGE('',*,*,#5904,.T.);
#5926 = ORIENTED_EDGE('',*,*,#5927,.T.);
#5927 = EDGE_CURVE('',#5897,#5928,#5930,.T.);
#5928 = VERTEX_POINT('',#5929);
#5929 = CARTESIAN_POINT('',(8.3335E-02,20.299721,1.545));
#5930 = CIRCLE('',#5931,0.150000188319);
#5931 = AXIS2_PLACEMENT_3D('',#5932,#5933,#5934);
#5932 = CARTESIAN_POINT('',(7.768065508895E-08,20.174999922319,1.545));
#5933 = DIRECTION('',(0.,0.,-1.));
#5934 = DIRECTION('',(-0.831472807322,-0.555565451305,-0.));
#5935 = ORIENTED_EDGE('',*,*,#5936,.F.);
#5936 = EDGE_CURVE('',#5937,#5928,#5939,.T.);
#5937 = VERTEX_POINT('',#5938);
#5938 = CARTESIAN_POINT('',(8.3335E-02,20.299721,1.51));
#5939 = LINE('',#5940,#5941);
#5940 = CARTESIAN_POINT('',(8.3335E-02,20.299721,1.51));
#5941 = VECTOR('',#5942,1.);
#5942 = DIRECTION('',(0.,0.,1.));
#5943 = ORIENTED_EDGE('',*,*,#5944,.F.);
#5944 = EDGE_CURVE('',#5905,#5937,#5945,.T.);
#5945 = CIRCLE('',#5946,0.150000188319);
#5946 = AXIS2_PLACEMENT_3D('',#5947,#5948,#5949);
#5947 = CARTESIAN_POINT('',(7.768065508895E-08,20.174999922319,1.51));
#5948 = DIRECTION('',(0.,0.,-1.));
#5949 = DIRECTION('',(-0.831472807322,-0.555565451305,-0.));
#5950 = CYLINDRICAL_SURFACE('',#5951,0.150000188319);
#5951 = AXIS2_PLACEMENT_3D('',#5952,#5953,#5954);
#5952 = CARTESIAN_POINT('',(7.768065508895E-08,20.174999922319,1.51));
#5953 = DIRECTION('',(0.,0.,-1.));
#5954 = DIRECTION('',(-0.831472807322,-0.555565451305,-0.));
#5955 = ADVANCED_FACE('',(#5956),#5972,.T.);
#5956 = FACE_BOUND('',#5957,.T.);
#5957 = EDGE_LOOP('',(#5958,#5959,#5965,#5966));
#5958 = ORIENTED_EDGE('',*,*,#5936,.T.);
#5959 = ORIENTED_EDGE('',*,*,#5960,.T.);
#5960 = EDGE_CURVE('',#5928,#5484,#5961,.T.);
#5961 = LINE('',#5962,#5963);
#5962 = CARTESIAN_POINT('',(8.3335E-02,20.299721,1.545));
#5963 = VECTOR('',#5964,1.);
#5964 = DIRECTION('',(0.707106781187,-0.707106781187,0.));
#5965 = ORIENTED_EDGE('',*,*,#5481,.F.);
#5966 = ORIENTED_EDGE('',*,*,#5967,.F.);
#5967 = EDGE_CURVE('',#5937,#5482,#5968,.T.);
#5968 = LINE('',#5969,#5970);
#5969 = CARTESIAN_POINT('',(8.3335E-02,20.299721,1.51));
#5970 = VECTOR('',#5971,1.);
#5971 = DIRECTION('',(0.707106781187,-0.707106781187,0.));
#5972 = PLANE('',#5973);
#5973 = AXIS2_PLACEMENT_3D('',#5974,#5975,#5976);
#5974 = CARTESIAN_POINT('',(8.3335E-02,20.299721,1.51));
#5975 = DIRECTION('',(0.707106781187,0.707106781187,-0.));
#5976 = DIRECTION('',(0.707106781187,-0.707106781187,0.));
#5977 = ADVANCED_FACE('',(#5978),#5996,.F.);
#5978 = FACE_BOUND('',#5979,.T.);
#5979 = EDGE_LOOP('',(#5980,#5981,#5982,#5983,#5984,#5985,#5986,#5987,
    #5988,#5989,#5990,#5991,#5992,#5993,#5994,#5995));
#5980 = ORIENTED_EDGE('',*,*,#5507,.T.);
#5981 = ORIENTED_EDGE('',*,*,#5538,.T.);
#5982 = ORIENTED_EDGE('',*,*,#5569,.T.);
#5983 = ORIENTED_EDGE('',*,*,#5600,.T.);
#5984 = ORIENTED_EDGE('',*,*,#5631,.T.);
#5985 = ORIENTED_EDGE('',*,*,#5662,.T.);
#5986 = ORIENTED_EDGE('',*,*,#5694,.T.);
#5987 = ORIENTED_EDGE('',*,*,#5726,.T.);
#5988 = ORIENTED_EDGE('',*,*,#5757,.T.);
#5989 = ORIENTED_EDGE('',*,*,#5788,.T.);
#5990 = ORIENTED_EDGE('',*,*,#5819,.T.);
#5991 = ORIENTED_EDGE('',*,*,#5850,.T.);
#5992 = ORIENTED_EDGE('',*,*,#5881,.T.);
#5993 = ORIENTED_EDGE('',*,*,#5912,.T.);
#5994 = ORIENTED_EDGE('',*,*,#5944,.T.);
#5995 = ORIENTED_EDGE('',*,*,#5967,.T.);
#5996 = PLANE('',#5997);
#5997 = AXIS2_PLACEMENT_3D('',#5998,#5999,#6000);
#5998 = CARTESIAN_POINT('',(0.,0.,1.51));
#5999 = DIRECTION('',(0.,0.,1.));
#6000 = DIRECTION('',(1.,0.,-0.));
#6001 = ADVANCED_FACE('',(#6002),#6020,.T.);
#6002 = FACE_BOUND('',#6003,.F.);
#6003 = EDGE_LOOP('',(#6004,#6005,#6006,#6007,#6008,#6009,#6010,#6011,
    #6012,#6013,#6014,#6015,#6016,#6017,#6018,#6019));
#6004 = ORIENTED_EDGE('',*,*,#5491,.T.);
#6005 = ORIENTED_EDGE('',*,*,#5522,.T.);
#6006 = ORIENTED_EDGE('',*,*,#5553,.T.);
#6007 = ORIENTED_EDGE('',*,*,#5584,.T.);
#6008 = ORIENTED_EDGE('',*,*,#5615,.T.);
#6009 = ORIENTED_EDGE('',*,*,#5646,.T.);
#6010 = ORIENTED_EDGE('',*,*,#5677,.T.);
#6011 = ORIENTED_EDGE('',*,*,#5710,.T.);
#6012 = ORIENTED_EDGE('',*,*,#5741,.T.);
#6013 = ORIENTED_EDGE('',*,*,#5772,.T.);
#6014 = ORIENTED_EDGE('',*,*,#5803,.T.);
#6015 = ORIENTED_EDGE('',*,*,#5834,.T.);
#6016 = ORIENTED_EDGE('',*,*,#5865,.T.);
#6017 = ORIENTED_EDGE('',*,*,#5896,.T.);
#6018 = ORIENTED_EDGE('',*,*,#5927,.T.);
#6019 = ORIENTED_EDGE('',*,*,#5960,.T.);
#6020 = PLANE('',#6021);
#6021 = AXIS2_PLACEMENT_3D('',#6022,#6023,#6024);
#6022 = CARTESIAN_POINT('',(0.,0.,1.545));
#6023 = DIRECTION('',(0.,0.,1.));
#6024 = DIRECTION('',(1.,0.,-0.));
#6025 = ( GEOMETRIC_REPRESENTATION_CONTEXT(3) 
GLOBAL_UNCERTAINTY_ASSIGNED_CONTEXT((#6029)) 
GLOBAL_UNIT_ASSIGNED_CONTEXT((#6026,#6027,#6028)) REPRESENTATION_CONTEXT
('Context #1','3D Context with UNIT and UNCERTAINTY') );
#6026 = ( LENGTH_UNIT() NAMED_UNIT(*) SI_UNIT(.MILLI.,.METRE.) );
#6027 = ( NAMED_UNIT(*) PLANE_ANGLE_UNIT() SI_UNIT($,.RADIAN.) );
#6028 = ( NAMED_UNIT(*) SI_UNIT($,.STERADIAN.) SOLID_ANGLE_UNIT() );
#6029 = UNCERTAINTY_MEASURE_WITH_UNIT(LENGTH_MEASURE(1.E-07),#6026,
  'distance_accuracy_value','confusion accuracy');
#6030 = CONTEXT_DEPENDENT_SHAPE_REPRESENTATION(#6031,#6033);
#6031 = ( REPRESENTATION_RELATIONSHIP('','',#40,#10) 
REPRESENTATION_RELATIONSHIP_WITH_TRANSFORMATION(#6032) 
SHAPE_REPRESENTATION_RELATIONSHIP() );
#6032 = ITEM_DEFINED_TRANSFORMATION('','',#11,#15);
#6033 = PRODUCT_DEFINITION_SHAPE('Placement','Placement of an item',
  #6034);
#6034 = NEXT_ASSEMBLY_USAGE_OCCURRENCE('1','=>[0:1:1:2]','',#5,#35,$);
#6035 = PRODUCT_RELATED_PRODUCT_CATEGORY('part',$,(#37));
#6036 = SHAPE_DEFINITION_REPRESENTATION(#6037,#6043);
#6037 = PRODUCT_DEFINITION_SHAPE('','',#6038);
#6038 = PRODUCT_DEFINITION('design','',#6039,#6042);
#6039 = PRODUCT_DEFINITION_FORMATION('','',#6040);
#6040 = PRODUCT('ERM_PCB_via','ERM_PCB_via','',(#6041));
#6041 = PRODUCT_CONTEXT('',#2,'mechanical');
#6042 = PRODUCT_DEFINITION_CONTEXT('part definition',#2,'design');
#6043 = SHAPE_REPRESENTATION('',(#11,#6044,#6136),#6228);
#6044 = MANIFOLD_SOLID_BREP('',#6045);
#6045 = CLOSED_SHELL('',(#6046,#6079,#6099,#6119));
#6046 = ADVANCED_FACE('',(#6047),#6074,.T.);
#6047 = FACE_BOUND('',#6048,.F.);
#6048 = EDGE_LOOP('',(#6049,#6059,#6066,#6067));
#6049 = ORIENTED_EDGE('',*,*,#6050,.T.);
#6050 = EDGE_CURVE('',#6051,#6053,#6055,.T.);
#6051 = VERTEX_POINT('',#6052);
#6052 = CARTESIAN_POINT('',(7.75,11.55,-3.5E-02));
#6053 = VERTEX_POINT('',#6054);
#6054 = CARTESIAN_POINT('',(7.75,11.55,1.545));
#6055 = LINE('',#6056,#6057);
#6056 = CARTESIAN_POINT('',(7.75,11.55,-3.5E-02));
#6057 = VECTOR('',#6058,1.);
#6058 = DIRECTION('',(0.,0.,1.));
#6059 = ORIENTED_EDGE('',*,*,#6060,.T.);
#6060 = EDGE_CURVE('',#6053,#6053,#6061,.T.);
#6061 = CIRCLE('',#6062,0.2);
#6062 = AXIS2_PLACEMENT_3D('',#6063,#6064,#6065);
#6063 = CARTESIAN_POINT('',(7.75,11.75,1.545));
#6064 = DIRECTION('',(0.,0.,1.));
#6065 = DIRECTION('',(-0.,-1.,0.));
#6066 = ORIENTED_EDGE('',*,*,#6050,.F.);
#6067 = ORIENTED_EDGE('',*,*,#6068,.F.);
#6068 = EDGE_CURVE('',#6051,#6051,#6069,.T.);
#6069 = CIRCLE('',#6070,0.2);
#6070 = AXIS2_PLACEMENT_3D('',#6071,#6072,#6073);
#6071 = CARTESIAN_POINT('',(7.75,11.75,-3.5E-02));
#6072 = DIRECTION('',(0.,0.,1.));
#6073 = DIRECTION('',(-0.,-1.,0.));
#6074 = CYLINDRICAL_SURFACE('',#6075,0.2);
#6075 = AXIS2_PLACEMENT_3D('',#6076,#6077,#6078);
#6076 = CARTESIAN_POINT('',(7.75,11.75,-3.5E-02));
#6077 = DIRECTION('',(-0.,-0.,-1.));
#6078 = DIRECTION('',(-0.,-1.,0.));
#6079 = ADVANCED_FACE('',(#6080,#6083),#6094,.F.);
#6080 = FACE_BOUND('',#6081,.F.);
#6081 = EDGE_LOOP('',(#6082));
#6082 = ORIENTED_EDGE('',*,*,#6068,.T.);
#6083 = FACE_BOUND('',#6084,.F.);
#6084 = EDGE_LOOP('',(#6085));
#6085 = ORIENTED_EDGE('',*,*,#6086,.T.);
#6086 = EDGE_CURVE('',#6087,#6087,#6089,.T.);
#6087 = VERTEX_POINT('',#6088);
#6088 = CARTESIAN_POINT('',(7.75,11.575,-3.5E-02));
#6089 = CIRCLE('',#6090,0.175);
#6090 = AXIS2_PLACEMENT_3D('',#6091,#6092,#6093);
#6091 = CARTESIAN_POINT('',(7.75,11.75,-3.5E-02));
#6092 = DIRECTION('',(-0.,0.,-1.));
#6093 = DIRECTION('',(-0.,-1.,0.));
#6094 = PLANE('',#6095);
#6095 = AXIS2_PLACEMENT_3D('',#6096,#6097,#6098);
#6096 = CARTESIAN_POINT('',(7.75,11.55,-3.5E-02));
#6097 = DIRECTION('',(0.,0.,1.));
#6098 = DIRECTION('',(1.,0.,-0.));
#6099 = ADVANCED_FACE('',(#6100,#6103),#6114,.T.);
#6100 = FACE_BOUND('',#6101,.T.);
#6101 = EDGE_LOOP('',(#6102));
#6102 = ORIENTED_EDGE('',*,*,#6060,.T.);
#6103 = FACE_BOUND('',#6104,.T.);
#6104 = EDGE_LOOP('',(#6105));
#6105 = ORIENTED_EDGE('',*,*,#6106,.T.);
#6106 = EDGE_CURVE('',#6107,#6107,#6109,.T.);
#6107 = VERTEX_POINT('',#6108);
#6108 = CARTESIAN_POINT('',(7.75,11.575,1.545));
#6109 = CIRCLE('',#6110,0.175);
#6110 = AXIS2_PLACEMENT_3D('',#6111,#6112,#6113);
#6111 = CARTESIAN_POINT('',(7.75,11.75,1.545));
#6112 = DIRECTION('',(-0.,0.,-1.));
#6113 = DIRECTION('',(-0.,-1.,0.));
#6114 = PLANE('',#6115);
#6115 = AXIS2_PLACEMENT_3D('',#6116,#6117,#6118);
#6116 = CARTESIAN_POINT('',(7.75,11.55,1.545));
#6117 = DIRECTION('',(0.,0.,1.));
#6118 = DIRECTION('',(1.,0.,-0.));
#6119 = ADVANCED_FACE('',(#6120),#6131,.F.);
#6120 = FACE_BOUND('',#6121,.T.);
#6121 = EDGE_LOOP('',(#6122,#6123,#6129,#6130));
#6122 = ORIENTED_EDGE('',*,*,#6086,.T.);
#6123 = ORIENTED_EDGE('',*,*,#6124,.T.);
#6124 = EDGE_CURVE('',#6087,#6107,#6125,.T.);
#6125 = LINE('',#6126,#6127);
#6126 = CARTESIAN_POINT('',(7.75,11.575,-3.6E-02));
#6127 = VECTOR('',#6128,1.);
#6128 = DIRECTION('',(0.,0.,1.));
#6129 = ORIENTED_EDGE('',*,*,#6106,.F.);
#6130 = ORIENTED_EDGE('',*,*,#6124,.F.);
#6131 = CYLINDRICAL_SURFACE('',#6132,0.175);
#6132 = AXIS2_PLACEMENT_3D('',#6133,#6134,#6135);
#6133 = CARTESIAN_POINT('',(7.75,11.75,-3.6E-02));
#6134 = DIRECTION('',(-0.,-0.,-1.));
#6135 = DIRECTION('',(-0.,-1.,0.));
#6136 = MANIFOLD_SOLID_BREP('',#6137);
#6137 = CLOSED_SHELL('',(#6138,#6171,#6191,#6211));
#6138 = ADVANCED_FACE('',(#6139),#6166,.T.);
#6139 = FACE_BOUND('',#6140,.F.);
#6140 = EDGE_LOOP('',(#6141,#6151,#6158,#6159));
#6141 = ORIENTED_EDGE('',*,*,#6142,.T.);
#6142 = EDGE_CURVE('',#6143,#6145,#6147,.T.);
#6143 = VERTEX_POINT('',#6144);
#6144 = CARTESIAN_POINT('',(4.,4.05,-3.5E-02));
#6145 = VERTEX_POINT('',#6146);
#6146 = CARTESIAN_POINT('',(4.,4.05,1.545));
#6147 = LINE('',#6148,#6149);
#6148 = CARTESIAN_POINT('',(4.,4.05,-3.5E-02));
#6149 = VECTOR('',#6150,1.);
#6150 = DIRECTION('',(0.,0.,1.));
#6151 = ORIENTED_EDGE('',*,*,#6152,.T.);
#6152 = EDGE_CURVE('',#6145,#6145,#6153,.T.);
#6153 = CIRCLE('',#6154,0.2);
#6154 = AXIS2_PLACEMENT_3D('',#6155,#6156,#6157);
#6155 = CARTESIAN_POINT('',(4.,4.25,1.545));
#6156 = DIRECTION('',(0.,0.,1.));
#6157 = DIRECTION('',(-0.,-1.,0.));
#6158 = ORIENTED_EDGE('',*,*,#6142,.F.);
#6159 = ORIENTED_EDGE('',*,*,#6160,.F.);
#6160 = EDGE_CURVE('',#6143,#6143,#6161,.T.);
#6161 = CIRCLE('',#6162,0.2);
#6162 = AXIS2_PLACEMENT_3D('',#6163,#6164,#6165);
#6163 = CARTESIAN_POINT('',(4.,4.25,-3.5E-02));
#6164 = DIRECTION('',(0.,0.,1.));
#6165 = DIRECTION('',(-0.,-1.,0.));
#6166 = CYLINDRICAL_SURFACE('',#6167,0.2);
#6167 = AXIS2_PLACEMENT_3D('',#6168,#6169,#6170);
#6168 = CARTESIAN_POINT('',(4.,4.25,-3.5E-02));
#6169 = DIRECTION('',(-0.,-0.,-1.));
#6170 = DIRECTION('',(-0.,-1.,0.));
#6171 = ADVANCED_FACE('',(#6172,#6175),#6186,.F.);
#6172 = FACE_BOUND('',#6173,.F.);
#6173 = EDGE_LOOP('',(#6174));
#6174 = ORIENTED_EDGE('',*,*,#6160,.T.);
#6175 = FACE_BOUND('',#6176,.F.);
#6176 = EDGE_LOOP('',(#6177));
#6177 = ORIENTED_EDGE('',*,*,#6178,.T.);
#6178 = EDGE_CURVE('',#6179,#6179,#6181,.T.);
#6179 = VERTEX_POINT('',#6180);
#6180 = CARTESIAN_POINT('',(4.,4.075,-3.5E-02));
#6181 = CIRCLE('',#6182,0.175);
#6182 = AXIS2_PLACEMENT_3D('',#6183,#6184,#6185);
#6183 = CARTESIAN_POINT('',(4.,4.25,-3.5E-02));
#6184 = DIRECTION('',(-0.,0.,-1.));
#6185 = DIRECTION('',(-0.,-1.,0.));
#6186 = PLANE('',#6187);
#6187 = AXIS2_PLACEMENT_3D('',#6188,#6189,#6190);
#6188 = CARTESIAN_POINT('',(4.,4.05,-3.5E-02));
#6189 = DIRECTION('',(0.,0.,1.));
#6190 = DIRECTION('',(1.,0.,-0.));
#6191 = ADVANCED_FACE('',(#6192,#6195),#6206,.T.);
#6192 = FACE_BOUND('',#6193,.T.);
#6193 = EDGE_LOOP('',(#6194));
#6194 = ORIENTED_EDGE('',*,*,#6152,.T.);
#6195 = FACE_BOUND('',#6196,.T.);
#6196 = EDGE_LOOP('',(#6197));
#6197 = ORIENTED_EDGE('',*,*,#6198,.T.);
#6198 = EDGE_CURVE('',#6199,#6199,#6201,.T.);
#6199 = VERTEX_POINT('',#6200);
#6200 = CARTESIAN_POINT('',(4.,4.075,1.545));
#6201 = CIRCLE('',#6202,0.175);
#6202 = AXIS2_PLACEMENT_3D('',#6203,#6204,#6205);
#6203 = CARTESIAN_POINT('',(4.,4.25,1.545));
#6204 = DIRECTION('',(-0.,0.,-1.));
#6205 = DIRECTION('',(-0.,-1.,0.));
#6206 = PLANE('',#6207);
#6207 = AXIS2_PLACEMENT_3D('',#6208,#6209,#6210);
#6208 = CARTESIAN_POINT('',(4.,4.05,1.545));
#6209 = DIRECTION('',(0.,0.,1.));
#6210 = DIRECTION('',(1.,0.,-0.));
#6211 = ADVANCED_FACE('',(#6212),#6223,.F.);
#6212 = FACE_BOUND('',#6213,.T.);
#6213 = EDGE_LOOP('',(#6214,#6215,#6221,#6222));
#6214 = ORIENTED_EDGE('',*,*,#6178,.T.);
#6215 = ORIENTED_EDGE('',*,*,#6216,.T.);
#6216 = EDGE_CURVE('',#6179,#6199,#6217,.T.);
#6217 = LINE('',#6218,#6219);
#6218 = CARTESIAN_POINT('',(4.,4.075,-3.6E-02));
#6219 = VECTOR('',#6220,1.);
#6220 = DIRECTION('',(0.,0.,1.));
#6221 = ORIENTED_EDGE('',*,*,#6198,.F.);
#6222 = ORIENTED_EDGE('',*,*,#6216,.F.);
#6223 = CYLINDRICAL_SURFACE('',#6224,0.175);
#6224 = AXIS2_PLACEMENT_3D('',#6225,#6226,#6227);
#6225 = CARTESIAN_POINT('',(4.,4.25,-3.6E-02));
#6226 = DIRECTION('',(-0.,-0.,-1.));
#6227 = DIRECTION('',(-0.,-1.,0.));
#6228 = ( GEOMETRIC_REPRESENTATION_CONTEXT(3) 
GLOBAL_UNCERTAINTY_ASSIGNED_CONTEXT((#6232)) 
GLOBAL_UNIT_ASSIGNED_CONTEXT((#6229,#6230,#6231)) REPRESENTATION_CONTEXT
('Context #1','3D Context with UNIT and UNCERTAINTY') );
#6229 = ( LENGTH_UNIT() NAMED_UNIT(*) SI_UNIT(.MILLI.,.METRE.) );
#6230 = ( NAMED_UNIT(*) PLANE_ANGLE_UNIT() SI_UNIT($,.RADIAN.) );
#6231 = ( NAMED_UNIT(*) SI_UNIT($,.STERADIAN.) SOLID_ANGLE_UNIT() );
#6232 = UNCERTAINTY_MEASURE_WITH_UNIT(LENGTH_MEASURE(1.E-07),#6229,
  'distance_accuracy_value','confusion accuracy');
#6233 = CONTEXT_DEPENDENT_SHAPE_REPRESENTATION(#6234,#6236);
#6234 = ( REPRESENTATION_RELATIONSHIP('','',#6043,#10) 
REPRESENTATION_RELATIONSHIP_WITH_TRANSFORMATION(#6235) 
SHAPE_REPRESENTATION_RELATIONSHIP() );
#6235 = ITEM_DEFINED_TRANSFORMATION('','',#11,#19);
#6236 = PRODUCT_DEFINITION_SHAPE('Placement','Placement of an item',
  #6237);
#6237 = NEXT_ASSEMBLY_USAGE_OCCURRENCE('2','=>[0:1:1:3]','',#5,#6038,$);
#6238 = PRODUCT_RELATED_PRODUCT_CATEGORY('part',$,(#6040));
#6239 = SHAPE_DEFINITION_REPRESENTATION(#6240,#6246);
#6240 = PRODUCT_DEFINITION_SHAPE('','',#6241);
#6241 = PRODUCT_DEFINITION('design','',#6242,#6245);
#6242 = PRODUCT_DEFINITION_FORMATION('','',#6243);
#6243 = PRODUCT('ERM_PCB_PCB','ERM_PCB_PCB','',(#6244));
#6244 = PRODUCT_CONTEXT('',#2,'mechanical');
#6245 = PRODUCT_DEFINITION_CONTEXT('part definition',#2,'design');
#6246 = ADVANCED_BREP_SHAPE_REPRESENTATION('',(#11,#6247),#7100);
#6247 = MANIFOLD_SOLID_BREP('',#6248);
#6248 = CLOSED_SHELL('',(#6249,#6291,#6322,#6353,#6559,#6765,#6782,#6799
    ,#6816,#6833,#6850,#6867,#6884,#6901,#6918,#6930,#6947,#6964,#6981,
    #6998,#7015,#7032,#7049,#7066,#7083));
#6249 = ADVANCED_FACE('',(#6250),#6286,.T.);
#6250 = FACE_BOUND('',#6251,.T.);
#6251 = EDGE_LOOP('',(#6252,#6262,#6271,#6279));
#6252 = ORIENTED_EDGE('',*,*,#6253,.T.);
#6253 = EDGE_CURVE('',#6254,#6256,#6258,.T.);
#6254 = VERTEX_POINT('',#6255);
#6255 = CARTESIAN_POINT('',(5.,30.,0.));
#6256 = VERTEX_POINT('',#6257);
#6257 = CARTESIAN_POINT('',(5.,30.,1.51));
#6258 = LINE('',#6259,#6260);
#6259 = CARTESIAN_POINT('',(5.,30.,0.));
#6260 = VECTOR('',#6261,1.);
#6261 = DIRECTION('',(0.,0.,1.));
#6262 = ORIENTED_EDGE('',*,*,#6263,.T.);
#6263 = EDGE_CURVE('',#6256,#6264,#6266,.T.);
#6264 = VERTEX_POINT('',#6265);
#6265 = CARTESIAN_POINT('',(9.,26.,1.51));
#6266 = CIRCLE('',#6267,4.00000042591);
#6267 = AXIS2_PLACEMENT_3D('',#6268,#6269,#6270);
#6268 = CARTESIAN_POINT('',(4.99999957409,25.99999957409,1.51));
#6269 = DIRECTION('',(0.,0.,-1.));
#6270 = DIRECTION('',(1.064775354421E-07,1.,0.));
#6271 = ORIENTED_EDGE('',*,*,#6272,.F.);
#6272 = EDGE_CURVE('',#6273,#6264,#6275,.T.);
#6273 = VERTEX_POINT('',#6274);
#6274 = CARTESIAN_POINT('',(9.,26.,0.));
#6275 = LINE('',#6276,#6277);
#6276 = CARTESIAN_POINT('',(9.,26.,0.));
#6277 = VECTOR('',#6278,1.);
#6278 = DIRECTION('',(0.,0.,1.));
#6279 = ORIENTED_EDGE('',*,*,#6280,.F.);
#6280 = EDGE_CURVE('',#6254,#6273,#6281,.T.);
#6281 = CIRCLE('',#6282,4.00000042591);
#6282 = AXIS2_PLACEMENT_3D('',#6283,#6284,#6285);
#6283 = CARTESIAN_POINT('',(4.99999957409,25.99999957409,0.));
#6284 = DIRECTION('',(0.,0.,-1.));
#6285 = DIRECTION('',(1.064775354421E-07,1.,0.));
#6286 = CYLINDRICAL_SURFACE('',#6287,4.00000042591);
#6287 = AXIS2_PLACEMENT_3D('',#6288,#6289,#6290);
#6288 = CARTESIAN_POINT('',(4.99999957409,25.99999957409,0.));
#6289 = DIRECTION('',(0.,0.,-1.));
#6290 = DIRECTION('',(1.064775354421E-07,1.,0.));
#6291 = ADVANCED_FACE('',(#6292),#6317,.T.);
#6292 = FACE_BOUND('',#6293,.T.);
#6293 = EDGE_LOOP('',(#6294,#6304,#6310,#6311));
#6294 = ORIENTED_EDGE('',*,*,#6295,.T.);
#6295 = EDGE_CURVE('',#6296,#6298,#6300,.T.);
#6296 = VERTEX_POINT('',#6297);
#6297 = CARTESIAN_POINT('',(-5.,30.,0.));
#6298 = VERTEX_POINT('',#6299);
#6299 = CARTESIAN_POINT('',(-5.,30.,1.51));
#6300 = LINE('',#6301,#6302);
#6301 = CARTESIAN_POINT('',(-5.,30.,0.));
#6302 = VECTOR('',#6303,1.);
#6303 = DIRECTION('',(0.,0.,1.));
#6304 = ORIENTED_EDGE('',*,*,#6305,.T.);
#6305 = EDGE_CURVE('',#6298,#6256,#6306,.T.);
#6306 = LINE('',#6307,#6308);
#6307 = CARTESIAN_POINT('',(-5.,30.,1.51));
#6308 = VECTOR('',#6309,1.);
#6309 = DIRECTION('',(1.,0.,0.));
#6310 = ORIENTED_EDGE('',*,*,#6253,.F.);
#6311 = ORIENTED_EDGE('',*,*,#6312,.F.);
#6312 = EDGE_CURVE('',#6296,#6254,#6313,.T.);
#6313 = LINE('',#6314,#6315);
#6314 = CARTESIAN_POINT('',(-5.,30.,0.));
#6315 = VECTOR('',#6316,1.);
#6316 = DIRECTION('',(1.,0.,0.));
#6317 = PLANE('',#6318);
#6318 = AXIS2_PLACEMENT_3D('',#6319,#6320,#6321);
#6319 = CARTESIAN_POINT('',(-5.,30.,0.));
#6320 = DIRECTION('',(0.,1.,0.));
#6321 = DIRECTION('',(1.,0.,0.));
#6322 = ADVANCED_FACE('',(#6323),#6348,.T.);
#6323 = FACE_BOUND('',#6324,.T.);
#6324 = EDGE_LOOP('',(#6325,#6326,#6334,#6342));
#6325 = ORIENTED_EDGE('',*,*,#6272,.T.);
#6326 = ORIENTED_EDGE('',*,*,#6327,.T.);
#6327 = EDGE_CURVE('',#6264,#6328,#6330,.T.);
#6328 = VERTEX_POINT('',#6329);
#6329 = CARTESIAN_POINT('',(9.,-30.,1.51));
#6330 = LINE('',#6331,#6332);
#6331 = CARTESIAN_POINT('',(9.,26.,1.51));
#6332 = VECTOR('',#6333,1.);
#6333 = DIRECTION('',(0.,-1.,0.));
#6334 = ORIENTED_EDGE('',*,*,#6335,.F.);
#6335 = EDGE_CURVE('',#6336,#6328,#6338,.T.);
#6336 = VERTEX_POINT('',#6337);
#6337 = CARTESIAN_POINT('',(9.,-30.,0.));
#6338 = LINE('',#6339,#6340);
#6339 = CARTESIAN_POINT('',(9.,-30.,0.));
#6340 = VECTOR('',#6341,1.);
#6341 = DIRECTION('',(0.,0.,1.));
#6342 = ORIENTED_EDGE('',*,*,#6343,.F.);
#6343 = EDGE_CURVE('',#6273,#6336,#6344,.T.);
#6344 = LINE('',#6345,#6346);
#6345 = CARTESIAN_POINT('',(9.,26.,0.));
#6346 = VECTOR('',#6347,1.);
#6347 = DIRECTION('',(0.,-1.,0.));
#6348 = PLANE('',#6349);
#6349 = AXIS2_PLACEMENT_3D('',#6350,#6351,#6352);
#6350 = CARTESIAN_POINT('',(9.,26.,0.));
#6351 = DIRECTION('',(1.,0.,-0.));
#6352 = DIRECTION('',(0.,-1.,0.));
#6353 = ADVANCED_FACE('',(#6354,#6444,#6455,#6466,#6477,#6488,#6499,
    #6510,#6521,#6532,#6543),#6554,.F.);
#6354 = FACE_BOUND('',#6355,.F.);
#6355 = EDGE_LOOP('',(#6356,#6357,#6358,#6367,#6376,#6385,#6393,#6402,
    #6411,#6420,#6429,#6437,#6443));
#6356 = ORIENTED_EDGE('',*,*,#6280,.F.);
#6357 = ORIENTED_EDGE('',*,*,#6312,.F.);
#6358 = ORIENTED_EDGE('',*,*,#6359,.F.);
#6359 = EDGE_CURVE('',#6360,#6296,#6362,.T.);
#6360 = VERTEX_POINT('',#6361);
#6361 = CARTESIAN_POINT('',(-9.,26.,0.));
#6362 = CIRCLE('',#6363,4.00000042591);
#6363 = AXIS2_PLACEMENT_3D('',#6364,#6365,#6366);
#6364 = CARTESIAN_POINT('',(-4.99999957409,25.99999957409,0.));
#6365 = DIRECTION('',(0.,0.,-1.));
#6366 = DIRECTION('',(-1.,1.06477534554E-07,0.));
#6367 = ORIENTED_EDGE('',*,*,#6368,.F.);
#6368 = EDGE_CURVE('',#6369,#6360,#6371,.T.);
#6369 = VERTEX_POINT('',#6370);
#6370 = CARTESIAN_POINT('',(-5.,22.,0.));
#6371 = CIRCLE('',#6372,4.00000042591);
#6372 = AXIS2_PLACEMENT_3D('',#6373,#6374,#6375);
#6373 = CARTESIAN_POINT('',(-4.99999957409,26.00000042591,0.));
#6374 = DIRECTION('',(0.,0.,-1.));
#6375 = DIRECTION('',(-1.064775354421E-07,-1.,-0.));
#6376 = ORIENTED_EDGE('',*,*,#6377,.F.);
#6377 = EDGE_CURVE('',#6378,#6369,#6380,.T.);
#6378 = VERTEX_POINT('',#6379);
#6379 = CARTESIAN_POINT('',(-2.,19.,0.));
#6380 = CIRCLE('',#6381,3.000001172987);
#6381 = AXIS2_PLACEMENT_3D('',#6382,#6383,#6384);
#6382 = CARTESIAN_POINT('',(-5.000001172987,18.999998827013,0.));
#6383 = DIRECTION('',(0.,0.,1.));
#6384 = DIRECTION('',(1.,3.909953616065E-07,-0.));
#6385 = ORIENTED_EDGE('',*,*,#6386,.F.);
#6386 = EDGE_CURVE('',#6387,#6378,#6389,.T.);
#6387 = VERTEX_POINT('',#6388);
#6388 = CARTESIAN_POINT('',(-2.,1.,0.));
#6389 = LINE('',#6390,#6391);
#6390 = CARTESIAN_POINT('',(-2.,1.,0.));
#6391 = VECTOR('',#6392,1.);
#6392 = DIRECTION('',(0.,1.,0.));
#6393 = ORIENTED_EDGE('',*,*,#6394,.F.);
#6394 = EDGE_CURVE('',#6395,#6387,#6397,.T.);
#6395 = VERTEX_POINT('',#6396);
#6396 = CARTESIAN_POINT('',(-5.,-2.,0.));
#6397 = CIRCLE('',#6398,3.000001172987);
#6398 = AXIS2_PLACEMENT_3D('',#6399,#6400,#6401);
#6399 = CARTESIAN_POINT('',(-5.000001172987,1.000001172987,0.));
#6400 = DIRECTION('',(0.,0.,1.));
#6401 = DIRECTION('',(3.909953621986E-07,-1.,0.));
#6402 = ORIENTED_EDGE('',*,*,#6403,.F.);
#6403 = EDGE_CURVE('',#6404,#6395,#6406,.T.);
#6404 = VERTEX_POINT('',#6405);
#6405 = CARTESIAN_POINT('',(-9.,-6.,0.));
#6406 = CIRCLE('',#6407,4.00000042591);
#6407 = AXIS2_PLACEMENT_3D('',#6408,#6409,#6410);
#6408 = CARTESIAN_POINT('',(-4.99999957409,-6.00000042591,0.));
#6409 = DIRECTION('',(0.,0.,-1.));
#6410 = DIRECTION('',(-1.,1.064775361083E-07,0.));
#6411 = ORIENTED_EDGE('',*,*,#6412,.F.);
#6412 = EDGE_CURVE('',#6413,#6404,#6415,.T.);
#6413 = VERTEX_POINT('',#6414);
#6414 = CARTESIAN_POINT('',(-5.,-10.,0.));
#6415 = CIRCLE('',#6416,4.00000042591);
#6416 = AXIS2_PLACEMENT_3D('',#6417,#6418,#6419);
#6417 = CARTESIAN_POINT('',(-4.99999957409,-5.99999957409,0.));
#6418 = DIRECTION('',(0.,0.,-1.));
#6419 = DIRECTION('',(-1.064775358862E-07,-1.,-0.));
#6420 = ORIENTED_EDGE('',*,*,#6421,.F.);
#6421 = EDGE_CURVE('',#6422,#6413,#6424,.T.);
#6422 = VERTEX_POINT('',#6423);
#6423 = CARTESIAN_POINT('',(-2.,-13.,0.));
#6424 = CIRCLE('',#6425,3.000001172987);
#6425 = AXIS2_PLACEMENT_3D('',#6426,#6427,#6428);
#6426 = CARTESIAN_POINT('',(-5.000001172987,-13.00000117298,0.));
#6427 = DIRECTION('',(0.,0.,1.));
#6428 = DIRECTION('',(1.,3.909953616065E-07,-0.));
#6429 = ORIENTED_EDGE('',*,*,#6430,.F.);
#6430 = EDGE_CURVE('',#6431,#6422,#6433,.T.);
#6431 = VERTEX_POINT('',#6432);
#6432 = CARTESIAN_POINT('',(-2.,-30.,0.));
#6433 = LINE('',#6434,#6435);
#6434 = CARTESIAN_POINT('',(-2.,-30.,0.));
#6435 = VECTOR('',#6436,1.);
#6436 = DIRECTION('',(0.,1.,0.));
#6437 = ORIENTED_EDGE('',*,*,#6438,.F.);
#6438 = EDGE_CURVE('',#6336,#6431,#6439,.T.);
#6439 = LINE('',#6440,#6441);
#6440 = CARTESIAN_POINT('',(9.,-30.,0.));
#6441 = VECTOR('',#6442,1.);
#6442 = DIRECTION('',(-1.,0.,0.));
#6443 = ORIENTED_EDGE('',*,*,#6343,.F.);
#6444 = FACE_BOUND('',#6445,.F.);
#6445 = EDGE_LOOP('',(#6446));
#6446 = ORIENTED_EDGE('',*,*,#6447,.T.);
#6447 = EDGE_CURVE('',#6448,#6448,#6450,.T.);
#6448 = VERTEX_POINT('',#6449);
#6449 = CARTESIAN_POINT('',(-5.,-7.6,0.));
#6450 = CIRCLE('',#6451,1.6);
#6451 = AXIS2_PLACEMENT_3D('',#6452,#6453,#6454);
#6452 = CARTESIAN_POINT('',(-5.,-6.,0.));
#6453 = DIRECTION('',(-0.,0.,-1.));
#6454 = DIRECTION('',(-0.,-1.,0.));
#6455 = FACE_BOUND('',#6456,.F.);
#6456 = EDGE_LOOP('',(#6457));
#6457 = ORIENTED_EDGE('',*,*,#6458,.T.);
#6458 = EDGE_CURVE('',#6459,#6459,#6461,.T.);
#6459 = VERTEX_POINT('',#6460);
#6460 = CARTESIAN_POINT('',(3.5,-24.625,0.));
#6461 = CIRCLE('',#6462,0.375);
#6462 = AXIS2_PLACEMENT_3D('',#6463,#6464,#6465);
#6463 = CARTESIAN_POINT('',(3.5,-24.25,0.));
#6464 = DIRECTION('',(-0.,0.,-1.));
#6465 = DIRECTION('',(-0.,-1.,0.));
#6466 = FACE_BOUND('',#6467,.F.);
#6467 = EDGE_LOOP('',(#6468));
#6468 = ORIENTED_EDGE('',*,*,#6469,.T.);
#6469 = EDGE_CURVE('',#6470,#6470,#6472,.T.);
#6470 = VERTEX_POINT('',#6471);
#6471 = CARTESIAN_POINT('',(5.5,-24.625,0.));
#6472 = CIRCLE('',#6473,0.375);
#6473 = AXIS2_PLACEMENT_3D('',#6474,#6475,#6476);
#6474 = CARTESIAN_POINT('',(5.5,-24.25,0.));
#6475 = DIRECTION('',(-0.,0.,-1.));
#6476 = DIRECTION('',(-0.,-1.,0.));
#6477 = FACE_BOUND('',#6478,.F.);
#6478 = EDGE_LOOP('',(#6479));
#6479 = ORIENTED_EDGE('',*,*,#6480,.T.);
#6480 = EDGE_CURVE('',#6481,#6481,#6483,.T.);
#6481 = VERTEX_POINT('',#6482);
#6482 = CARTESIAN_POINT('',(4.4,-19.,0.));
#6483 = CIRCLE('',#6484,0.5);
#6484 = AXIS2_PLACEMENT_3D('',#6485,#6486,#6487);
#6485 = CARTESIAN_POINT('',(4.4,-18.5,0.));
#6486 = DIRECTION('',(-0.,0.,-1.));
#6487 = DIRECTION('',(-0.,-1.,0.));
#6488 = FACE_BOUND('',#6489,.F.);
#6489 = EDGE_LOOP('',(#6490));
#6490 = ORIENTED_EDGE('',*,*,#6491,.T.);
#6491 = EDGE_CURVE('',#6492,#6492,#6494,.T.);
#6492 = VERTEX_POINT('',#6493);
#6493 = CARTESIAN_POINT('',(4.4,-16.5,0.));
#6494 = CIRCLE('',#6495,0.5);
#6495 = AXIS2_PLACEMENT_3D('',#6496,#6497,#6498);
#6496 = CARTESIAN_POINT('',(4.4,-16.,0.));
#6497 = DIRECTION('',(-0.,0.,-1.));
#6498 = DIRECTION('',(-0.,-1.,0.));
#6499 = FACE_BOUND('',#6500,.F.);
#6500 = EDGE_LOOP('',(#6501));
#6501 = ORIENTED_EDGE('',*,*,#6502,.T.);
#6502 = EDGE_CURVE('',#6503,#6503,#6505,.T.);
#6503 = VERTEX_POINT('',#6504);
#6504 = CARTESIAN_POINT('',(-5.,24.4,0.));
#6505 = CIRCLE('',#6506,1.6);
#6506 = AXIS2_PLACEMENT_3D('',#6507,#6508,#6509);
#6507 = CARTESIAN_POINT('',(-5.,26.,0.));
#6508 = DIRECTION('',(-0.,0.,-1.));
#6509 = DIRECTION('',(-0.,-1.,0.));
#6510 = FACE_BOUND('',#6511,.F.);
#6511 = EDGE_LOOP('',(#6512));
#6512 = ORIENTED_EDGE('',*,*,#6513,.T.);
#6513 = EDGE_CURVE('',#6514,#6514,#6516,.T.);
#6514 = VERTEX_POINT('',#6515);
#6515 = CARTESIAN_POINT('',(3.,15.025,0.));
#6516 = CIRCLE('',#6517,0.475);
#6517 = AXIS2_PLACEMENT_3D('',#6518,#6519,#6520);
#6518 = CARTESIAN_POINT('',(3.,15.5,0.));
#6519 = DIRECTION('',(-0.,0.,-1.));
#6520 = DIRECTION('',(-0.,-1.,0.));
#6521 = FACE_BOUND('',#6522,.F.);
#6522 = EDGE_LOOP('',(#6523));
#6523 = ORIENTED_EDGE('',*,*,#6524,.T.);
#6524 = EDGE_CURVE('',#6525,#6525,#6527,.T.);
#6525 = VERTEX_POINT('',#6526);
#6526 = CARTESIAN_POINT('',(3.,17.525,0.));
#6527 = CIRCLE('',#6528,0.475);
#6528 = AXIS2_PLACEMENT_3D('',#6529,#6530,#6531);
#6529 = CARTESIAN_POINT('',(3.,18.,0.));
#6530 = DIRECTION('',(-0.,0.,-1.));
#6531 = DIRECTION('',(-0.,-1.,0.));
#6532 = FACE_BOUND('',#6533,.F.);
#6533 = EDGE_LOOP('',(#6534));
#6534 = ORIENTED_EDGE('',*,*,#6535,.T.);
#6535 = EDGE_CURVE('',#6536,#6536,#6538,.T.);
#6536 = VERTEX_POINT('',#6537);
#6537 = CARTESIAN_POINT('',(3.,20.025,0.));
#6538 = CIRCLE('',#6539,0.475);
#6539 = AXIS2_PLACEMENT_3D('',#6540,#6541,#6542);
#6540 = CARTESIAN_POINT('',(3.,20.5,0.));
#6541 = DIRECTION('',(-0.,0.,-1.));
#6542 = DIRECTION('',(-0.,-1.,0.));
#6543 = FACE_BOUND('',#6544,.F.);
#6544 = EDGE_LOOP('',(#6545));
#6545 = ORIENTED_EDGE('',*,*,#6546,.T.);
#6546 = EDGE_CURVE('',#6547,#6547,#6549,.T.);
#6547 = VERTEX_POINT('',#6548);
#6548 = CARTESIAN_POINT('',(3.,22.525,0.));
#6549 = CIRCLE('',#6550,0.475);
#6550 = AXIS2_PLACEMENT_3D('',#6551,#6552,#6553);
#6551 = CARTESIAN_POINT('',(3.,23.,0.));
#6552 = DIRECTION('',(-0.,0.,-1.));
#6553 = DIRECTION('',(-0.,-1.,0.));
#6554 = PLANE('',#6555);
#6555 = AXIS2_PLACEMENT_3D('',#6556,#6557,#6558);
#6556 = CARTESIAN_POINT('',(0.,0.,0.));
#6557 = DIRECTION('',(0.,0.,1.));
#6558 = DIRECTION('',(1.,0.,-0.));
#6559 = ADVANCED_FACE('',(#6560,#6650,#6661,#6672,#6683,#6694,#6705,
    #6716,#6727,#6738,#6749),#6760,.T.);
#6560 = FACE_BOUND('',#6561,.T.);
#6561 = EDGE_LOOP('',(#6562,#6563,#6564,#6573,#6582,#6591,#6599,#6608,
    #6617,#6626,#6635,#6643,#6649));
#6562 = ORIENTED_EDGE('',*,*,#6263,.F.);
#6563 = ORIENTED_EDGE('',*,*,#6305,.F.);
#6564 = ORIENTED_EDGE('',*,*,#6565,.F.);
#6565 = EDGE_CURVE('',#6566,#6298,#6568,.T.);
#6566 = VERTEX_POINT('',#6567);
#6567 = CARTESIAN_POINT('',(-9.,26.,1.51));
#6568 = CIRCLE('',#6569,4.00000042591);
#6569 = AXIS2_PLACEMENT_3D('',#6570,#6571,#6572);
#6570 = CARTESIAN_POINT('',(-4.99999957409,25.99999957409,1.51));
#6571 = DIRECTION('',(0.,0.,-1.));
#6572 = DIRECTION('',(-1.,1.06477534554E-07,0.));
#6573 = ORIENTED_EDGE('',*,*,#6574,.F.);
#6574 = EDGE_CURVE('',#6575,#6566,#6577,.T.);
#6575 = VERTEX_POINT('',#6576);
#6576 = CARTESIAN_POINT('',(-5.,22.,1.51));
#6577 = CIRCLE('',#6578,4.00000042591);
#6578 = AXIS2_PLACEMENT_3D('',#6579,#6580,#6581);
#6579 = CARTESIAN_POINT('',(-4.99999957409,26.00000042591,1.51));
#6580 = DIRECTION('',(0.,0.,-1.));
#6581 = DIRECTION('',(-1.064775354421E-07,-1.,-0.));
#6582 = ORIENTED_EDGE('',*,*,#6583,.F.);
#6583 = EDGE_CURVE('',#6584,#6575,#6586,.T.);
#6584 = VERTEX_POINT('',#6585);
#6585 = CARTESIAN_POINT('',(-2.,19.,1.51));
#6586 = CIRCLE('',#6587,3.000001172987);
#6587 = AXIS2_PLACEMENT_3D('',#6588,#6589,#6590);
#6588 = CARTESIAN_POINT('',(-5.000001172987,18.999998827013,1.51));
#6589 = DIRECTION('',(0.,0.,1.));
#6590 = DIRECTION('',(1.,3.909953616065E-07,-0.));
#6591 = ORIENTED_EDGE('',*,*,#6592,.F.);
#6592 = EDGE_CURVE('',#6593,#6584,#6595,.T.);
#6593 = VERTEX_POINT('',#6594);
#6594 = CARTESIAN_POINT('',(-2.,1.,1.51));
#6595 = LINE('',#6596,#6597);
#6596 = CARTESIAN_POINT('',(-2.,1.,1.51));
#6597 = VECTOR('',#6598,1.);
#6598 = DIRECTION('',(0.,1.,0.));
#6599 = ORIENTED_EDGE('',*,*,#6600,.F.);
#6600 = EDGE_CURVE('',#6601,#6593,#6603,.T.);
#6601 = VERTEX_POINT('',#6602);
#6602 = CARTESIAN_POINT('',(-5.,-2.,1.51));
#6603 = CIRCLE('',#6604,3.000001172987);
#6604 = AXIS2_PLACEMENT_3D('',#6605,#6606,#6607);
#6605 = CARTESIAN_POINT('',(-5.000001172987,1.000001172987,1.51));
#6606 = DIRECTION('',(0.,0.,1.));
#6607 = DIRECTION('',(3.909953621986E-07,-1.,0.));
#6608 = ORIENTED_EDGE('',*,*,#6609,.F.);
#6609 = EDGE_CURVE('',#6610,#6601,#6612,.T.);
#6610 = VERTEX_POINT('',#6611);
#6611 = CARTESIAN_POINT('',(-9.,-6.,1.51));
#6612 = CIRCLE('',#6613,4.00000042591);
#6613 = AXIS2_PLACEMENT_3D('',#6614,#6615,#6616);
#6614 = CARTESIAN_POINT('',(-4.99999957409,-6.00000042591,1.51));
#6615 = DIRECTION('',(0.,0.,-1.));
#6616 = DIRECTION('',(-1.,1.064775361083E-07,0.));
#6617 = ORIENTED_EDGE('',*,*,#6618,.F.);
#6618 = EDGE_CURVE('',#6619,#6610,#6621,.T.);
#6619 = VERTEX_POINT('',#6620);
#6620 = CARTESIAN_POINT('',(-5.,-10.,1.51));
#6621 = CIRCLE('',#6622,4.00000042591);
#6622 = AXIS2_PLACEMENT_3D('',#6623,#6624,#6625);
#6623 = CARTESIAN_POINT('',(-4.99999957409,-5.99999957409,1.51));
#6624 = DIRECTION('',(0.,0.,-1.));
#6625 = DIRECTION('',(-1.064775358862E-07,-1.,-0.));
#6626 = ORIENTED_EDGE('',*,*,#6627,.F.);
#6627 = EDGE_CURVE('',#6628,#6619,#6630,.T.);
#6628 = VERTEX_POINT('',#6629);
#6629 = CARTESIAN_POINT('',(-2.,-13.,1.51));
#6630 = CIRCLE('',#6631,3.000001172987);
#6631 = AXIS2_PLACEMENT_3D('',#6632,#6633,#6634);
#6632 = CARTESIAN_POINT('',(-5.000001172987,-13.00000117298,1.51));
#6633 = DIRECTION('',(0.,0.,1.));
#6634 = DIRECTION('',(1.,3.909953616065E-07,-0.));
#6635 = ORIENTED_EDGE('',*,*,#6636,.F.);
#6636 = EDGE_CURVE('',#6637,#6628,#6639,.T.);
#6637 = VERTEX_POINT('',#6638);
#6638 = CARTESIAN_POINT('',(-2.,-30.,1.51));
#6639 = LINE('',#6640,#6641);
#6640 = CARTESIAN_POINT('',(-2.,-30.,1.51));
#6641 = VECTOR('',#6642,1.);
#6642 = DIRECTION('',(0.,1.,0.));
#6643 = ORIENTED_EDGE('',*,*,#6644,.F.);
#6644 = EDGE_CURVE('',#6328,#6637,#6645,.T.);
#6645 = LINE('',#6646,#6647);
#6646 = CARTESIAN_POINT('',(9.,-30.,1.51));
#6647 = VECTOR('',#6648,1.);
#6648 = DIRECTION('',(-1.,0.,0.));
#6649 = ORIENTED_EDGE('',*,*,#6327,.F.);
#6650 = FACE_BOUND('',#6651,.T.);
#6651 = EDGE_LOOP('',(#6652));
#6652 = ORIENTED_EDGE('',*,*,#6653,.T.);
#6653 = EDGE_CURVE('',#6654,#6654,#6656,.T.);
#6654 = VERTEX_POINT('',#6655);
#6655 = CARTESIAN_POINT('',(-5.,-7.6,1.51));
#6656 = CIRCLE('',#6657,1.6);
#6657 = AXIS2_PLACEMENT_3D('',#6658,#6659,#6660);
#6658 = CARTESIAN_POINT('',(-5.,-6.,1.51));
#6659 = DIRECTION('',(-0.,0.,-1.));
#6660 = DIRECTION('',(-0.,-1.,0.));
#6661 = FACE_BOUND('',#6662,.T.);
#6662 = EDGE_LOOP('',(#6663));
#6663 = ORIENTED_EDGE('',*,*,#6664,.T.);
#6664 = EDGE_CURVE('',#6665,#6665,#6667,.T.);
#6665 = VERTEX_POINT('',#6666);
#6666 = CARTESIAN_POINT('',(3.5,-24.625,1.51));
#6667 = CIRCLE('',#6668,0.375);
#6668 = AXIS2_PLACEMENT_3D('',#6669,#6670,#6671);
#6669 = CARTESIAN_POINT('',(3.5,-24.25,1.51));
#6670 = DIRECTION('',(-0.,0.,-1.));
#6671 = DIRECTION('',(-0.,-1.,0.));
#6672 = FACE_BOUND('',#6673,.T.);
#6673 = EDGE_LOOP('',(#6674));
#6674 = ORIENTED_EDGE('',*,*,#6675,.T.);
#6675 = EDGE_CURVE('',#6676,#6676,#6678,.T.);
#6676 = VERTEX_POINT('',#6677);
#6677 = CARTESIAN_POINT('',(5.5,-24.625,1.51));
#6678 = CIRCLE('',#6679,0.375);
#6679 = AXIS2_PLACEMENT_3D('',#6680,#6681,#6682);
#6680 = CARTESIAN_POINT('',(5.5,-24.25,1.51));
#6681 = DIRECTION('',(-0.,0.,-1.));
#6682 = DIRECTION('',(-0.,-1.,0.));
#6683 = FACE_BOUND('',#6684,.T.);
#6684 = EDGE_LOOP('',(#6685));
#6685 = ORIENTED_EDGE('',*,*,#6686,.T.);
#6686 = EDGE_CURVE('',#6687,#6687,#6689,.T.);
#6687 = VERTEX_POINT('',#6688);
#6688 = CARTESIAN_POINT('',(4.4,-19.,1.51));
#6689 = CIRCLE('',#6690,0.5);
#6690 = AXIS2_PLACEMENT_3D('',#6691,#6692,#6693);
#6691 = CARTESIAN_POINT('',(4.4,-18.5,1.51));
#6692 = DIRECTION('',(-0.,0.,-1.));
#6693 = DIRECTION('',(-0.,-1.,0.));
#6694 = FACE_BOUND('',#6695,.T.);
#6695 = EDGE_LOOP('',(#6696));
#6696 = ORIENTED_EDGE('',*,*,#6697,.T.);
#6697 = EDGE_CURVE('',#6698,#6698,#6700,.T.);
#6698 = VERTEX_POINT('',#6699);
#6699 = CARTESIAN_POINT('',(4.4,-16.5,1.51));
#6700 = CIRCLE('',#6701,0.5);
#6701 = AXIS2_PLACEMENT_3D('',#6702,#6703,#6704);
#6702 = CARTESIAN_POINT('',(4.4,-16.,1.51));
#6703 = DIRECTION('',(-0.,0.,-1.));
#6704 = DIRECTION('',(-0.,-1.,0.));
#6705 = FACE_BOUND('',#6706,.T.);
#6706 = EDGE_LOOP('',(#6707));
#6707 = ORIENTED_EDGE('',*,*,#6708,.T.);
#6708 = EDGE_CURVE('',#6709,#6709,#6711,.T.);
#6709 = VERTEX_POINT('',#6710);
#6710 = CARTESIAN_POINT('',(-5.,24.4,1.51));
#6711 = CIRCLE('',#6712,1.6);
#6712 = AXIS2_PLACEMENT_3D('',#6713,#6714,#6715);
#6713 = CARTESIAN_POINT('',(-5.,26.,1.51));
#6714 = DIRECTION('',(-0.,0.,-1.));
#6715 = DIRECTION('',(-0.,-1.,0.));
#6716 = FACE_BOUND('',#6717,.T.);
#6717 = EDGE_LOOP('',(#6718));
#6718 = ORIENTED_EDGE('',*,*,#6719,.T.);
#6719 = EDGE_CURVE('',#6720,#6720,#6722,.T.);
#6720 = VERTEX_POINT('',#6721);
#6721 = CARTESIAN_POINT('',(3.,15.025,1.51));
#6722 = CIRCLE('',#6723,0.475);
#6723 = AXIS2_PLACEMENT_3D('',#6724,#6725,#6726);
#6724 = CARTESIAN_POINT('',(3.,15.5,1.51));
#6725 = DIRECTION('',(-0.,0.,-1.));
#6726 = DIRECTION('',(-0.,-1.,0.));
#6727 = FACE_BOUND('',#6728,.T.);
#6728 = EDGE_LOOP('',(#6729));
#6729 = ORIENTED_EDGE('',*,*,#6730,.T.);
#6730 = EDGE_CURVE('',#6731,#6731,#6733,.T.);
#6731 = VERTEX_POINT('',#6732);
#6732 = CARTESIAN_POINT('',(3.,17.525,1.51));
#6733 = CIRCLE('',#6734,0.475);
#6734 = AXIS2_PLACEMENT_3D('',#6735,#6736,#6737);
#6735 = CARTESIAN_POINT('',(3.,18.,1.51));
#6736 = DIRECTION('',(-0.,0.,-1.));
#6737 = DIRECTION('',(-0.,-1.,0.));
#6738 = FACE_BOUND('',#6739,.T.);
#6739 = EDGE_LOOP('',(#6740));
#6740 = ORIENTED_EDGE('',*,*,#6741,.T.);
#6741 = EDGE_CURVE('',#6742,#6742,#6744,.T.);
#6742 = VERTEX_POINT('',#6743);
#6743 = CARTESIAN_POINT('',(3.,20.025,1.51));
#6744 = CIRCLE('',#6745,0.475);
#6745 = AXIS2_PLACEMENT_3D('',#6746,#6747,#6748);
#6746 = CARTESIAN_POINT('',(3.,20.5,1.51));
#6747 = DIRECTION('',(-0.,0.,-1.));
#6748 = DIRECTION('',(-0.,-1.,0.));
#6749 = FACE_BOUND('',#6750,.T.);
#6750 = EDGE_LOOP('',(#6751));
#6751 = ORIENTED_EDGE('',*,*,#6752,.T.);
#6752 = EDGE_CURVE('',#6753,#6753,#6755,.T.);
#6753 = VERTEX_POINT('',#6754);
#6754 = CARTESIAN_POINT('',(3.,22.525,1.51));
#6755 = CIRCLE('',#6756,0.475);
#6756 = AXIS2_PLACEMENT_3D('',#6757,#6758,#6759);
#6757 = CARTESIAN_POINT('',(3.,23.,1.51));
#6758 = DIRECTION('',(-0.,0.,-1.));
#6759 = DIRECTION('',(-0.,-1.,0.));
#6760 = PLANE('',#6761);
#6761 = AXIS2_PLACEMENT_3D('',#6762,#6763,#6764);
#6762 = CARTESIAN_POINT('',(0.,0.,1.51));
#6763 = DIRECTION('',(0.,0.,1.));
#6764 = DIRECTION('',(1.,0.,-0.));
#6765 = ADVANCED_FACE('',(#6766),#6777,.T.);
#6766 = FACE_BOUND('',#6767,.T.);
#6767 = EDGE_LOOP('',(#6768,#6774,#6775,#6776));
#6768 = ORIENTED_EDGE('',*,*,#6769,.T.);
#6769 = EDGE_CURVE('',#6360,#6566,#6770,.T.);
#6770 = LINE('',#6771,#6772);
#6771 = CARTESIAN_POINT('',(-9.,26.,0.));
#6772 = VECTOR('',#6773,1.);
#6773 = DIRECTION('',(0.,0.,1.));
#6774 = ORIENTED_EDGE('',*,*,#6565,.T.);
#6775 = ORIENTED_EDGE('',*,*,#6295,.F.);
#6776 = ORIENTED_EDGE('',*,*,#6359,.F.);
#6777 = CYLINDRICAL_SURFACE('',#6778,4.00000042591);
#6778 = AXIS2_PLACEMENT_3D('',#6779,#6780,#6781);
#6779 = CARTESIAN_POINT('',(-4.99999957409,25.99999957409,0.));
#6780 = DIRECTION('',(0.,0.,-1.));
#6781 = DIRECTION('',(-1.,1.06477534554E-07,0.));
#6782 = ADVANCED_FACE('',(#6783),#6794,.T.);
#6783 = FACE_BOUND('',#6784,.T.);
#6784 = EDGE_LOOP('',(#6785,#6786,#6787,#6793));
#6785 = ORIENTED_EDGE('',*,*,#6335,.T.);
#6786 = ORIENTED_EDGE('',*,*,#6644,.T.);
#6787 = ORIENTED_EDGE('',*,*,#6788,.F.);
#6788 = EDGE_CURVE('',#6431,#6637,#6789,.T.);
#6789 = LINE('',#6790,#6791);
#6790 = CARTESIAN_POINT('',(-2.,-30.,0.));
#6791 = VECTOR('',#6792,1.);
#6792 = DIRECTION('',(0.,0.,1.));
#6793 = ORIENTED_EDGE('',*,*,#6438,.F.);
#6794 = PLANE('',#6795);
#6795 = AXIS2_PLACEMENT_3D('',#6796,#6797,#6798);
#6796 = CARTESIAN_POINT('',(9.,-30.,0.));
#6797 = DIRECTION('',(0.,-1.,0.));
#6798 = DIRECTION('',(-1.,0.,0.));
#6799 = ADVANCED_FACE('',(#6800),#6811,.T.);
#6800 = FACE_BOUND('',#6801,.T.);
#6801 = EDGE_LOOP('',(#6802,#6808,#6809,#6810));
#6802 = ORIENTED_EDGE('',*,*,#6803,.T.);
#6803 = EDGE_CURVE('',#6369,#6575,#6804,.T.);
#6804 = LINE('',#6805,#6806);
#6805 = CARTESIAN_POINT('',(-5.,22.,0.));
#6806 = VECTOR('',#6807,1.);
#6807 = DIRECTION('',(0.,0.,1.));
#6808 = ORIENTED_EDGE('',*,*,#6574,.T.);
#6809 = ORIENTED_EDGE('',*,*,#6769,.F.);
#6810 = ORIENTED_EDGE('',*,*,#6368,.F.);
#6811 = CYLINDRICAL_SURFACE('',#6812,4.00000042591);
#6812 = AXIS2_PLACEMENT_3D('',#6813,#6814,#6815);
#6813 = CARTESIAN_POINT('',(-4.99999957409,26.00000042591,0.));
#6814 = DIRECTION('',(0.,0.,-1.));
#6815 = DIRECTION('',(-1.064775354421E-07,-1.,-0.));
#6816 = ADVANCED_FACE('',(#6817),#6828,.T.);
#6817 = FACE_BOUND('',#6818,.T.);
#6818 = EDGE_LOOP('',(#6819,#6820,#6821,#6827));
#6819 = ORIENTED_EDGE('',*,*,#6788,.T.);
#6820 = ORIENTED_EDGE('',*,*,#6636,.T.);
#6821 = ORIENTED_EDGE('',*,*,#6822,.F.);
#6822 = EDGE_CURVE('',#6422,#6628,#6823,.T.);
#6823 = LINE('',#6824,#6825);
#6824 = CARTESIAN_POINT('',(-2.,-13.,0.));
#6825 = VECTOR('',#6826,1.);
#6826 = DIRECTION('',(0.,0.,1.));
#6827 = ORIENTED_EDGE('',*,*,#6430,.F.);
#6828 = PLANE('',#6829);
#6829 = AXIS2_PLACEMENT_3D('',#6830,#6831,#6832);
#6830 = CARTESIAN_POINT('',(-2.,-30.,0.));
#6831 = DIRECTION('',(-1.,0.,0.));
#6832 = DIRECTION('',(0.,1.,0.));
#6833 = ADVANCED_FACE('',(#6834),#6845,.F.);
#6834 = FACE_BOUND('',#6835,.T.);
#6835 = EDGE_LOOP('',(#6836,#6842,#6843,#6844));
#6836 = ORIENTED_EDGE('',*,*,#6837,.T.);
#6837 = EDGE_CURVE('',#6378,#6584,#6838,.T.);
#6838 = LINE('',#6839,#6840);
#6839 = CARTESIAN_POINT('',(-2.,19.,0.));
#6840 = VECTOR('',#6841,1.);
#6841 = DIRECTION('',(0.,0.,1.));
#6842 = ORIENTED_EDGE('',*,*,#6583,.T.);
#6843 = ORIENTED_EDGE('',*,*,#6803,.F.);
#6844 = ORIENTED_EDGE('',*,*,#6377,.F.);
#6845 = CYLINDRICAL_SURFACE('',#6846,3.000001172987);
#6846 = AXIS2_PLACEMENT_3D('',#6847,#6848,#6849);
#6847 = CARTESIAN_POINT('',(-5.000001172987,18.999998827013,0.));
#6848 = DIRECTION('',(-0.,-0.,-1.));
#6849 = DIRECTION('',(1.,3.909953616065E-07,-0.));
#6850 = ADVANCED_FACE('',(#6851),#6862,.F.);
#6851 = FACE_BOUND('',#6852,.T.);
#6852 = EDGE_LOOP('',(#6853,#6854,#6855,#6861));
#6853 = ORIENTED_EDGE('',*,*,#6822,.T.);
#6854 = ORIENTED_EDGE('',*,*,#6627,.T.);
#6855 = ORIENTED_EDGE('',*,*,#6856,.F.);
#6856 = EDGE_CURVE('',#6413,#6619,#6857,.T.);
#6857 = LINE('',#6858,#6859);
#6858 = CARTESIAN_POINT('',(-5.,-10.,0.));
#6859 = VECTOR('',#6860,1.);
#6860 = DIRECTION('',(0.,0.,1.));
#6861 = ORIENTED_EDGE('',*,*,#6421,.F.);
#6862 = CYLINDRICAL_SURFACE('',#6863,3.000001172987);
#6863 = AXIS2_PLACEMENT_3D('',#6864,#6865,#6866);
#6864 = CARTESIAN_POINT('',(-5.000001172987,-13.00000117298,0.));
#6865 = DIRECTION('',(-0.,-0.,-1.));
#6866 = DIRECTION('',(1.,3.909953616065E-07,-0.));
#6867 = ADVANCED_FACE('',(#6868),#6879,.T.);
#6868 = FACE_BOUND('',#6869,.T.);
#6869 = EDGE_LOOP('',(#6870,#6876,#6877,#6878));
#6870 = ORIENTED_EDGE('',*,*,#6871,.T.);
#6871 = EDGE_CURVE('',#6387,#6593,#6872,.T.);
#6872 = LINE('',#6873,#6874);
#6873 = CARTESIAN_POINT('',(-2.,1.,0.));
#6874 = VECTOR('',#6875,1.);
#6875 = DIRECTION('',(0.,0.,1.));
#6876 = ORIENTED_EDGE('',*,*,#6592,.T.);
#6877 = ORIENTED_EDGE('',*,*,#6837,.F.);
#6878 = ORIENTED_EDGE('',*,*,#6386,.F.);
#6879 = PLANE('',#6880);
#6880 = AXIS2_PLACEMENT_3D('',#6881,#6882,#6883);
#6881 = CARTESIAN_POINT('',(-2.,1.,0.));
#6882 = DIRECTION('',(-1.,0.,0.));
#6883 = DIRECTION('',(0.,1.,0.));
#6884 = ADVANCED_FACE('',(#6885),#6896,.T.);
#6885 = FACE_BOUND('',#6886,.T.);
#6886 = EDGE_LOOP('',(#6887,#6888,#6889,#6895));
#6887 = ORIENTED_EDGE('',*,*,#6856,.T.);
#6888 = ORIENTED_EDGE('',*,*,#6618,.T.);
#6889 = ORIENTED_EDGE('',*,*,#6890,.F.);
#6890 = EDGE_CURVE('',#6404,#6610,#6891,.T.);
#6891 = LINE('',#6892,#6893);
#6892 = CARTESIAN_POINT('',(-9.,-6.,0.));
#6893 = VECTOR('',#6894,1.);
#6894 = DIRECTION('',(0.,0.,1.));
#6895 = ORIENTED_EDGE('',*,*,#6412,.F.);
#6896 = CYLINDRICAL_SURFACE('',#6897,4.00000042591);
#6897 = AXIS2_PLACEMENT_3D('',#6898,#6899,#6900);
#6898 = CARTESIAN_POINT('',(-4.99999957409,-5.99999957409,0.));
#6899 = DIRECTION('',(0.,0.,-1.));
#6900 = DIRECTION('',(-1.064775358862E-07,-1.,-0.));
#6901 = ADVANCED_FACE('',(#6902),#6913,.F.);
#6902 = FACE_BOUND('',#6903,.T.);
#6903 = EDGE_LOOP('',(#6904,#6910,#6911,#6912));
#6904 = ORIENTED_EDGE('',*,*,#6905,.T.);
#6905 = EDGE_CURVE('',#6395,#6601,#6906,.T.);
#6906 = LINE('',#6907,#6908);
#6907 = CARTESIAN_POINT('',(-5.,-2.,0.));
#6908 = VECTOR('',#6909,1.);
#6909 = DIRECTION('',(0.,0.,1.));
#6910 = ORIENTED_EDGE('',*,*,#6600,.T.);
#6911 = ORIENTED_EDGE('',*,*,#6871,.F.);
#6912 = ORIENTED_EDGE('',*,*,#6394,.F.);
#6913 = CYLINDRICAL_SURFACE('',#6914,3.000001172987);
#6914 = AXIS2_PLACEMENT_3D('',#6915,#6916,#6917);
#6915 = CARTESIAN_POINT('',(-5.000001172987,1.000001172987,0.));
#6916 = DIRECTION('',(-0.,-0.,-1.));
#6917 = DIRECTION('',(3.909953621986E-07,-1.,0.));
#6918 = ADVANCED_FACE('',(#6919),#6925,.T.);
#6919 = FACE_BOUND('',#6920,.T.);
#6920 = EDGE_LOOP('',(#6921,#6922,#6923,#6924));
#6921 = ORIENTED_EDGE('',*,*,#6890,.T.);
#6922 = ORIENTED_EDGE('',*,*,#6609,.T.);
#6923 = ORIENTED_EDGE('',*,*,#6905,.F.);
#6924 = ORIENTED_EDGE('',*,*,#6403,.F.);
#6925 = CYLINDRICAL_SURFACE('',#6926,4.00000042591);
#6926 = AXIS2_PLACEMENT_3D('',#6927,#6928,#6929);
#6927 = CARTESIAN_POINT('',(-4.99999957409,-6.00000042591,0.));
#6928 = DIRECTION('',(0.,0.,-1.));
#6929 = DIRECTION('',(-1.,1.064775361083E-07,0.));
#6930 = ADVANCED_FACE('',(#6931),#6942,.F.);
#6931 = FACE_BOUND('',#6932,.T.);
#6932 = EDGE_LOOP('',(#6933,#6934,#6940,#6941));
#6933 = ORIENTED_EDGE('',*,*,#6447,.T.);
#6934 = ORIENTED_EDGE('',*,*,#6935,.T.);
#6935 = EDGE_CURVE('',#6448,#6654,#6936,.T.);
#6936 = LINE('',#6937,#6938);
#6937 = CARTESIAN_POINT('',(-5.,-7.6,-4.6E-02));
#6938 = VECTOR('',#6939,1.);
#6939 = DIRECTION('',(0.,0.,1.));
#6940 = ORIENTED_EDGE('',*,*,#6653,.F.);
#6941 = ORIENTED_EDGE('',*,*,#6935,.F.);
#6942 = CYLINDRICAL_SURFACE('',#6943,1.6);
#6943 = AXIS2_PLACEMENT_3D('',#6944,#6945,#6946);
#6944 = CARTESIAN_POINT('',(-5.,-6.,-4.6E-02));
#6945 = DIRECTION('',(-0.,-0.,-1.));
#6946 = DIRECTION('',(-0.,-1.,0.));
#6947 = ADVANCED_FACE('',(#6948),#6959,.F.);
#6948 = FACE_BOUND('',#6949,.T.);
#6949 = EDGE_LOOP('',(#6950,#6951,#6957,#6958));
#6950 = ORIENTED_EDGE('',*,*,#6458,.T.);
#6951 = ORIENTED_EDGE('',*,*,#6952,.T.);
#6952 = EDGE_CURVE('',#6459,#6665,#6953,.T.);
#6953 = LINE('',#6954,#6955);
#6954 = CARTESIAN_POINT('',(3.5,-24.625,-4.6E-02));
#6955 = VECTOR('',#6956,1.);
#6956 = DIRECTION('',(0.,0.,1.));
#6957 = ORIENTED_EDGE('',*,*,#6664,.F.);
#6958 = ORIENTED_EDGE('',*,*,#6952,.F.);
#6959 = CYLINDRICAL_SURFACE('',#6960,0.375);
#6960 = AXIS2_PLACEMENT_3D('',#6961,#6962,#6963);
#6961 = CARTESIAN_POINT('',(3.5,-24.25,-4.6E-02));
#6962 = DIRECTION('',(-0.,-0.,-1.));
#6963 = DIRECTION('',(-0.,-1.,0.));
#6964 = ADVANCED_FACE('',(#6965),#6976,.F.);
#6965 = FACE_BOUND('',#6966,.T.);
#6966 = EDGE_LOOP('',(#6967,#6968,#6974,#6975));
#6967 = ORIENTED_EDGE('',*,*,#6469,.T.);
#6968 = ORIENTED_EDGE('',*,*,#6969,.T.);
#6969 = EDGE_CURVE('',#6470,#6676,#6970,.T.);
#6970 = LINE('',#6971,#6972);
#6971 = CARTESIAN_POINT('',(5.5,-24.625,-4.6E-02));
#6972 = VECTOR('',#6973,1.);
#6973 = DIRECTION('',(0.,0.,1.));
#6974 = ORIENTED_EDGE('',*,*,#6675,.F.);
#6975 = ORIENTED_EDGE('',*,*,#6969,.F.);
#6976 = CYLINDRICAL_SURFACE('',#6977,0.375);
#6977 = AXIS2_PLACEMENT_3D('',#6978,#6979,#6980);
#6978 = CARTESIAN_POINT('',(5.5,-24.25,-4.6E-02));
#6979 = DIRECTION('',(-0.,-0.,-1.));
#6980 = DIRECTION('',(-0.,-1.,0.));
#6981 = ADVANCED_FACE('',(#6982),#6993,.F.);
#6982 = FACE_BOUND('',#6983,.T.);
#6983 = EDGE_LOOP('',(#6984,#6985,#6991,#6992));
#6984 = ORIENTED_EDGE('',*,*,#6480,.T.);
#6985 = ORIENTED_EDGE('',*,*,#6986,.T.);
#6986 = EDGE_CURVE('',#6481,#6687,#6987,.T.);
#6987 = LINE('',#6988,#6989);
#6988 = CARTESIAN_POINT('',(4.4,-19.,-4.6E-02));
#6989 = VECTOR('',#6990,1.);
#6990 = DIRECTION('',(0.,0.,1.));
#6991 = ORIENTED_EDGE('',*,*,#6686,.F.);
#6992 = ORIENTED_EDGE('',*,*,#6986,.F.);
#6993 = CYLINDRICAL_SURFACE('',#6994,0.5);
#6994 = AXIS2_PLACEMENT_3D('',#6995,#6996,#6997);
#6995 = CARTESIAN_POINT('',(4.4,-18.5,-4.6E-02));
#6996 = DIRECTION('',(-0.,-0.,-1.));
#6997 = DIRECTION('',(-0.,-1.,0.));
#6998 = ADVANCED_FACE('',(#6999),#7010,.F.);
#6999 = FACE_BOUND('',#7000,.T.);
#7000 = EDGE_LOOP('',(#7001,#7002,#7008,#7009));
#7001 = ORIENTED_EDGE('',*,*,#6491,.T.);
#7002 = ORIENTED_EDGE('',*,*,#7003,.T.);
#7003 = EDGE_CURVE('',#6492,#6698,#7004,.T.);
#7004 = LINE('',#7005,#7006);
#7005 = CARTESIAN_POINT('',(4.4,-16.5,-4.6E-02));
#7006 = VECTOR('',#7007,1.);
#7007 = DIRECTION('',(0.,0.,1.));
#7008 = ORIENTED_EDGE('',*,*,#6697,.F.);
#7009 = ORIENTED_EDGE('',*,*,#7003,.F.);
#7010 = CYLINDRICAL_SURFACE('',#7011,0.5);
#7011 = AXIS2_PLACEMENT_3D('',#7012,#7013,#7014);
#7012 = CARTESIAN_POINT('',(4.4,-16.,-4.6E-02));
#7013 = DIRECTION('',(-0.,-0.,-1.));
#7014 = DIRECTION('',(-0.,-1.,0.));
#7015 = ADVANCED_FACE('',(#7016),#7027,.F.);
#7016 = FACE_BOUND('',#7017,.T.);
#7017 = EDGE_LOOP('',(#7018,#7019,#7025,#7026));
#7018 = ORIENTED_EDGE('',*,*,#6502,.T.);
#7019 = ORIENTED_EDGE('',*,*,#7020,.T.);
#7020 = EDGE_CURVE('',#6503,#6709,#7021,.T.);
#7021 = LINE('',#7022,#7023);
#7022 = CARTESIAN_POINT('',(-5.,24.4,-4.6E-02));
#7023 = VECTOR('',#7024,1.);
#7024 = DIRECTION('',(0.,0.,1.));
#7025 = ORIENTED_EDGE('',*,*,#6708,.F.);
#7026 = ORIENTED_EDGE('',*,*,#7020,.F.);
#7027 = CYLINDRICAL_SURFACE('',#7028,1.6);
#7028 = AXIS2_PLACEMENT_3D('',#7029,#7030,#7031);
#7029 = CARTESIAN_POINT('',(-5.,26.,-4.6E-02));
#7030 = DIRECTION('',(-0.,-0.,-1.));
#7031 = DIRECTION('',(-0.,-1.,0.));
#7032 = ADVANCED_FACE('',(#7033),#7044,.F.);
#7033 = FACE_BOUND('',#7034,.T.);
#7034 = EDGE_LOOP('',(#7035,#7036,#7042,#7043));
#7035 = ORIENTED_EDGE('',*,*,#6513,.T.);
#7036 = ORIENTED_EDGE('',*,*,#7037,.T.);
#7037 = EDGE_CURVE('',#6514,#6720,#7038,.T.);
#7038 = LINE('',#7039,#7040);
#7039 = CARTESIAN_POINT('',(3.,15.025,-4.6E-02));
#7040 = VECTOR('',#7041,1.);
#7041 = DIRECTION('',(0.,0.,1.));
#7042 = ORIENTED_EDGE('',*,*,#6719,.F.);
#7043 = ORIENTED_EDGE('',*,*,#7037,.F.);
#7044 = CYLINDRICAL_SURFACE('',#7045,0.475);
#7045 = AXIS2_PLACEMENT_3D('',#7046,#7047,#7048);
#7046 = CARTESIAN_POINT('',(3.,15.5,-4.6E-02));
#7047 = DIRECTION('',(-0.,-0.,-1.));
#7048 = DIRECTION('',(-0.,-1.,0.));
#7049 = ADVANCED_FACE('',(#7050),#7061,.F.);
#7050 = FACE_BOUND('',#7051,.T.);
#7051 = EDGE_LOOP('',(#7052,#7053,#7059,#7060));
#7052 = ORIENTED_EDGE('',*,*,#6524,.T.);
#7053 = ORIENTED_EDGE('',*,*,#7054,.T.);
#7054 = EDGE_CURVE('',#6525,#6731,#7055,.T.);
#7055 = LINE('',#7056,#7057);
#7056 = CARTESIAN_POINT('',(3.,17.525,-4.6E-02));
#7057 = VECTOR('',#7058,1.);
#7058 = DIRECTION('',(0.,0.,1.));
#7059 = ORIENTED_EDGE('',*,*,#6730,.F.);
#7060 = ORIENTED_EDGE('',*,*,#7054,.F.);
#7061 = CYLINDRICAL_SURFACE('',#7062,0.475);
#7062 = AXIS2_PLACEMENT_3D('',#7063,#7064,#7065);
#7063 = CARTESIAN_POINT('',(3.,18.,-4.6E-02));
#7064 = DIRECTION('',(-0.,-0.,-1.));
#7065 = DIRECTION('',(-0.,-1.,0.));
#7066 = ADVANCED_FACE('',(#7067),#7078,.F.);
#7067 = FACE_BOUND('',#7068,.T.);
#7068 = EDGE_LOOP('',(#7069,#7070,#7076,#7077));
#7069 = ORIENTED_EDGE('',*,*,#6535,.T.);
#7070 = ORIENTED_EDGE('',*,*,#7071,.T.);
#7071 = EDGE_CURVE('',#6536,#6742,#7072,.T.);
#7072 = LINE('',#7073,#7074);
#7073 = CARTESIAN_POINT('',(3.,20.025,-4.6E-02));
#7074 = VECTOR('',#7075,1.);
#7075 = DIRECTION('',(0.,0.,1.));
#7076 = ORIENTED_EDGE('',*,*,#6741,.F.);
#7077 = ORIENTED_EDGE('',*,*,#7071,.F.);
#7078 = CYLINDRICAL_SURFACE('',#7079,0.475);
#7079 = AXIS2_PLACEMENT_3D('',#7080,#7081,#7082);
#7080 = CARTESIAN_POINT('',(3.,20.5,-4.6E-02));
#7081 = DIRECTION('',(-0.,-0.,-1.));
#7082 = DIRECTION('',(-0.,-1.,0.));
#7083 = ADVANCED_FACE('',(#7084),#7095,.F.);
#7084 = FACE_BOUND('',#7085,.T.);
#7085 = EDGE_LOOP('',(#7086,#7087,#7093,#7094));
#7086 = ORIENTED_EDGE('',*,*,#6546,.T.);
#7087 = ORIENTED_EDGE('',*,*,#7088,.T.);
#7088 = EDGE_CURVE('',#6547,#6753,#7089,.T.);
#7089 = LINE('',#7090,#7091);
#7090 = CARTESIAN_POINT('',(3.,22.525,-4.6E-02));
#7091 = VECTOR('',#7092,1.);
#7092 = DIRECTION('',(0.,0.,1.));
#7093 = ORIENTED_EDGE('',*,*,#6752,.F.);
#7094 = ORIENTED_EDGE('',*,*,#7088,.F.);
#7095 = CYLINDRICAL_SURFACE('',#7096,0.475);
#7096 = AXIS2_PLACEMENT_3D('',#7097,#7098,#7099);
#7097 = CARTESIAN_POINT('',(3.,23.,-4.6E-02));
#7098 = DIRECTION('',(-0.,-0.,-1.));
#7099 = DIRECTION('',(-0.,-1.,0.));
#7100 = ( GEOMETRIC_REPRESENTATION_CONTEXT(3) 
GLOBAL_UNCERTAINTY_ASSIGNED_CONTEXT((#7104)) 
GLOBAL_UNIT_ASSIGNED_CONTEXT((#7101,#7102,#7103)) REPRESENTATION_CONTEXT
('Context #1','3D Context with UNIT and UNCERTAINTY') );
#7101 = ( LENGTH_UNIT() NAMED_UNIT(*) SI_UNIT(.MILLI.,.METRE.) );
#7102 = ( NAMED_UNIT(*) PLANE_ANGLE_UNIT() SI_UNIT($,.RADIAN.) );
#7103 = ( NAMED_UNIT(*) SI_UNIT($,.STERADIAN.) SOLID_ANGLE_UNIT() );
#7104 = UNCERTAINTY_MEASURE_WITH_UNIT(LENGTH_MEASURE(1.E-07),#7101,
  'distance_accuracy_value','confusion accuracy');
#7105 = CONTEXT_DEPENDENT_SHAPE_REPRESENTATION(#7106,#7108);
#7106 = ( REPRESENTATION_RELATIONSHIP('','',#6246,#10) 
REPRESENTATION_RELATIONSHIP_WITH_TRANSFORMATION(#7107) 
SHAPE_REPRESENTATION_RELATIONSHIP() );
#7107 = ITEM_DEFINED_TRANSFORMATION('','',#11,#23);
#7108 = PRODUCT_DEFINITION_SHAPE('Placement','Placement of an item',
  #7109);
#7109 = NEXT_ASSEMBLY_USAGE_OCCURRENCE('3','=>[0:1:1:4]','',#5,#6241,$);
#7110 = PRODUCT_RELATED_PRODUCT_CATEGORY('part',$,(#6243));
#7111 = MECHANICAL_DESIGN_GEOMETRIC_PRESENTATION_REPRESENTATION('',(
    #7112),#7100);
#7112 = STYLED_ITEM('color',(#7113),#6247);
#7113 = PRESENTATION_STYLE_ASSIGNMENT((#7114));
#7114 = SURFACE_STYLE_USAGE(.BOTH.,#7115);
#7115 = SURFACE_SIDE_STYLE('',(#7116));
#7116 = SURFACE_STYLE_FILL_AREA(#7117);
#7117 = FILL_AREA_STYLE('',(#7118));
#7118 = FILL_AREA_STYLE_COLOUR('',#7119);
#7119 = COLOUR_RGB('',0.313304153717,0.484529207832,0.410020903123);
#7120 = MECHANICAL_DESIGN_GEOMETRIC_PRESENTATION_REPRESENTATION('',(
    #7121,#7129),#6228);
#7121 = STYLED_ITEM('color',(#7122),#6044);
#7122 = PRESENTATION_STYLE_ASSIGNMENT((#7123));
#7123 = SURFACE_STYLE_USAGE(.BOTH.,#7124);
#7124 = SURFACE_SIDE_STYLE('',(#7125));
#7125 = SURFACE_STYLE_FILL_AREA(#7126);
#7126 = FILL_AREA_STYLE('',(#7127));
#7127 = FILL_AREA_STYLE_COLOUR('',#7128);
#7128 = COLOUR_RGB('',0.854305825093,0.803630995277,0.);
#7129 = STYLED_ITEM('color',(#7130),#6136);
#7130 = PRESENTATION_STYLE_ASSIGNMENT((#7131));
#7131 = SURFACE_STYLE_USAGE(.BOTH.,#7132);
#7132 = SURFACE_SIDE_STYLE('',(#7133));
#7133 = SURFACE_STYLE_FILL_AREA(#7134);
#7134 = FILL_AREA_STYLE('',(#7135));
#7135 = FILL_AREA_STYLE_COLOUR('',#7128);
#7136 = MECHANICAL_DESIGN_GEOMETRIC_PRESENTATION_REPRESENTATION('',(
    #7137,#7144,#7151,#7158,#7165,#7172,#7179,#7186,#7193,#7200,#7207,
    #7214,#7221,#7228,#7235),#6025);
#7137 = STYLED_ITEM('color',(#7138),#41);
#7138 = PRESENTATION_STYLE_ASSIGNMENT((#7139));
#7139 = SURFACE_STYLE_USAGE(.BOTH.,#7140);
#7140 = SURFACE_SIDE_STYLE('',(#7141));
#7141 = SURFACE_STYLE_FILL_AREA(#7142);
#7142 = FILL_AREA_STYLE('',(#7143));
#7143 = FILL_AREA_STYLE_COLOUR('',#7128);
#7144 = STYLED_ITEM('color',(#7145),#360);
#7145 = PRESENTATION_STYLE_ASSIGNMENT((#7146));
#7146 = SURFACE_STYLE_USAGE(.BOTH.,#7147);
#7147 = SURFACE_SIDE_STYLE('',(#7148));
#7148 = SURFACE_STYLE_FILL_AREA(#7149);
#7149 = FILL_AREA_STYLE('',(#7150));
#7150 = FILL_AREA_STYLE_COLOUR('',#7128);
#7151 = STYLED_ITEM('color',(#7152),#817);
#7152 = PRESENTATION_STYLE_ASSIGNMENT((#7153));
#7153 = SURFACE_STYLE_USAGE(.BOTH.,#7154);
#7154 = SURFACE_SIDE_STYLE('',(#7155));
#7155 = SURFACE_STYLE_FILL_AREA(#7156);
#7156 = FILL_AREA_STYLE('',(#7157));
#7157 = FILL_AREA_STYLE_COLOUR('',#7128);
#7158 = STYLED_ITEM('color',(#7159),#971);
#7159 = PRESENTATION_STYLE_ASSIGNMENT((#7160));
#7160 = SURFACE_STYLE_USAGE(.BOTH.,#7161);
#7161 = SURFACE_SIDE_STYLE('',(#7162));
#7162 = SURFACE_STYLE_FILL_AREA(#7163);
#7163 = FILL_AREA_STYLE('',(#7164));
#7164 = FILL_AREA_STYLE_COLOUR('',#7128);
#7165 = STYLED_ITEM('color',(#7166),#1323);
#7166 = PRESENTATION_STYLE_ASSIGNMENT((#7167));
#7167 = SURFACE_STYLE_USAGE(.BOTH.,#7168);
#7168 = SURFACE_SIDE_STYLE('',(#7169));
#7169 = SURFACE_STYLE_FILL_AREA(#7170);
#7170 = FILL_AREA_STYLE('',(#7171));
#7171 = FILL_AREA_STYLE_COLOUR('',#7128);
#7172 = STYLED_ITEM('color',(#7173),#1945);
#7173 = PRESENTATION_STYLE_ASSIGNMENT((#7174));
#7174 = SURFACE_STYLE_USAGE(.BOTH.,#7175);
#7175 = SURFACE_SIDE_STYLE('',(#7176));
#7176 = SURFACE_STYLE_FILL_AREA(#7177);
#7177 = FILL_AREA_STYLE('',(#7178));
#7178 = FILL_AREA_STYLE_COLOUR('',#7128);
#7179 = STYLED_ITEM('color',(#7180),#2204);
#7180 = PRESENTATION_STYLE_ASSIGNMENT((#7181));
#7181 = SURFACE_STYLE_USAGE(.BOTH.,#7182);
#7182 = SURFACE_SIDE_STYLE('',(#7183));
#7183 = SURFACE_STYLE_FILL_AREA(#7184);
#7184 = FILL_AREA_STYLE('',(#7185));
#7185 = FILL_AREA_STYLE_COLOUR('',#7128);
#7186 = STYLED_ITEM('color',(#7187),#2622);
#7187 = PRESENTATION_STYLE_ASSIGNMENT((#7188));
#7188 = SURFACE_STYLE_USAGE(.BOTH.,#7189);
#7189 = SURFACE_SIDE_STYLE('',(#7190));
#7190 = SURFACE_STYLE_FILL_AREA(#7191);
#7191 = FILL_AREA_STYLE('',(#7192));
#7192 = FILL_AREA_STYLE_COLOUR('',#7128);
#7193 = STYLED_ITEM('color',(#7194),#2714);
#7194 = PRESENTATION_STYLE_ASSIGNMENT((#7195));
#7195 = SURFACE_STYLE_USAGE(.BOTH.,#7196);
#7196 = SURFACE_SIDE_STYLE('',(#7197));
#7197 = SURFACE_STYLE_FILL_AREA(#7198);
#7198 = FILL_AREA_STYLE('',(#7199));
#7199 = FILL_AREA_STYLE_COLOUR('',#7128);
#7200 = STYLED_ITEM('color',(#7201),#3759);
#7201 = PRESENTATION_STYLE_ASSIGNMENT((#7202));
#7202 = SURFACE_STYLE_USAGE(.BOTH.,#7203);
#7203 = SURFACE_SIDE_STYLE('',(#7204));
#7204 = SURFACE_STYLE_FILL_AREA(#7205);
#7205 = FILL_AREA_STYLE('',(#7206));
#7206 = FILL_AREA_STYLE_COLOUR('',#7128);
#7207 = STYLED_ITEM('color',(#7208),#3913);
#7208 = PRESENTATION_STYLE_ASSIGNMENT((#7209));
#7209 = SURFACE_STYLE_USAGE(.BOTH.,#7210);
#7210 = SURFACE_SIDE_STYLE('',(#7211));
#7211 = SURFACE_STYLE_FILL_AREA(#7212);
#7212 = FILL_AREA_STYLE('',(#7213));
#7213 = FILL_AREA_STYLE_COLOUR('',#7128);
#7214 = STYLED_ITEM('color',(#7215),#4273);
#7215 = PRESENTATION_STYLE_ASSIGNMENT((#7216));
#7216 = SURFACE_STYLE_USAGE(.BOTH.,#7217);
#7217 = SURFACE_SIDE_STYLE('',(#7218));
#7218 = SURFACE_STYLE_FILL_AREA(#7219);
#7219 = FILL_AREA_STYLE('',(#7220));
#7220 = FILL_AREA_STYLE_COLOUR('',#7128);
#7221 = STYLED_ITEM('color',(#7222),#4901);
#7222 = PRESENTATION_STYLE_ASSIGNMENT((#7223));
#7223 = SURFACE_STYLE_USAGE(.BOTH.,#7224);
#7224 = SURFACE_SIDE_STYLE('',(#7225));
#7225 = SURFACE_STYLE_FILL_AREA(#7226);
#7226 = FILL_AREA_STYLE('',(#7227));
#7227 = FILL_AREA_STYLE_COLOUR('',#7128);
#7228 = STYLED_ITEM('color',(#7229),#5154);
#7229 = PRESENTATION_STYLE_ASSIGNMENT((#7230));
#7230 = SURFACE_STYLE_USAGE(.BOTH.,#7231);
#7231 = SURFACE_SIDE_STYLE('',(#7232));
#7232 = SURFACE_STYLE_FILL_AREA(#7233);
#7233 = FILL_AREA_STYLE('',(#7234));
#7234 = FILL_AREA_STYLE_COLOUR('',#7128);
#7235 = STYLED_ITEM('color',(#7236),#5475);
#7236 = PRESENTATION_STYLE_ASSIGNMENT((#7237));
#7237 = SURFACE_STYLE_USAGE(.BOTH.,#7238);
#7238 = SURFACE_SIDE_STYLE('',(#7239));
#7239 = SURFACE_STYLE_FILL_AREA(#7240);
#7240 = FILL_AREA_STYLE('',(#7241));
#7241 = FILL_AREA_STYLE_COLOUR('',#7128);
ENDSEC;
END-ISO-10303-21;
