solid 
 facet normal -4.496101e-01  8.932249e-01  0.000000e+00
   outer loop
     vertex  4.601640e+00  2.761769e+01  1.510000e+00
     vertex  4.574305e+00  2.760393e+01  1.510000e+00
     vertex  4.574305e+00  2.760393e+01  1.545000e+00
   endloop
 endfacet
 facet normal -4.496101e-01  8.932249e-01  0.000000e+00
   outer loop
     vertex  4.601640e+00  2.761769e+01  1.510000e+00
     vertex  4.574305e+00  2.760393e+01  1.545000e+00
     vertex  4.601640e+00  2.761769e+01  1.545000e+00
   endloop
 endfacet
 facet normal -2.190994e-01  9.757026e-01  0.000000e+00
   outer loop
     vertex  4.631499e+00  2.762440e+01  1.510000e+00
     vertex  4.601640e+00  2.761769e+01  1.545000e+00
     vertex  4.631499e+00  2.762440e+01  1.545000e+00
   endloop
 endfacet
 facet normal -2.190994e-01  9.757026e-01  0.000000e+00
   outer loop
     vertex  4.631499e+00  2.762440e+01  1.510000e+00
     vertex  4.601640e+00  2.761769e+01  1.510000e+00
     vertex  4.601640e+00  2.761769e+01  1.545000e+00
   endloop
 endfacet
 facet normal  2.454376e-02  9.996988e-01 -0.000000e+00
   outer loop
     vertex  4.662093e+00  2.762365e+01  1.510000e+00
     vertex  4.631499e+00  2.762440e+01  1.545000e+00
     vertex  4.662093e+00  2.762365e+01  1.545000e+00
   endloop
 endfacet
 facet normal  2.454376e-02  9.996988e-01  0.000000e+00
   outer loop
     vertex  4.662093e+00  2.762365e+01  1.510000e+00
     vertex  4.631499e+00  2.762440e+01  1.510000e+00
     vertex  4.631499e+00  2.762440e+01  1.545000e+00
   endloop
 endfacet
 facet normal  2.667158e-01  9.637752e-01 -0.000000e+00
   outer loop
     vertex  4.691587e+00  2.761548e+01  1.510000e+00
     vertex  4.662093e+00  2.762365e+01  1.545000e+00
     vertex  4.691587e+00  2.761548e+01  1.545000e+00
   endloop
 endfacet
 facet normal  2.667158e-01  9.637752e-01  0.000000e+00
   outer loop
     vertex  4.691587e+00  2.761548e+01  1.510000e+00
     vertex  4.662093e+00  2.762365e+01  1.510000e+00
     vertex  4.662093e+00  2.762365e+01  1.545000e+00
   endloop
 endfacet
 facet normal  4.929014e-01  8.700852e-01 -0.000000e+00
   outer loop
     vertex  4.718214e+00  2.760040e+01  1.510000e+00
     vertex  4.691587e+00  2.761548e+01  1.545000e+00
     vertex  4.718214e+00  2.760040e+01  1.545000e+00
   endloop
 endfacet
 facet normal  4.929014e-01  8.700852e-01  0.000000e+00
   outer loop
     vertex  4.718214e+00  2.760040e+01  1.510000e+00
     vertex  4.691587e+00  2.761548e+01  1.510000e+00
     vertex  4.691587e+00  2.761548e+01  1.545000e+00
   endloop
 endfacet
 facet normal  6.895437e-01  7.242441e-01 -0.000000e+00
   outer loop
     vertex  4.740377e+00  2.757930e+01  1.510000e+00
     vertex  4.718214e+00  2.760040e+01  1.545000e+00
     vertex  4.740377e+00  2.757930e+01  1.545000e+00
   endloop
 endfacet
 facet normal  6.895437e-01  7.242441e-01  0.000000e+00
   outer loop
     vertex  4.740377e+00  2.757930e+01  1.510000e+00
     vertex  4.718214e+00  2.760040e+01  1.510000e+00
     vertex  4.718214e+00  2.760040e+01  1.545000e+00
   endloop
 endfacet
 facet normal  8.448562e-01  5.349935e-01 -0.000000e+00
   outer loop
     vertex  4.756750e+00  2.755344e+01  1.510000e+00
     vertex  4.740377e+00  2.757930e+01  1.545000e+00
     vertex  4.756750e+00  2.755344e+01  1.545000e+00
   endloop
 endfacet
 facet normal  8.448562e-01  5.349935e-01  0.000000e+00
   outer loop
     vertex  4.756750e+00  2.755344e+01  1.510000e+00
     vertex  4.740377e+00  2.757930e+01  1.510000e+00
     vertex  4.740377e+00  2.757930e+01  1.545000e+00
   endloop
 endfacet
 facet normal  9.495299e-01  3.136765e-01 -0.000000e+00
   outer loop
     vertex  4.766349e+00  2.752439e+01  1.510000e+00
     vertex  4.756750e+00  2.755344e+01  1.545000e+00
     vertex  4.766349e+00  2.752439e+01  1.545000e+00
   endloop
 endfacet
 facet normal  9.495299e-01  3.136765e-01  0.000000e+00
   outer loop
     vertex  4.766349e+00  2.752439e+01  1.510000e+00
     vertex  4.756750e+00  2.755344e+01  1.510000e+00
     vertex  4.756750e+00  2.755344e+01  1.545000e+00
   endloop
 endfacet
 facet normal  1.000000e+00  0.000000e+00  0.000000e+00
   outer loop
     vertex  4.766349e+00  1.711936e+01  1.510000e+00
     vertex  4.766349e+00  2.752439e+01  1.510000e+00
     vertex  4.766349e+00  2.752439e+01  1.545000e+00
   endloop
 endfacet
 facet normal  1.000000e+00  0.000000e+00  0.000000e+00
   outer loop
     vertex  4.766349e+00  1.711936e+01  1.510000e+00
     vertex  4.766349e+00  2.752439e+01  1.545000e+00
     vertex  4.766349e+00  1.711936e+01  1.545000e+00
   endloop
 endfacet
 facet normal  9.238544e-01 -3.827441e-01  0.000000e+00
   outer loop
     vertex  4.747679e+00  1.707430e+01  1.510000e+00
     vertex  4.766349e+00  1.711936e+01  1.510000e+00
     vertex  4.766349e+00  1.711936e+01  1.545000e+00
   endloop
 endfacet
 facet normal  9.238544e-01 -3.827441e-01  0.000000e+00
   outer loop
     vertex  4.747679e+00  1.707430e+01  1.510000e+00
     vertex  4.766349e+00  1.711936e+01  1.545000e+00
     vertex  4.747679e+00  1.707430e+01  1.545000e+00
   endloop
 endfacet
 facet normal  7.071065e-01 -7.071070e-01  0.000000e+00
   outer loop
     vertex  3.399059e+00  1.572568e+01  1.510000e+00
     vertex  4.747679e+00  1.707430e+01  1.510000e+00
     vertex  4.747679e+00  1.707430e+01  1.545000e+00
   endloop
 endfacet
 facet normal  7.071065e-01 -7.071070e-01  0.000000e+00
   outer loop
     vertex  3.399059e+00  1.572568e+01  1.510000e+00
     vertex  4.747679e+00  1.707430e+01  1.545000e+00
     vertex  3.399059e+00  1.572568e+01  1.545000e+00
   endloop
 endfacet
 facet normal -8.522794e-01 -5.230868e-01  0.000000e+00
   outer loop
     vertex  3.355419e+00  1.579679e+01  1.510000e+00
     vertex  3.399059e+00  1.572568e+01  1.510000e+00
     vertex  3.399059e+00  1.572568e+01  1.545000e+00
   endloop
 endfacet
 facet normal -8.522794e-01 -5.230868e-01  0.000000e+00
   outer loop
     vertex  3.355419e+00  1.579679e+01  1.510000e+00
     vertex  3.399059e+00  1.572568e+01  1.545000e+00
     vertex  3.355419e+00  1.579679e+01  1.545000e+00
   endloop
 endfacet
 facet normal -7.067343e-01 -7.074791e-01  0.000000e+00
   outer loop
     vertex  3.296394e+00  1.585575e+01  1.510000e+00
     vertex  3.355419e+00  1.579679e+01  1.545000e+00
     vertex  3.296394e+00  1.585575e+01  1.545000e+00
   endloop
 endfacet
 facet normal -7.067343e-01 -7.074791e-01  0.000000e+00
   outer loop
     vertex  3.296394e+00  1.585575e+01  1.510000e+00
     vertex  3.355419e+00  1.579679e+01  1.510000e+00
     vertex  3.355419e+00  1.579679e+01  1.545000e+00
   endloop
 endfacet
 facet normal -5.221887e-01 -8.528300e-01  0.000000e+00
   outer loop
     vertex  3.225244e+00  1.589931e+01  1.510000e+00
     vertex  3.296394e+00  1.585575e+01  1.545000e+00
     vertex  3.225244e+00  1.589931e+01  1.545000e+00
   endloop
 endfacet
 facet normal -5.221887e-01 -8.528300e-01  0.000000e+00
   outer loop
     vertex  3.225244e+00  1.589931e+01  1.510000e+00
     vertex  3.296394e+00  1.585575e+01  1.510000e+00
     vertex  3.296394e+00  1.585575e+01  1.545000e+00
   endloop
 endfacet
 facet normal -7.078455e-01  7.063673e-01  0.000000e+00
   outer loop
     vertex  4.518751e+00  1.719553e+01  1.510000e+00
     vertex  3.225244e+00  1.589931e+01  1.510000e+00
     vertex  3.225244e+00  1.589931e+01  1.545000e+00
   endloop
 endfacet
 facet normal -7.078455e-01  7.063673e-01  0.000000e+00
   outer loop
     vertex  4.518751e+00  1.719553e+01  1.510000e+00
     vertex  3.225244e+00  1.589931e+01  1.545000e+00
     vertex  4.518751e+00  1.719553e+01  1.545000e+00
   endloop
 endfacet
 facet normal -1.000000e+00  2.325523e-04  0.000000e+00
   outer loop
     vertex  4.521153e+00  2.752439e+01  1.510000e+00
     vertex  4.518751e+00  1.719553e+01  1.510000e+00
     vertex  4.518751e+00  1.719553e+01  1.545000e+00
   endloop
 endfacet
 facet normal -1.000000e+00  2.325523e-04  0.000000e+00
   outer loop
     vertex  4.521153e+00  2.752439e+01  1.510000e+00
     vertex  4.518751e+00  1.719553e+01  1.545000e+00
     vertex  4.521153e+00  2.752439e+01  1.545000e+00
   endloop
 endfacet
 facet normal -9.238829e-01  3.826753e-01  0.000000e+00
   outer loop
     vertex  4.539817e+00  2.756945e+01  1.510000e+00
     vertex  4.521153e+00  2.752439e+01  1.510000e+00
     vertex  4.521153e+00  2.752439e+01  1.545000e+00
   endloop
 endfacet
 facet normal -9.238829e-01  3.826753e-01  0.000000e+00
   outer loop
     vertex  4.539817e+00  2.756945e+01  1.510000e+00
     vertex  4.521153e+00  2.752439e+01  1.545000e+00
     vertex  4.539817e+00  2.756945e+01  1.545000e+00
   endloop
 endfacet
 facet normal -7.071068e-01  7.071068e-01  0.000000e+00
   outer loop
     vertex  4.574305e+00  2.760393e+01  1.510000e+00
     vertex  4.539817e+00  2.756945e+01  1.510000e+00
     vertex  4.539817e+00  2.756945e+01  1.545000e+00
   endloop
 endfacet
 facet normal -7.071068e-01  7.071068e-01  0.000000e+00
   outer loop
     vertex  4.574305e+00  2.760393e+01  1.510000e+00
     vertex  4.539817e+00  2.756945e+01  1.545000e+00
     vertex  4.574305e+00  2.760393e+01  1.545000e+00
   endloop
 endfacet
 facet normal  0.000000e+00  0.000000e+00 -1.000000e+00
   outer loop
     vertex  4.518751e+00  1.719553e+01  1.510000e+00
     vertex  3.355419e+00  1.579679e+01  1.510000e+00
     vertex  3.296394e+00  1.585575e+01  1.510000e+00
   endloop
 endfacet
 facet normal  0.000000e+00  0.000000e+00 -1.000000e+00
   outer loop
     vertex  4.518751e+00  1.719553e+01  1.510000e+00
     vertex  3.296394e+00  1.585575e+01  1.510000e+00
     vertex  3.225244e+00  1.589931e+01  1.510000e+00
   endloop
 endfacet
 facet normal  0.000000e+00  0.000000e+00 -1.000000e+00
   outer loop
     vertex  4.747679e+00  1.707430e+01  1.510000e+00
     vertex  3.399059e+00  1.572568e+01  1.510000e+00
     vertex  3.355419e+00  1.579679e+01  1.510000e+00
   endloop
 endfacet
 facet normal -0.000000e+00  0.000000e+00 -1.000000e+00
   outer loop
     vertex  4.747679e+00  1.707430e+01  1.510000e+00
     vertex  3.355419e+00  1.579679e+01  1.510000e+00
     vertex  4.518751e+00  1.719553e+01  1.510000e+00
   endloop
 endfacet
 facet normal -0.000000e+00  0.000000e+00 -1.000000e+00
   outer loop
     vertex  4.766349e+00  1.711936e+01  1.510000e+00
     vertex  4.747679e+00  1.707430e+01  1.510000e+00
     vertex  4.518751e+00  1.719553e+01  1.510000e+00
   endloop
 endfacet
 facet normal  0.000000e+00  0.000000e+00 -1.000000e+00
   outer loop
     vertex  4.574305e+00  2.760393e+01  1.510000e+00
     vertex  4.521153e+00  2.752439e+01  1.510000e+00
     vertex  4.539817e+00  2.756945e+01  1.510000e+00
   endloop
 endfacet
 facet normal  0.000000e+00  0.000000e+00 -1.000000e+00
   outer loop
     vertex  4.631499e+00  2.762440e+01  1.510000e+00
     vertex  4.574305e+00  2.760393e+01  1.510000e+00
     vertex  4.601640e+00  2.761769e+01  1.510000e+00
   endloop
 endfacet
 facet normal  0.000000e+00  0.000000e+00 -1.000000e+00
   outer loop
     vertex  4.631499e+00  2.762440e+01  1.510000e+00
     vertex  4.521153e+00  2.752439e+01  1.510000e+00
     vertex  4.574305e+00  2.760393e+01  1.510000e+00
   endloop
 endfacet
 facet normal -0.000000e+00  0.000000e+00 -1.000000e+00
   outer loop
     vertex  4.662093e+00  2.762365e+01  1.510000e+00
     vertex  4.521153e+00  2.752439e+01  1.510000e+00
     vertex  4.631499e+00  2.762440e+01  1.510000e+00
   endloop
 endfacet
 facet normal -0.000000e+00  0.000000e+00 -1.000000e+00
   outer loop
     vertex  4.766349e+00  2.752439e+01  1.510000e+00
     vertex  4.518751e+00  1.719553e+01  1.510000e+00
     vertex  4.521153e+00  2.752439e+01  1.510000e+00
   endloop
 endfacet
 facet normal  0.000000e+00 -0.000000e+00 -1.000000e+00
   outer loop
     vertex  4.766349e+00  2.752439e+01  1.510000e+00
     vertex  4.766349e+00  1.711936e+01  1.510000e+00
     vertex  4.518751e+00  1.719553e+01  1.510000e+00
   endloop
 endfacet
 facet normal  0.000000e+00  0.000000e+00 -1.000000e+00
   outer loop
     vertex  4.718214e+00  2.760040e+01  1.510000e+00
     vertex  4.662093e+00  2.762365e+01  1.510000e+00
     vertex  4.691587e+00  2.761548e+01  1.510000e+00
   endloop
 endfacet
 facet normal  0.000000e+00  0.000000e+00 -1.000000e+00
   outer loop
     vertex  4.740377e+00  2.757930e+01  1.510000e+00
     vertex  4.756750e+00  2.755344e+01  1.510000e+00
     vertex  4.766349e+00  2.752439e+01  1.510000e+00
   endloop
 endfacet
 facet normal  0.000000e+00 -0.000000e+00 -1.000000e+00
   outer loop
     vertex  4.740377e+00  2.757930e+01  1.510000e+00
     vertex  4.766349e+00  2.752439e+01  1.510000e+00
     vertex  4.521153e+00  2.752439e+01  1.510000e+00
   endloop
 endfacet
 facet normal -0.000000e+00  0.000000e+00 -1.000000e+00
   outer loop
     vertex  4.740377e+00  2.757930e+01  1.510000e+00
     vertex  4.521153e+00  2.752439e+01  1.510000e+00
     vertex  4.662093e+00  2.762365e+01  1.510000e+00
   endloop
 endfacet
 facet normal  0.000000e+00  0.000000e+00 -1.000000e+00
   outer loop
     vertex  4.740377e+00  2.757930e+01  1.510000e+00
     vertex  4.662093e+00  2.762365e+01  1.510000e+00
     vertex  4.718214e+00  2.760040e+01  1.510000e+00
   endloop
 endfacet
 facet normal  0.000000e+00  0.000000e+00  1.000000e+00
   outer loop
     vertex  4.518751e+00  1.719553e+01  1.545000e+00
     vertex  3.296394e+00  1.585575e+01  1.545000e+00
     vertex  3.355419e+00  1.579679e+01  1.545000e+00
   endloop
 endfacet
 facet normal  0.000000e+00  0.000000e+00  1.000000e+00
   outer loop
     vertex  4.518751e+00  1.719553e+01  1.545000e+00
     vertex  3.225244e+00  1.589931e+01  1.545000e+00
     vertex  3.296394e+00  1.585575e+01  1.545000e+00
   endloop
 endfacet
 facet normal  0.000000e+00  0.000000e+00  1.000000e+00
   outer loop
     vertex  4.747679e+00  1.707430e+01  1.545000e+00
     vertex  3.355419e+00  1.579679e+01  1.545000e+00
     vertex  3.399059e+00  1.572568e+01  1.545000e+00
   endloop
 endfacet
 facet normal  0.000000e+00  0.000000e+00  1.000000e+00
   outer loop
     vertex  4.747679e+00  1.707430e+01  1.545000e+00
     vertex  4.518751e+00  1.719553e+01  1.545000e+00
     vertex  3.355419e+00  1.579679e+01  1.545000e+00
   endloop
 endfacet
 facet normal  0.000000e+00  0.000000e+00  1.000000e+00
   outer loop
     vertex  4.766349e+00  1.711936e+01  1.545000e+00
     vertex  4.518751e+00  1.719553e+01  1.545000e+00
     vertex  4.747679e+00  1.707430e+01  1.545000e+00
   endloop
 endfacet
 facet normal  0.000000e+00  0.000000e+00  1.000000e+00
   outer loop
     vertex  4.574305e+00  2.760393e+01  1.545000e+00
     vertex  4.539817e+00  2.756945e+01  1.545000e+00
     vertex  4.521153e+00  2.752439e+01  1.545000e+00
   endloop
 endfacet
 facet normal  0.000000e+00  0.000000e+00  1.000000e+00
   outer loop
     vertex  4.631499e+00  2.762440e+01  1.545000e+00
     vertex  4.601640e+00  2.761769e+01  1.545000e+00
     vertex  4.574305e+00  2.760393e+01  1.545000e+00
   endloop
 endfacet
 facet normal  0.000000e+00  0.000000e+00  1.000000e+00
   outer loop
     vertex  4.631499e+00  2.762440e+01  1.545000e+00
     vertex  4.574305e+00  2.760393e+01  1.545000e+00
     vertex  4.521153e+00  2.752439e+01  1.545000e+00
   endloop
 endfacet
 facet normal  0.000000e+00  0.000000e+00  1.000000e+00
   outer loop
     vertex  4.662093e+00  2.762365e+01  1.545000e+00
     vertex  4.631499e+00  2.762440e+01  1.545000e+00
     vertex  4.521153e+00  2.752439e+01  1.545000e+00
   endloop
 endfacet
 facet normal  0.000000e+00  0.000000e+00  1.000000e+00
   outer loop
     vertex  4.766349e+00  2.752439e+01  1.545000e+00
     vertex  4.521153e+00  2.752439e+01  1.545000e+00
     vertex  4.518751e+00  1.719553e+01  1.545000e+00
   endloop
 endfacet
 facet normal  0.000000e+00  0.000000e+00  1.000000e+00
   outer loop
     vertex  4.766349e+00  2.752439e+01  1.545000e+00
     vertex  4.518751e+00  1.719553e+01  1.545000e+00
     vertex  4.766349e+00  1.711936e+01  1.545000e+00
   endloop
 endfacet
 facet normal  0.000000e+00  0.000000e+00  1.000000e+00
   outer loop
     vertex  4.718214e+00  2.760040e+01  1.545000e+00
     vertex  4.691587e+00  2.761548e+01  1.545000e+00
     vertex  4.662093e+00  2.762365e+01  1.545000e+00
   endloop
 endfacet
 facet normal  0.000000e+00  0.000000e+00  1.000000e+00
   outer loop
     vertex  4.740377e+00  2.757930e+01  1.545000e+00
     vertex  4.766349e+00  2.752439e+01  1.545000e+00
     vertex  4.756750e+00  2.755344e+01  1.545000e+00
   endloop
 endfacet
 facet normal  0.000000e+00  0.000000e+00  1.000000e+00
   outer loop
     vertex  4.740377e+00  2.757930e+01  1.545000e+00
     vertex  4.521153e+00  2.752439e+01  1.545000e+00
     vertex  4.766349e+00  2.752439e+01  1.545000e+00
   endloop
 endfacet
 facet normal  0.000000e+00  0.000000e+00  1.000000e+00
   outer loop
     vertex  4.740377e+00  2.757930e+01  1.545000e+00
     vertex  4.662093e+00  2.762365e+01  1.545000e+00
     vertex  4.521153e+00  2.752439e+01  1.545000e+00
   endloop
 endfacet
 facet normal  0.000000e+00  0.000000e+00  1.000000e+00
   outer loop
     vertex  4.740377e+00  2.757930e+01  1.545000e+00
     vertex  4.718214e+00  2.760040e+01  1.545000e+00
     vertex  4.662093e+00  2.762365e+01  1.545000e+00
   endloop
 endfacet
 facet normal  7.071070e-01  7.071066e-01  0.000000e+00
   outer loop
     vertex  3.776775e+00 -1.097322e+01  1.510000e+00
     vertex  1.950000e+00 -9.146447e+00  1.510000e+00
     vertex  1.950000e+00 -9.146447e+00  1.545000e+00
   endloop
 endfacet
 facet normal  7.071070e-01  7.071066e-01 -0.000000e+00
   outer loop
     vertex  3.776775e+00 -1.097322e+01  1.510000e+00
     vertex  1.950000e+00 -9.146447e+00  1.545000e+00
     vertex  3.776775e+00 -1.097322e+01  1.545000e+00
   endloop
 endfacet
 facet normal  7.933530e-01  6.087618e-01  0.000000e+00
   outer loop
     vertex  3.816505e+00 -1.102500e+01  1.510000e+00
     vertex  3.776775e+00 -1.097322e+01  1.510000e+00
     vertex  3.776775e+00 -1.097322e+01  1.545000e+00
   endloop
 endfacet
 facet normal  7.933530e-01  6.087618e-01 -0.000000e+00
   outer loop
     vertex  3.816505e+00 -1.102500e+01  1.510000e+00
     vertex  3.776775e+00 -1.097322e+01  1.545000e+00
     vertex  3.816505e+00 -1.102500e+01  1.545000e+00
   endloop
 endfacet
 facet normal  9.238790e-01  3.826848e-01 -0.000000e+00
   outer loop
     vertex  3.841480e+00 -1.108529e+01  1.510000e+00
     vertex  3.816505e+00 -1.102500e+01  1.545000e+00
     vertex  3.841480e+00 -1.108529e+01  1.545000e+00
   endloop
 endfacet
 facet normal  9.238790e-01  3.826848e-01  0.000000e+00
   outer loop
     vertex  3.841480e+00 -1.108529e+01  1.510000e+00
     vertex  3.816505e+00 -1.102500e+01  1.510000e+00
     vertex  3.816505e+00 -1.102500e+01  1.545000e+00
   endloop
 endfacet
 facet normal  9.914446e-01  1.305285e-01 -0.000000e+00
   outer loop
     vertex  3.849999e+00 -1.115000e+01  1.510000e+00
     vertex  3.841480e+00 -1.108529e+01  1.545000e+00
     vertex  3.849999e+00 -1.115000e+01  1.545000e+00
   endloop
 endfacet
 facet normal  9.914446e-01  1.305285e-01  0.000000e+00
   outer loop
     vertex  3.849999e+00 -1.115000e+01  1.510000e+00
     vertex  3.841480e+00 -1.108529e+01  1.510000e+00
     vertex  3.841480e+00 -1.108529e+01  1.545000e+00
   endloop
 endfacet
 facet normal  9.914453e-01 -1.305229e-01  0.000000e+00
   outer loop
     vertex  3.841480e+00 -1.121470e+01  1.510000e+00
     vertex  3.849999e+00 -1.115000e+01  1.545000e+00
     vertex  3.841480e+00 -1.121470e+01  1.545000e+00
   endloop
 endfacet
 facet normal  9.914453e-01 -1.305229e-01  0.000000e+00
   outer loop
     vertex  3.841480e+00 -1.121470e+01  1.510000e+00
     vertex  3.849999e+00 -1.115000e+01  1.510000e+00
     vertex  3.849999e+00 -1.115000e+01  1.545000e+00
   endloop
 endfacet
 facet normal  9.238811e-01 -3.826795e-01  0.000000e+00
   outer loop
     vertex  3.816505e+00 -1.127500e+01  1.510000e+00
     vertex  3.841480e+00 -1.121470e+01  1.545000e+00
     vertex  3.816505e+00 -1.127500e+01  1.545000e+00
   endloop
 endfacet
 facet normal  9.238811e-01 -3.826795e-01  0.000000e+00
   outer loop
     vertex  3.816505e+00 -1.127500e+01  1.510000e+00
     vertex  3.841480e+00 -1.121470e+01  1.510000e+00
     vertex  3.841480e+00 -1.121470e+01  1.545000e+00
   endloop
 endfacet
 facet normal  7.933565e-01 -6.087573e-01  0.000000e+00
   outer loop
     vertex  3.776776e+00 -1.132678e+01  1.510000e+00
     vertex  3.816505e+00 -1.127500e+01  1.545000e+00
     vertex  3.776776e+00 -1.132678e+01  1.545000e+00
   endloop
 endfacet
 facet normal  7.933565e-01 -6.087573e-01  0.000000e+00
   outer loop
     vertex  3.776776e+00 -1.132678e+01  1.510000e+00
     vertex  3.816505e+00 -1.127500e+01  1.510000e+00
     vertex  3.816505e+00 -1.127500e+01  1.545000e+00
   endloop
 endfacet
 facet normal  7.071068e-01 -7.071068e-01  0.000000e+00
   outer loop
     vertex  5.000000e-02 -1.505355e+01  1.510000e+00
     vertex  3.776776e+00 -1.132678e+01  1.510000e+00
     vertex  3.776776e+00 -1.132678e+01  1.545000e+00
   endloop
 endfacet
 facet normal  7.071068e-01 -7.071068e-01  0.000000e+00
   outer loop
     vertex  5.000000e-02 -1.505355e+01  1.510000e+00
     vertex  3.776776e+00 -1.132678e+01  1.545000e+00
     vertex  5.000000e-02 -1.505355e+01  1.545000e+00
   endloop
 endfacet
 facet normal  1.000000e+00 -2.678611e-18  0.000000e+00
   outer loop
     vertex  5.000000e-02 -2.282500e+01  1.510000e+00
     vertex  5.000000e-02 -1.505355e+01  1.510000e+00
     vertex  5.000000e-02 -1.505355e+01  1.545000e+00
   endloop
 endfacet
 facet normal  1.000000e+00 -2.678611e-18  0.000000e+00
   outer loop
     vertex  5.000000e-02 -2.282500e+01  1.510000e+00
     vertex  5.000000e-02 -1.505355e+01  1.545000e+00
     vertex  5.000000e-02 -2.282500e+01  1.545000e+00
   endloop
 endfacet
 facet normal  9.914447e-01 -1.305271e-01  0.000000e+00
   outer loop
     vertex  4.148141e-02 -2.288970e+01  1.510000e+00
     vertex  5.000000e-02 -2.282500e+01  1.510000e+00
     vertex  5.000000e-02 -2.282500e+01  1.545000e+00
   endloop
 endfacet
 facet normal  9.914447e-01 -1.305271e-01  0.000000e+00
   outer loop
     vertex  4.148141e-02 -2.288970e+01  1.510000e+00
     vertex  5.000000e-02 -2.282500e+01  1.545000e+00
     vertex  4.148141e-02 -2.288970e+01  1.545000e+00
   endloop
 endfacet
 facet normal  9.238793e-01 -3.826841e-01  0.000000e+00
   outer loop
     vertex  1.650627e-02 -2.295000e+01  1.510000e+00
     vertex  4.148141e-02 -2.288970e+01  1.545000e+00
     vertex  1.650627e-02 -2.295000e+01  1.545000e+00
   endloop
 endfacet
 facet normal  9.238793e-01 -3.826841e-01  0.000000e+00
   outer loop
     vertex  1.650627e-02 -2.295000e+01  1.510000e+00
     vertex  4.148141e-02 -2.288970e+01  1.510000e+00
     vertex  4.148141e-02 -2.288970e+01  1.545000e+00
   endloop
 endfacet
 facet normal  7.933530e-01 -6.087619e-01  0.000000e+00
   outer loop
     vertex -2.322339e-02 -2.300178e+01  1.510000e+00
     vertex  1.650627e-02 -2.295000e+01  1.545000e+00
     vertex -2.322339e-02 -2.300178e+01  1.545000e+00
   endloop
 endfacet
 facet normal  7.933530e-01 -6.087619e-01  0.000000e+00
   outer loop
     vertex -2.322339e-02 -2.300178e+01  1.510000e+00
     vertex  1.650627e-02 -2.295000e+01  1.510000e+00
     vertex  1.650627e-02 -2.295000e+01  1.545000e+00
   endloop
 endfacet
 facet normal  6.087611e-01 -7.933536e-01  0.000000e+00
   outer loop
     vertex -7.500007e-02 -2.304151e+01  1.510000e+00
     vertex -2.322339e-02 -2.300178e+01  1.545000e+00
     vertex -7.500007e-02 -2.304151e+01  1.545000e+00
   endloop
 endfacet
 facet normal  6.087611e-01 -7.933536e-01  0.000000e+00
   outer loop
     vertex -7.500007e-02 -2.304151e+01  1.510000e+00
     vertex -2.322339e-02 -2.300178e+01  1.510000e+00
     vertex -2.322339e-02 -2.300178e+01  1.545000e+00
   endloop
 endfacet
 facet normal  3.826832e-01 -9.238796e-01  0.000000e+00
   outer loop
     vertex -1.352953e-01 -2.306648e+01  1.510000e+00
     vertex -7.500007e-02 -2.304151e+01  1.545000e+00
     vertex -1.352953e-01 -2.306648e+01  1.545000e+00
   endloop
 endfacet
 facet normal  3.826832e-01 -9.238796e-01  0.000000e+00
   outer loop
     vertex -1.352953e-01 -2.306648e+01  1.510000e+00
     vertex -7.500007e-02 -2.304151e+01  1.510000e+00
     vertex -7.500007e-02 -2.304151e+01  1.545000e+00
   endloop
 endfacet
 facet normal  1.305261e-01 -9.914449e-01  0.000000e+00
   outer loop
     vertex -2.000000e-01 -2.307500e+01  1.510000e+00
     vertex -1.352953e-01 -2.306648e+01  1.545000e+00
     vertex -2.000000e-01 -2.307500e+01  1.545000e+00
   endloop
 endfacet
 facet normal  1.305261e-01 -9.914449e-01  0.000000e+00
   outer loop
     vertex -2.000000e-01 -2.307500e+01  1.510000e+00
     vertex -1.352953e-01 -2.306648e+01  1.510000e+00
     vertex -1.352953e-01 -2.306648e+01  1.545000e+00
   endloop
 endfacet
 facet normal -1.305261e-01 -9.914449e-01  0.000000e+00
   outer loop
     vertex -2.647047e-01 -2.306648e+01  1.510000e+00
     vertex -2.000000e-01 -2.307500e+01  1.545000e+00
     vertex -2.647047e-01 -2.306648e+01  1.545000e+00
   endloop
 endfacet
 facet normal -1.305261e-01 -9.914449e-01  0.000000e+00
   outer loop
     vertex -2.647047e-01 -2.306648e+01  1.510000e+00
     vertex -2.000000e-01 -2.307500e+01  1.510000e+00
     vertex -2.000000e-01 -2.307500e+01  1.545000e+00
   endloop
 endfacet
 facet normal -3.826832e-01 -9.238796e-01  0.000000e+00
   outer loop
     vertex -3.249999e-01 -2.304151e+01  1.510000e+00
     vertex -2.647047e-01 -2.306648e+01  1.545000e+00
     vertex -3.249999e-01 -2.304151e+01  1.545000e+00
   endloop
 endfacet
 facet normal -3.826832e-01 -9.238796e-01  0.000000e+00
   outer loop
     vertex -3.249999e-01 -2.304151e+01  1.510000e+00
     vertex -2.647047e-01 -2.306648e+01  1.510000e+00
     vertex -2.647047e-01 -2.306648e+01  1.545000e+00
   endloop
 endfacet
 facet normal -6.087611e-01 -7.933536e-01  0.000000e+00
   outer loop
     vertex -3.767766e-01 -2.300178e+01  1.510000e+00
     vertex -3.249999e-01 -2.304151e+01  1.545000e+00
     vertex -3.767766e-01 -2.300178e+01  1.545000e+00
   endloop
 endfacet
 facet normal -6.087611e-01 -7.933536e-01  0.000000e+00
   outer loop
     vertex -3.767766e-01 -2.300178e+01  1.510000e+00
     vertex -3.249999e-01 -2.304151e+01  1.510000e+00
     vertex -3.249999e-01 -2.304151e+01  1.545000e+00
   endloop
 endfacet
 facet normal -7.933530e-01 -6.087619e-01  0.000000e+00
   outer loop
     vertex -4.165063e-01 -2.295000e+01  1.510000e+00
     vertex -3.767766e-01 -2.300178e+01  1.545000e+00
     vertex -4.165063e-01 -2.295000e+01  1.545000e+00
   endloop
 endfacet
 facet normal -7.933530e-01 -6.087619e-01  0.000000e+00
   outer loop
     vertex -4.165063e-01 -2.295000e+01  1.510000e+00
     vertex -3.767766e-01 -2.300178e+01  1.510000e+00
     vertex -3.767766e-01 -2.300178e+01  1.545000e+00
   endloop
 endfacet
 facet normal -9.238793e-01 -3.826841e-01  0.000000e+00
   outer loop
     vertex -4.414814e-01 -2.288970e+01  1.510000e+00
     vertex -4.165063e-01 -2.295000e+01  1.545000e+00
     vertex -4.414814e-01 -2.288970e+01  1.545000e+00
   endloop
 endfacet
 facet normal -9.238793e-01 -3.826841e-01  0.000000e+00
   outer loop
     vertex -4.414814e-01 -2.288970e+01  1.510000e+00
     vertex -4.165063e-01 -2.295000e+01  1.510000e+00
     vertex -4.165063e-01 -2.295000e+01  1.545000e+00
   endloop
 endfacet
 facet normal -9.914447e-01 -1.305271e-01  0.000000e+00
   outer loop
     vertex -4.500000e-01 -2.282500e+01  1.510000e+00
     vertex -4.414814e-01 -2.288970e+01  1.545000e+00
     vertex -4.500000e-01 -2.282500e+01  1.545000e+00
   endloop
 endfacet
 facet normal -9.914447e-01 -1.305271e-01  0.000000e+00
   outer loop
     vertex -4.500000e-01 -2.282500e+01  1.510000e+00
     vertex -4.414814e-01 -2.288970e+01  1.510000e+00
     vertex -4.414814e-01 -2.288970e+01  1.545000e+00
   endloop
 endfacet
 facet normal -1.000000e+00  0.000000e+00  0.000000e+00
   outer loop
     vertex -4.500000e-01 -1.495000e+01  1.510000e+00
     vertex -4.500000e-01 -2.282500e+01  1.510000e+00
     vertex -4.500000e-01 -2.282500e+01  1.545000e+00
   endloop
 endfacet
 facet normal -1.000000e+00  0.000000e+00  0.000000e+00
   outer loop
     vertex -4.500000e-01 -1.495000e+01  1.510000e+00
     vertex -4.500000e-01 -2.282500e+01  1.545000e+00
     vertex -4.500000e-01 -1.495000e+01  1.545000e+00
   endloop
 endfacet
 facet normal -9.914443e-01  1.305301e-01  0.000000e+00
   outer loop
     vertex -4.414812e-01 -1.488529e+01  1.510000e+00
     vertex -4.500000e-01 -1.495000e+01  1.510000e+00
     vertex -4.500000e-01 -1.495000e+01  1.545000e+00
   endloop
 endfacet
 facet normal -9.914443e-01  1.305301e-01  0.000000e+00
   outer loop
     vertex -4.414812e-01 -1.488529e+01  1.510000e+00
     vertex -4.500000e-01 -1.495000e+01  1.545000e+00
     vertex -4.414812e-01 -1.488529e+01  1.545000e+00
   endloop
 endfacet
 facet normal -9.238803e-01  3.826815e-01  0.000000e+00
   outer loop
     vertex -4.165062e-01 -1.482500e+01  1.510000e+00
     vertex -4.414812e-01 -1.488529e+01  1.545000e+00
     vertex -4.165062e-01 -1.482500e+01  1.545000e+00
   endloop
 endfacet
 facet normal -9.238803e-01  3.826815e-01  0.000000e+00
   outer loop
     vertex -4.165062e-01 -1.482500e+01  1.510000e+00
     vertex -4.414812e-01 -1.488529e+01  1.510000e+00
     vertex -4.414812e-01 -1.488529e+01  1.545000e+00
   endloop
 endfacet
 facet normal -7.933583e-01  6.087550e-01  0.000000e+00
   outer loop
     vertex -3.767770e-01 -1.477322e+01  1.510000e+00
     vertex -4.165062e-01 -1.482500e+01  1.545000e+00
     vertex -3.767770e-01 -1.477322e+01  1.545000e+00
   endloop
 endfacet
 facet normal -7.933583e-01  6.087550e-01  0.000000e+00
   outer loop
     vertex -3.767770e-01 -1.477322e+01  1.510000e+00
     vertex -4.165062e-01 -1.482500e+01  1.510000e+00
     vertex -4.165062e-01 -1.482500e+01  1.545000e+00
   endloop
 endfacet
 facet normal -7.071069e-01  7.071067e-01  0.000000e+00
   outer loop
     vertex  3.246445e+00 -1.115000e+01  1.510000e+00
     vertex -3.767770e-01 -1.477322e+01  1.510000e+00
     vertex -3.767770e-01 -1.477322e+01  1.545000e+00
   endloop
 endfacet
 facet normal -7.071069e-01  7.071067e-01  0.000000e+00
   outer loop
     vertex  3.246445e+00 -1.115000e+01  1.510000e+00
     vertex -3.767770e-01 -1.477322e+01  1.545000e+00
     vertex  3.246445e+00 -1.115000e+01  1.545000e+00
   endloop
 endfacet
 facet normal -7.071066e-01 -7.071070e-01  0.000000e+00
   outer loop
     vertex  1.523223e+00 -9.426778e+00  1.510000e+00
     vertex  3.246445e+00 -1.115000e+01  1.510000e+00
     vertex  3.246445e+00 -1.115000e+01  1.545000e+00
   endloop
 endfacet
 facet normal -7.071066e-01 -7.071070e-01  0.000000e+00
   outer loop
     vertex  1.523223e+00 -9.426778e+00  1.510000e+00
     vertex  3.246445e+00 -1.115000e+01  1.545000e+00
     vertex  1.523223e+00 -9.426778e+00  1.545000e+00
   endloop
 endfacet
 facet normal -7.933591e-01 -6.087539e-01  0.000000e+00
   outer loop
     vertex  1.483494e+00 -9.375001e+00  1.510000e+00
     vertex  1.523223e+00 -9.426778e+00  1.510000e+00
     vertex  1.523223e+00 -9.426778e+00  1.545000e+00
   endloop
 endfacet
 facet normal -7.933591e-01 -6.087539e-01  0.000000e+00
   outer loop
     vertex  1.483494e+00 -9.375001e+00  1.510000e+00
     vertex  1.523223e+00 -9.426778e+00  1.545000e+00
     vertex  1.483494e+00 -9.375001e+00  1.545000e+00
   endloop
 endfacet
 facet normal -9.238803e-01 -3.826815e-01  0.000000e+00
   outer loop
     vertex  1.458519e+00 -9.314706e+00  1.510000e+00
     vertex  1.483494e+00 -9.375001e+00  1.545000e+00
     vertex  1.458519e+00 -9.314706e+00  1.545000e+00
   endloop
 endfacet
 facet normal -9.238803e-01 -3.826815e-01  0.000000e+00
   outer loop
     vertex  1.458519e+00 -9.314706e+00  1.510000e+00
     vertex  1.483494e+00 -9.375001e+00  1.510000e+00
     vertex  1.483494e+00 -9.375001e+00  1.545000e+00
   endloop
 endfacet
 facet normal -9.914442e-01 -1.305315e-01  0.000000e+00
   outer loop
     vertex  1.450000e+00 -9.250001e+00  1.510000e+00
     vertex  1.458519e+00 -9.314706e+00  1.545000e+00
     vertex  1.450000e+00 -9.250001e+00  1.545000e+00
   endloop
 endfacet
 facet normal -9.914442e-01 -1.305315e-01  0.000000e+00
   outer loop
     vertex  1.450000e+00 -9.250001e+00  1.510000e+00
     vertex  1.458519e+00 -9.314706e+00  1.510000e+00
     vertex  1.458519e+00 -9.314706e+00  1.545000e+00
   endloop
 endfacet
 facet normal -1.000000e+00  2.643388e-17  0.000000e+00
   outer loop
     vertex  1.450000e+00 -8.500010e-01  1.510000e+00
     vertex  1.450000e+00 -9.250001e+00  1.510000e+00
     vertex  1.450000e+00 -9.250001e+00  1.545000e+00
   endloop
 endfacet
 facet normal -1.000000e+00  2.643388e-17  0.000000e+00
   outer loop
     vertex  1.450000e+00 -8.500010e-01  1.510000e+00
     vertex  1.450000e+00 -9.250001e+00  1.545000e+00
     vertex  1.450000e+00 -8.500010e-01  1.545000e+00
   endloop
 endfacet
 facet normal -9.914443e-01  1.305305e-01  0.000000e+00
   outer loop
     vertex  1.458519e+00 -7.852965e-01  1.510000e+00
     vertex  1.450000e+00 -8.500010e-01  1.510000e+00
     vertex  1.450000e+00 -8.500010e-01  1.545000e+00
   endloop
 endfacet
 facet normal -9.914443e-01  1.305305e-01  0.000000e+00
   outer loop
     vertex  1.458519e+00 -7.852965e-01  1.510000e+00
     vertex  1.450000e+00 -8.500010e-01  1.545000e+00
     vertex  1.458519e+00 -7.852965e-01  1.545000e+00
   endloop
 endfacet
 facet normal -9.238782e-01  3.826867e-01  0.000000e+00
   outer loop
     vertex  1.483494e+00 -7.250015e-01  1.510000e+00
     vertex  1.458519e+00 -7.852965e-01  1.545000e+00
     vertex  1.483494e+00 -7.250015e-01  1.545000e+00
   endloop
 endfacet
 facet normal -9.238782e-01  3.826867e-01  0.000000e+00
   outer loop
     vertex  1.483494e+00 -7.250015e-01  1.510000e+00
     vertex  1.458519e+00 -7.852965e-01  1.510000e+00
     vertex  1.458519e+00 -7.852965e-01  1.545000e+00
   endloop
 endfacet
 facet normal -7.933517e-01  6.087636e-01  0.000000e+00
   outer loop
     vertex  1.523224e+00 -6.732251e-01  1.510000e+00
     vertex  1.483494e+00 -7.250015e-01  1.545000e+00
     vertex  1.523224e+00 -6.732251e-01  1.545000e+00
   endloop
 endfacet
 facet normal -7.933517e-01  6.087636e-01  0.000000e+00
   outer loop
     vertex  1.523224e+00 -6.732251e-01  1.510000e+00
     vertex  1.483494e+00 -7.250015e-01  1.510000e+00
     vertex  1.483494e+00 -7.250015e-01  1.545000e+00
   endloop
 endfacet
 facet normal -6.087599e-01  7.933545e-01  0.000000e+00
   outer loop
     vertex  1.575000e+00 -6.334956e-01  1.510000e+00
     vertex  1.523224e+00 -6.732251e-01  1.545000e+00
     vertex  1.575000e+00 -6.334956e-01  1.545000e+00
   endloop
 endfacet
 facet normal -6.087599e-01  7.933545e-01  0.000000e+00
   outer loop
     vertex  1.575000e+00 -6.334956e-01  1.510000e+00
     vertex  1.523224e+00 -6.732251e-01  1.510000e+00
     vertex  1.523224e+00 -6.732251e-01  1.545000e+00
   endloop
 endfacet
 facet normal -3.826823e-01  9.238800e-01  0.000000e+00
   outer loop
     vertex  1.635295e+00 -6.085207e-01  1.510000e+00
     vertex  1.575000e+00 -6.334956e-01  1.545000e+00
     vertex  1.635295e+00 -6.085207e-01  1.545000e+00
   endloop
 endfacet
 facet normal -3.826823e-01  9.238800e-01  0.000000e+00
   outer loop
     vertex  1.635295e+00 -6.085207e-01  1.510000e+00
     vertex  1.575000e+00 -6.334956e-01  1.510000e+00
     vertex  1.575000e+00 -6.334956e-01  1.545000e+00
   endloop
 endfacet
 facet normal -1.305258e-01  9.914449e-01  0.000000e+00
   outer loop
     vertex  1.700000e+00 -6.000022e-01  1.510000e+00
     vertex  1.635295e+00 -6.085207e-01  1.545000e+00
     vertex  1.700000e+00 -6.000022e-01  1.545000e+00
   endloop
 endfacet
 facet normal -1.305258e-01  9.914449e-01  0.000000e+00
   outer loop
     vertex  1.700000e+00 -6.000022e-01  1.510000e+00
     vertex  1.635295e+00 -6.085207e-01  1.510000e+00
     vertex  1.635295e+00 -6.085207e-01  1.545000e+00
   endloop
 endfacet
 facet normal  1.305258e-01  9.914449e-01 -0.000000e+00
   outer loop
     vertex  1.764705e+00 -6.085207e-01  1.510000e+00
     vertex  1.700000e+00 -6.000022e-01  1.545000e+00
     vertex  1.764705e+00 -6.085207e-01  1.545000e+00
   endloop
 endfacet
 facet normal  1.305258e-01  9.914449e-01  0.000000e+00
   outer loop
     vertex  1.764705e+00 -6.085207e-01  1.510000e+00
     vertex  1.700000e+00 -6.000022e-01  1.510000e+00
     vertex  1.700000e+00 -6.000022e-01  1.545000e+00
   endloop
 endfacet
 facet normal  3.826823e-01  9.238800e-01 -0.000000e+00
   outer loop
     vertex  1.825000e+00 -6.334956e-01  1.510000e+00
     vertex  1.764705e+00 -6.085207e-01  1.545000e+00
     vertex  1.825000e+00 -6.334956e-01  1.545000e+00
   endloop
 endfacet
 facet normal  3.826823e-01  9.238800e-01  0.000000e+00
   outer loop
     vertex  1.825000e+00 -6.334956e-01  1.510000e+00
     vertex  1.764705e+00 -6.085207e-01  1.510000e+00
     vertex  1.764705e+00 -6.085207e-01  1.545000e+00
   endloop
 endfacet
 facet normal  6.087599e-01  7.933545e-01 -0.000000e+00
   outer loop
     vertex  1.876776e+00 -6.732251e-01  1.510000e+00
     vertex  1.825000e+00 -6.334956e-01  1.545000e+00
     vertex  1.876776e+00 -6.732251e-01  1.545000e+00
   endloop
 endfacet
 facet normal  6.087599e-01  7.933545e-01  0.000000e+00
   outer loop
     vertex  1.876776e+00 -6.732251e-01  1.510000e+00
     vertex  1.825000e+00 -6.334956e-01  1.510000e+00
     vertex  1.825000e+00 -6.334956e-01  1.545000e+00
   endloop
 endfacet
 facet normal  7.933517e-01  6.087636e-01 -0.000000e+00
   outer loop
     vertex  1.916506e+00 -7.250015e-01  1.510000e+00
     vertex  1.876776e+00 -6.732251e-01  1.545000e+00
     vertex  1.916506e+00 -7.250015e-01  1.545000e+00
   endloop
 endfacet
 facet normal  7.933517e-01  6.087636e-01  0.000000e+00
   outer loop
     vertex  1.916506e+00 -7.250015e-01  1.510000e+00
     vertex  1.876776e+00 -6.732251e-01  1.510000e+00
     vertex  1.876776e+00 -6.732251e-01  1.545000e+00
   endloop
 endfacet
 facet normal  9.238782e-01  3.826867e-01 -0.000000e+00
   outer loop
     vertex  1.941481e+00 -7.852965e-01  1.510000e+00
     vertex  1.916506e+00 -7.250015e-01  1.545000e+00
     vertex  1.941481e+00 -7.852965e-01  1.545000e+00
   endloop
 endfacet
 facet normal  9.238782e-01  3.826867e-01  0.000000e+00
   outer loop
     vertex  1.941481e+00 -7.852965e-01  1.510000e+00
     vertex  1.916506e+00 -7.250015e-01  1.510000e+00
     vertex  1.916506e+00 -7.250015e-01  1.545000e+00
   endloop
 endfacet
 facet normal  9.914443e-01  1.305305e-01 -0.000000e+00
   outer loop
     vertex  1.950000e+00 -8.500010e-01  1.510000e+00
     vertex  1.941481e+00 -7.852965e-01  1.545000e+00
     vertex  1.950000e+00 -8.500010e-01  1.545000e+00
   endloop
 endfacet
 facet normal  9.914443e-01  1.305305e-01  0.000000e+00
   outer loop
     vertex  1.950000e+00 -8.500010e-01  1.510000e+00
     vertex  1.941481e+00 -7.852965e-01  1.510000e+00
     vertex  1.941481e+00 -7.852965e-01  1.545000e+00
   endloop
 endfacet
 facet normal  1.000000e+00  0.000000e+00  0.000000e+00
   outer loop
     vertex  1.950000e+00 -9.146447e+00  1.510000e+00
     vertex  1.950000e+00 -8.500010e-01  1.510000e+00
     vertex  1.950000e+00 -8.500010e-01  1.545000e+00
   endloop
 endfacet
 facet normal  1.000000e+00  0.000000e+00  0.000000e+00
   outer loop
     vertex  1.950000e+00 -9.146447e+00  1.510000e+00
     vertex  1.950000e+00 -8.500010e-01  1.545000e+00
     vertex  1.950000e+00 -9.146447e+00  1.545000e+00
   endloop
 endfacet
 facet normal  0.000000e+00  0.000000e+00 -1.000000e+00
   outer loop
     vertex -3.249999e-01 -2.304151e+01  1.510000e+00
     vertex -3.767766e-01 -2.300178e+01  1.510000e+00
     vertex -4.165063e-01 -2.295000e+01  1.510000e+00
   endloop
 endfacet
 facet normal  0.000000e+00  0.000000e+00 -1.000000e+00
   outer loop
     vertex -2.647047e-01 -2.306648e+01  1.510000e+00
     vertex -3.249999e-01 -2.304151e+01  1.510000e+00
     vertex -4.165063e-01 -2.295000e+01  1.510000e+00
   endloop
 endfacet
 facet normal -0.000000e+00  0.000000e+00 -1.000000e+00
   outer loop
     vertex -1.352953e-01 -2.306648e+01  1.510000e+00
     vertex -2.000000e-01 -2.307500e+01  1.510000e+00
     vertex -2.647047e-01 -2.306648e+01  1.510000e+00
   endloop
 endfacet
 facet normal  0.000000e+00  0.000000e+00 -1.000000e+00
   outer loop
     vertex  1.650627e-02 -2.295000e+01  1.510000e+00
     vertex -2.322339e-02 -2.300178e+01  1.510000e+00
     vertex -7.500007e-02 -2.304151e+01  1.510000e+00
   endloop
 endfacet
 facet normal  0.000000e+00  0.000000e+00 -1.000000e+00
   outer loop
     vertex  1.650627e-02 -2.295000e+01  1.510000e+00
     vertex -7.500007e-02 -2.304151e+01  1.510000e+00
     vertex -1.352953e-01 -2.306648e+01  1.510000e+00
   endloop
 endfacet
 facet normal  0.000000e+00  0.000000e+00 -1.000000e+00
   outer loop
     vertex  5.000000e-02 -2.282500e+01  1.510000e+00
     vertex  4.148141e-02 -2.288970e+01  1.510000e+00
     vertex  1.650627e-02 -2.295000e+01  1.510000e+00
   endloop
 endfacet
 facet normal  0.000000e+00  0.000000e+00 -1.000000e+00
   outer loop
     vertex  5.000000e-02 -2.282500e+01  1.510000e+00
     vertex -4.165063e-01 -2.295000e+01  1.510000e+00
     vertex -4.414814e-01 -2.288970e+01  1.510000e+00
   endloop
 endfacet
 facet normal -0.000000e+00  0.000000e+00 -1.000000e+00
   outer loop
     vertex  5.000000e-02 -2.282500e+01  1.510000e+00
     vertex -4.414814e-01 -2.288970e+01  1.510000e+00
     vertex -4.500000e-01 -2.282500e+01  1.510000e+00
   endloop
 endfacet
 facet normal  0.000000e+00  0.000000e+00 -1.000000e+00
   outer loop
     vertex  5.000000e-02 -2.282500e+01  1.510000e+00
     vertex -2.647047e-01 -2.306648e+01  1.510000e+00
     vertex -4.165063e-01 -2.295000e+01  1.510000e+00
   endloop
 endfacet
 facet normal  0.000000e+00  0.000000e+00 -1.000000e+00
   outer loop
     vertex  5.000000e-02 -2.282500e+01  1.510000e+00
     vertex -1.352953e-01 -2.306648e+01  1.510000e+00
     vertex -2.647047e-01 -2.306648e+01  1.510000e+00
   endloop
 endfacet
 facet normal  0.000000e+00  0.000000e+00 -1.000000e+00
   outer loop
     vertex  5.000000e-02 -2.282500e+01  1.510000e+00
     vertex  1.650627e-02 -2.295000e+01  1.510000e+00
     vertex -1.352953e-01 -2.306648e+01  1.510000e+00
   endloop
 endfacet
 facet normal  0.000000e+00  0.000000e+00 -1.000000e+00
   outer loop
     vertex -3.767770e-01 -1.477322e+01  1.510000e+00
     vertex -4.500000e-01 -1.495000e+01  1.510000e+00
     vertex -4.414812e-01 -1.488529e+01  1.510000e+00
   endloop
 endfacet
 facet normal  0.000000e+00  0.000000e+00 -1.000000e+00
   outer loop
     vertex -3.767770e-01 -1.477322e+01  1.510000e+00
     vertex -4.414812e-01 -1.488529e+01  1.510000e+00
     vertex -4.165062e-01 -1.482500e+01  1.510000e+00
   endloop
 endfacet
 facet normal -0.000000e+00  0.000000e+00 -1.000000e+00
   outer loop
     vertex  5.000000e-02 -1.505355e+01  1.510000e+00
     vertex -4.500000e-01 -2.282500e+01  1.510000e+00
     vertex -4.500000e-01 -1.495000e+01  1.510000e+00
   endloop
 endfacet
 facet normal  0.000000e+00  0.000000e+00 -1.000000e+00
   outer loop
     vertex  5.000000e-02 -1.505355e+01  1.510000e+00
     vertex  5.000000e-02 -2.282500e+01  1.510000e+00
     vertex -4.500000e-01 -2.282500e+01  1.510000e+00
   endloop
 endfacet
 facet normal  0.000000e+00  0.000000e+00 -1.000000e+00
   outer loop
     vertex  5.000000e-02 -1.505355e+01  1.510000e+00
     vertex -4.500000e-01 -1.495000e+01  1.510000e+00
     vertex -3.767770e-01 -1.477322e+01  1.510000e+00
   endloop
 endfacet
 facet normal  0.000000e+00  0.000000e+00 -1.000000e+00
   outer loop
     vertex  3.246445e+00 -1.115000e+01  1.510000e+00
     vertex  5.000000e-02 -1.505355e+01  1.510000e+00
     vertex -3.767770e-01 -1.477322e+01  1.510000e+00
   endloop
 endfacet
 facet normal  0.000000e+00  0.000000e+00 -1.000000e+00
   outer loop
     vertex  1.450000e+00 -9.250001e+00  1.510000e+00
     vertex  1.523223e+00 -9.426778e+00  1.510000e+00
     vertex  1.483494e+00 -9.375001e+00  1.510000e+00
   endloop
 endfacet
 facet normal  0.000000e+00  0.000000e+00 -1.000000e+00
   outer loop
     vertex  1.450000e+00 -9.250001e+00  1.510000e+00
     vertex  1.483494e+00 -9.375001e+00  1.510000e+00
     vertex  1.458519e+00 -9.314706e+00  1.510000e+00
   endloop
 endfacet
 facet normal -0.000000e+00  0.000000e+00 -1.000000e+00
   outer loop
     vertex  3.776776e+00 -1.132678e+01  1.510000e+00
     vertex  5.000000e-02 -1.505355e+01  1.510000e+00
     vertex  3.246445e+00 -1.115000e+01  1.510000e+00
   endloop
 endfacet
 facet normal  0.000000e+00  0.000000e+00 -1.000000e+00
   outer loop
     vertex  3.841480e+00 -1.121470e+01  1.510000e+00
     vertex  3.816505e+00 -1.127500e+01  1.510000e+00
     vertex  3.776776e+00 -1.132678e+01  1.510000e+00
   endloop
 endfacet
 facet normal  0.000000e+00  0.000000e+00 -1.000000e+00
   outer loop
     vertex  3.841480e+00 -1.108529e+01  1.510000e+00
     vertex  3.849999e+00 -1.115000e+01  1.510000e+00
     vertex  3.841480e+00 -1.121470e+01  1.510000e+00
   endloop
 endfacet
 facet normal  0.000000e+00 -0.000000e+00 -1.000000e+00
   outer loop
     vertex  3.816505e+00 -1.102500e+01  1.510000e+00
     vertex  3.841480e+00 -1.121470e+01  1.510000e+00
     vertex  3.776776e+00 -1.132678e+01  1.510000e+00
   endloop
 endfacet
 facet normal  0.000000e+00  0.000000e+00 -1.000000e+00
   outer loop
     vertex  3.816505e+00 -1.102500e+01  1.510000e+00
     vertex  3.841480e+00 -1.108529e+01  1.510000e+00
     vertex  3.841480e+00 -1.121470e+01  1.510000e+00
   endloop
 endfacet
 facet normal  0.000000e+00  0.000000e+00 -1.000000e+00
   outer loop
     vertex  3.776775e+00 -1.097322e+01  1.510000e+00
     vertex  3.816505e+00 -1.102500e+01  1.510000e+00
     vertex  3.776776e+00 -1.132678e+01  1.510000e+00
   endloop
 endfacet
 facet normal  0.000000e+00 -0.000000e+00 -1.000000e+00
   outer loop
     vertex  3.776775e+00 -1.097322e+01  1.510000e+00
     vertex  3.776776e+00 -1.132678e+01  1.510000e+00
     vertex  3.246445e+00 -1.115000e+01  1.510000e+00
   endloop
 endfacet
 facet normal  0.000000e+00  0.000000e+00 -1.000000e+00
   outer loop
     vertex  1.950000e+00 -9.146447e+00  1.510000e+00
     vertex  3.776775e+00 -1.097322e+01  1.510000e+00
     vertex  3.246445e+00 -1.115000e+01  1.510000e+00
   endloop
 endfacet
 facet normal  0.000000e+00 -0.000000e+00 -1.000000e+00
   outer loop
     vertex  1.950000e+00 -9.146447e+00  1.510000e+00
     vertex  3.246445e+00 -1.115000e+01  1.510000e+00
     vertex  1.523223e+00 -9.426778e+00  1.510000e+00
   endloop
 endfacet
 facet normal  0.000000e+00  0.000000e+00 -1.000000e+00
   outer loop
     vertex  1.950000e+00 -9.146447e+00  1.510000e+00
     vertex  1.523223e+00 -9.426778e+00  1.510000e+00
     vertex  1.450000e+00 -9.250001e+00  1.510000e+00
   endloop
 endfacet
 facet normal  0.000000e+00 -0.000000e+00 -1.000000e+00
   outer loop
     vertex  1.450000e+00 -8.500010e-01  1.510000e+00
     vertex  1.950000e+00 -9.146447e+00  1.510000e+00
     vertex  1.450000e+00 -9.250001e+00  1.510000e+00
   endloop
 endfacet
 facet normal  0.000000e+00  0.000000e+00 -1.000000e+00
   outer loop
     vertex  1.523224e+00 -6.732251e-01  1.510000e+00
     vertex  1.450000e+00 -8.500010e-01  1.510000e+00
     vertex  1.458519e+00 -7.852965e-01  1.510000e+00
   endloop
 endfacet
 facet normal  0.000000e+00  0.000000e+00 -1.000000e+00
   outer loop
     vertex  1.523224e+00 -6.732251e-01  1.510000e+00
     vertex  1.458519e+00 -7.852965e-01  1.510000e+00
     vertex  1.483494e+00 -7.250015e-01  1.510000e+00
   endloop
 endfacet
 facet normal  0.000000e+00  0.000000e+00 -1.000000e+00
   outer loop
     vertex  1.575000e+00 -6.334956e-01  1.510000e+00
     vertex  1.450000e+00 -8.500010e-01  1.510000e+00
     vertex  1.523224e+00 -6.732251e-01  1.510000e+00
   endloop
 endfacet
 facet normal  0.000000e+00  0.000000e+00 -1.000000e+00
   outer loop
     vertex  1.635295e+00 -6.085207e-01  1.510000e+00
     vertex  1.450000e+00 -8.500010e-01  1.510000e+00
     vertex  1.575000e+00 -6.334956e-01  1.510000e+00
   endloop
 endfacet
 facet normal -0.000000e+00 -0.000000e+00 -1.000000e+00
   outer loop
     vertex  1.950000e+00 -8.500010e-01  1.510000e+00
     vertex  1.950000e+00 -9.146447e+00  1.510000e+00
     vertex  1.450000e+00 -8.500010e-01  1.510000e+00
   endloop
 endfacet
 facet normal  0.000000e+00  0.000000e+00 -1.000000e+00
   outer loop
     vertex  1.825000e+00 -6.334956e-01  1.510000e+00
     vertex  1.635295e+00 -6.085207e-01  1.510000e+00
     vertex  1.700000e+00 -6.000022e-01  1.510000e+00
   endloop
 endfacet
 facet normal  0.000000e+00  0.000000e+00 -1.000000e+00
   outer loop
     vertex  1.825000e+00 -6.334956e-01  1.510000e+00
     vertex  1.700000e+00 -6.000022e-01  1.510000e+00
     vertex  1.764705e+00 -6.085207e-01  1.510000e+00
   endloop
 endfacet
 facet normal  0.000000e+00  0.000000e+00 -1.000000e+00
   outer loop
     vertex  1.876776e+00 -6.732251e-01  1.510000e+00
     vertex  1.916506e+00 -7.250015e-01  1.510000e+00
     vertex  1.941481e+00 -7.852965e-01  1.510000e+00
   endloop
 endfacet
 facet normal  0.000000e+00  0.000000e+00 -1.000000e+00
   outer loop
     vertex  1.876776e+00 -6.732251e-01  1.510000e+00
     vertex  1.941481e+00 -7.852965e-01  1.510000e+00
     vertex  1.950000e+00 -8.500010e-01  1.510000e+00
   endloop
 endfacet
 facet normal -0.000000e+00  0.000000e+00 -1.000000e+00
   outer loop
     vertex  1.876776e+00 -6.732251e-01  1.510000e+00
     vertex  1.450000e+00 -8.500010e-01  1.510000e+00
     vertex  1.635295e+00 -6.085207e-01  1.510000e+00
   endloop
 endfacet
 facet normal  0.000000e+00 -0.000000e+00 -1.000000e+00
   outer loop
     vertex  1.876776e+00 -6.732251e-01  1.510000e+00
     vertex  1.950000e+00 -8.500010e-01  1.510000e+00
     vertex  1.450000e+00 -8.500010e-01  1.510000e+00
   endloop
 endfacet
 facet normal  0.000000e+00  0.000000e+00 -1.000000e+00
   outer loop
     vertex  1.876776e+00 -6.732251e-01  1.510000e+00
     vertex  1.635295e+00 -6.085207e-01  1.510000e+00
     vertex  1.825000e+00 -6.334956e-01  1.510000e+00
   endloop
 endfacet
 facet normal  0.000000e+00  0.000000e+00  1.000000e+00
   outer loop
     vertex -3.249999e-01 -2.304151e+01  1.545000e+00
     vertex -4.165063e-01 -2.295000e+01  1.545000e+00
     vertex -3.767766e-01 -2.300178e+01  1.545000e+00
   endloop
 endfacet
 facet normal  0.000000e+00  0.000000e+00  1.000000e+00
   outer loop
     vertex -2.647047e-01 -2.306648e+01  1.545000e+00
     vertex -4.165063e-01 -2.295000e+01  1.545000e+00
     vertex -3.249999e-01 -2.304151e+01  1.545000e+00
   endloop
 endfacet
 facet normal  0.000000e+00  0.000000e+00  1.000000e+00
   outer loop
     vertex -1.352953e-01 -2.306648e+01  1.545000e+00
     vertex -2.647047e-01 -2.306648e+01  1.545000e+00
     vertex -2.000000e-01 -2.307500e+01  1.545000e+00
   endloop
 endfacet
 facet normal  0.000000e+00  0.000000e+00  1.000000e+00
   outer loop
     vertex  1.650627e-02 -2.295000e+01  1.545000e+00
     vertex -7.500007e-02 -2.304151e+01  1.545000e+00
     vertex -2.322339e-02 -2.300178e+01  1.545000e+00
   endloop
 endfacet
 facet normal  0.000000e+00  0.000000e+00  1.000000e+00
   outer loop
     vertex  1.650627e-02 -2.295000e+01  1.545000e+00
     vertex -1.352953e-01 -2.306648e+01  1.545000e+00
     vertex -7.500007e-02 -2.304151e+01  1.545000e+00
   endloop
 endfacet
 facet normal  0.000000e+00  0.000000e+00  1.000000e+00
   outer loop
     vertex  5.000000e-02 -2.282500e+01  1.545000e+00
     vertex  1.650627e-02 -2.295000e+01  1.545000e+00
     vertex  4.148141e-02 -2.288970e+01  1.545000e+00
   endloop
 endfacet
 facet normal  0.000000e+00  0.000000e+00  1.000000e+00
   outer loop
     vertex  5.000000e-02 -2.282500e+01  1.545000e+00
     vertex -4.414814e-01 -2.288970e+01  1.545000e+00
     vertex -4.165063e-01 -2.295000e+01  1.545000e+00
   endloop
 endfacet
 facet normal  0.000000e+00  0.000000e+00  1.000000e+00
   outer loop
     vertex  5.000000e-02 -2.282500e+01  1.545000e+00
     vertex -4.500000e-01 -2.282500e+01  1.545000e+00
     vertex -4.414814e-01 -2.288970e+01  1.545000e+00
   endloop
 endfacet
 facet normal  0.000000e+00  0.000000e+00  1.000000e+00
   outer loop
     vertex  5.000000e-02 -2.282500e+01  1.545000e+00
     vertex -4.165063e-01 -2.295000e+01  1.545000e+00
     vertex -2.647047e-01 -2.306648e+01  1.545000e+00
   endloop
 endfacet
 facet normal  0.000000e+00  0.000000e+00  1.000000e+00
   outer loop
     vertex  5.000000e-02 -2.282500e+01  1.545000e+00
     vertex -2.647047e-01 -2.306648e+01  1.545000e+00
     vertex -1.352953e-01 -2.306648e+01  1.545000e+00
   endloop
 endfacet
 facet normal  0.000000e+00  0.000000e+00  1.000000e+00
   outer loop
     vertex  5.000000e-02 -2.282500e+01  1.545000e+00
     vertex -1.352953e-01 -2.306648e+01  1.545000e+00
     vertex  1.650627e-02 -2.295000e+01  1.545000e+00
   endloop
 endfacet
 facet normal  0.000000e+00  0.000000e+00  1.000000e+00
   outer loop
     vertex -3.767770e-01 -1.477322e+01  1.545000e+00
     vertex -4.414812e-01 -1.488529e+01  1.545000e+00
     vertex -4.500000e-01 -1.495000e+01  1.545000e+00
   endloop
 endfacet
 facet normal  0.000000e+00  0.000000e+00  1.000000e+00
   outer loop
     vertex -3.767770e-01 -1.477322e+01  1.545000e+00
     vertex -4.165062e-01 -1.482500e+01  1.545000e+00
     vertex -4.414812e-01 -1.488529e+01  1.545000e+00
   endloop
 endfacet
 facet normal  0.000000e+00  0.000000e+00  1.000000e+00
   outer loop
     vertex  5.000000e-02 -1.505355e+01  1.545000e+00
     vertex -4.500000e-01 -1.495000e+01  1.545000e+00
     vertex -4.500000e-01 -2.282500e+01  1.545000e+00
   endloop
 endfacet
 facet normal  0.000000e+00  0.000000e+00  1.000000e+00
   outer loop
     vertex  5.000000e-02 -1.505355e+01  1.545000e+00
     vertex -4.500000e-01 -2.282500e+01  1.545000e+00
     vertex  5.000000e-02 -2.282500e+01  1.545000e+00
   endloop
 endfacet
 facet normal  0.000000e+00  0.000000e+00  1.000000e+00
   outer loop
     vertex  5.000000e-02 -1.505355e+01  1.545000e+00
     vertex -3.767770e-01 -1.477322e+01  1.545000e+00
     vertex -4.500000e-01 -1.495000e+01  1.545000e+00
   endloop
 endfacet
 facet normal  0.000000e+00  0.000000e+00  1.000000e+00
   outer loop
     vertex  3.246445e+00 -1.115000e+01  1.545000e+00
     vertex -3.767770e-01 -1.477322e+01  1.545000e+00
     vertex  5.000000e-02 -1.505355e+01  1.545000e+00
   endloop
 endfacet
 facet normal  0.000000e+00  0.000000e+00  1.000000e+00
   outer loop
     vertex  1.450000e+00 -9.250001e+00  1.545000e+00
     vertex  1.483494e+00 -9.375001e+00  1.545000e+00
     vertex  1.523223e+00 -9.426778e+00  1.545000e+00
   endloop
 endfacet
 facet normal  0.000000e+00  0.000000e+00  1.000000e+00
   outer loop
     vertex  1.450000e+00 -9.250001e+00  1.545000e+00
     vertex  1.458519e+00 -9.314706e+00  1.545000e+00
     vertex  1.483494e+00 -9.375001e+00  1.545000e+00
   endloop
 endfacet
 facet normal  0.000000e+00  0.000000e+00  1.000000e+00
   outer loop
     vertex  3.776776e+00 -1.132678e+01  1.545000e+00
     vertex  3.246445e+00 -1.115000e+01  1.545000e+00
     vertex  5.000000e-02 -1.505355e+01  1.545000e+00
   endloop
 endfacet
 facet normal  0.000000e+00  0.000000e+00  1.000000e+00
   outer loop
     vertex  3.841480e+00 -1.121470e+01  1.545000e+00
     vertex  3.776776e+00 -1.132678e+01  1.545000e+00
     vertex  3.816505e+00 -1.127500e+01  1.545000e+00
   endloop
 endfacet
 facet normal  0.000000e+00  0.000000e+00  1.000000e+00
   outer loop
     vertex  3.841480e+00 -1.108529e+01  1.545000e+00
     vertex  3.841480e+00 -1.121470e+01  1.545000e+00
     vertex  3.849999e+00 -1.115000e+01  1.545000e+00
   endloop
 endfacet
 facet normal  0.000000e+00  0.000000e+00  1.000000e+00
   outer loop
     vertex  3.816505e+00 -1.102500e+01  1.545000e+00
     vertex  3.776776e+00 -1.132678e+01  1.545000e+00
     vertex  3.841480e+00 -1.121470e+01  1.545000e+00
   endloop
 endfacet
 facet normal  0.000000e+00  0.000000e+00  1.000000e+00
   outer loop
     vertex  3.816505e+00 -1.102500e+01  1.545000e+00
     vertex  3.841480e+00 -1.121470e+01  1.545000e+00
     vertex  3.841480e+00 -1.108529e+01  1.545000e+00
   endloop
 endfacet
 facet normal  0.000000e+00  0.000000e+00  1.000000e+00
   outer loop
     vertex  3.776775e+00 -1.097322e+01  1.545000e+00
     vertex  3.776776e+00 -1.132678e+01  1.545000e+00
     vertex  3.816505e+00 -1.102500e+01  1.545000e+00
   endloop
 endfacet
 facet normal  0.000000e+00  0.000000e+00  1.000000e+00
   outer loop
     vertex  3.776775e+00 -1.097322e+01  1.545000e+00
     vertex  3.246445e+00 -1.115000e+01  1.545000e+00
     vertex  3.776776e+00 -1.132678e+01  1.545000e+00
   endloop
 endfacet
 facet normal  0.000000e+00  0.000000e+00  1.000000e+00
   outer loop
     vertex  1.950000e+00 -9.146447e+00  1.545000e+00
     vertex  3.246445e+00 -1.115000e+01  1.545000e+00
     vertex  3.776775e+00 -1.097322e+01  1.545000e+00
   endloop
 endfacet
 facet normal  0.000000e+00  0.000000e+00  1.000000e+00
   outer loop
     vertex  1.950000e+00 -9.146447e+00  1.545000e+00
     vertex  1.523223e+00 -9.426778e+00  1.545000e+00
     vertex  3.246445e+00 -1.115000e+01  1.545000e+00
   endloop
 endfacet
 facet normal  0.000000e+00  0.000000e+00  1.000000e+00
   outer loop
     vertex  1.950000e+00 -9.146447e+00  1.545000e+00
     vertex  1.450000e+00 -9.250001e+00  1.545000e+00
     vertex  1.523223e+00 -9.426778e+00  1.545000e+00
   endloop
 endfacet
 facet normal  0.000000e+00  0.000000e+00  1.000000e+00
   outer loop
     vertex  1.450000e+00 -8.500010e-01  1.545000e+00
     vertex  1.450000e+00 -9.250001e+00  1.545000e+00
     vertex  1.950000e+00 -9.146447e+00  1.545000e+00
   endloop
 endfacet
 facet normal  0.000000e+00  0.000000e+00  1.000000e+00
   outer loop
     vertex  1.523224e+00 -6.732251e-01  1.545000e+00
     vertex  1.458519e+00 -7.852965e-01  1.545000e+00
     vertex  1.450000e+00 -8.500010e-01  1.545000e+00
   endloop
 endfacet
 facet normal  0.000000e+00  0.000000e+00  1.000000e+00
   outer loop
     vertex  1.523224e+00 -6.732251e-01  1.545000e+00
     vertex  1.483494e+00 -7.250015e-01  1.545000e+00
     vertex  1.458519e+00 -7.852965e-01  1.545000e+00
   endloop
 endfacet
 facet normal  0.000000e+00  0.000000e+00  1.000000e+00
   outer loop
     vertex  1.575000e+00 -6.334956e-01  1.545000e+00
     vertex  1.523224e+00 -6.732251e-01  1.545000e+00
     vertex  1.450000e+00 -8.500010e-01  1.545000e+00
   endloop
 endfacet
 facet normal  0.000000e+00  0.000000e+00  1.000000e+00
   outer loop
     vertex  1.635295e+00 -6.085207e-01  1.545000e+00
     vertex  1.575000e+00 -6.334956e-01  1.545000e+00
     vertex  1.450000e+00 -8.500010e-01  1.545000e+00
   endloop
 endfacet
 facet normal  0.000000e+00  0.000000e+00  1.000000e+00
   outer loop
     vertex  1.950000e+00 -8.500010e-01  1.545000e+00
     vertex  1.450000e+00 -8.500010e-01  1.545000e+00
     vertex  1.950000e+00 -9.146447e+00  1.545000e+00
   endloop
 endfacet
 facet normal  0.000000e+00  0.000000e+00  1.000000e+00
   outer loop
     vertex  1.825000e+00 -6.334956e-01  1.545000e+00
     vertex  1.700000e+00 -6.000022e-01  1.545000e+00
     vertex  1.635295e+00 -6.085207e-01  1.545000e+00
   endloop
 endfacet
 facet normal  0.000000e+00  0.000000e+00  1.000000e+00
   outer loop
     vertex  1.825000e+00 -6.334956e-01  1.545000e+00
     vertex  1.764705e+00 -6.085207e-01  1.545000e+00
     vertex  1.700000e+00 -6.000022e-01  1.545000e+00
   endloop
 endfacet
 facet normal  0.000000e+00  0.000000e+00  1.000000e+00
   outer loop
     vertex  1.876776e+00 -6.732251e-01  1.545000e+00
     vertex  1.941481e+00 -7.852965e-01  1.545000e+00
     vertex  1.916506e+00 -7.250015e-01  1.545000e+00
   endloop
 endfacet
 facet normal  0.000000e+00  0.000000e+00  1.000000e+00
   outer loop
     vertex  1.876776e+00 -6.732251e-01  1.545000e+00
     vertex  1.950000e+00 -8.500010e-01  1.545000e+00
     vertex  1.941481e+00 -7.852965e-01  1.545000e+00
   endloop
 endfacet
 facet normal  0.000000e+00  0.000000e+00  1.000000e+00
   outer loop
     vertex  1.876776e+00 -6.732251e-01  1.545000e+00
     vertex  1.635295e+00 -6.085207e-01  1.545000e+00
     vertex  1.450000e+00 -8.500010e-01  1.545000e+00
   endloop
 endfacet
 facet normal  0.000000e+00  0.000000e+00  1.000000e+00
   outer loop
     vertex  1.876776e+00 -6.732251e-01  1.545000e+00
     vertex  1.450000e+00 -8.500010e-01  1.545000e+00
     vertex  1.950000e+00 -8.500010e-01  1.545000e+00
   endloop
 endfacet
 facet normal  0.000000e+00  0.000000e+00  1.000000e+00
   outer loop
     vertex  1.876776e+00 -6.732251e-01  1.545000e+00
     vertex  1.825000e+00 -6.334956e-01  1.545000e+00
     vertex  1.635295e+00 -6.085207e-01  1.545000e+00
   endloop
 endfacet
 facet normal -3.158019e-01 -9.488251e-01  0.000000e+00
   outer loop
     vertex  2.810262e+00  1.973969e+01  1.510000e+00
     vertex  2.845736e+00  1.972788e+01  1.510000e+00
     vertex  2.845736e+00  1.972788e+01  1.545000e+00
   endloop
 endfacet
 facet normal -3.158019e-01 -9.488251e-01  0.000000e+00
   outer loop
     vertex  2.810262e+00  1.973969e+01  1.510000e+00
     vertex  2.845736e+00  1.972788e+01  1.545000e+00
     vertex  2.810262e+00  1.973969e+01  1.545000e+00
   endloop
 endfacet
 facet normal -5.406425e-01 -8.412525e-01  0.000000e+00
   outer loop
     vertex  2.778810e+00  1.975990e+01  1.510000e+00
     vertex  2.810262e+00  1.973969e+01  1.545000e+00
     vertex  2.778810e+00  1.975990e+01  1.545000e+00
   endloop
 endfacet
 facet normal -5.406425e-01 -8.412525e-01  0.000000e+00
   outer loop
     vertex  2.778810e+00  1.975990e+01  1.510000e+00
     vertex  2.810262e+00  1.973969e+01  1.510000e+00
     vertex  2.810262e+00  1.973969e+01  1.545000e+00
   endloop
 endfacet
 facet normal -7.318955e-01 -6.814169e-01  0.000000e+00
   outer loop
     vertex  2.753333e+00  1.978727e+01  1.510000e+00
     vertex  2.778810e+00  1.975990e+01  1.545000e+00
     vertex  2.753333e+00  1.978727e+01  1.545000e+00
   endloop
 endfacet
 facet normal -7.318955e-01 -6.814169e-01  0.000000e+00
   outer loop
     vertex  2.753333e+00  1.978727e+01  1.510000e+00
     vertex  2.778810e+00  1.975990e+01  1.510000e+00
     vertex  2.778810e+00  1.975990e+01  1.545000e+00
   endloop
 endfacet
 facet normal -8.776795e-01 -4.792481e-01  0.000000e+00
   outer loop
     vertex  2.735415e+00  1.982008e+01  1.510000e+00
     vertex  2.753333e+00  1.978727e+01  1.545000e+00
     vertex  2.735415e+00  1.982008e+01  1.545000e+00
   endloop
 endfacet
 facet normal -8.776795e-01 -4.792481e-01  0.000000e+00
   outer loop
     vertex  2.735415e+00  1.982008e+01  1.510000e+00
     vertex  2.753333e+00  1.978727e+01  1.510000e+00
     vertex  2.753333e+00  1.978727e+01  1.545000e+00
   endloop
 endfacet
 facet normal -9.689374e-01 -2.473060e-01  0.000000e+00
   outer loop
     vertex  2.726169e+00  1.985631e+01  1.510000e+00
     vertex  2.735415e+00  1.982008e+01  1.545000e+00
     vertex  2.726169e+00  1.985631e+01  1.545000e+00
   endloop
 endfacet
 facet normal -9.689374e-01 -2.473060e-01  0.000000e+00
   outer loop
     vertex  2.726169e+00  1.985631e+01  1.510000e+00
     vertex  2.735415e+00  1.982008e+01  1.510000e+00
     vertex  2.735415e+00  1.982008e+01  1.545000e+00
   endloop
 endfacet
 facet normal -1.000000e+00  0.000000e+00  0.000000e+00
   outer loop
     vertex  2.726169e+00  1.989369e+01  1.510000e+00
     vertex  2.726169e+00  1.985631e+01  1.545000e+00
     vertex  2.726169e+00  1.989369e+01  1.545000e+00
   endloop
 endfacet
 facet normal -1.000000e+00  0.000000e+00  0.000000e+00
   outer loop
     vertex  2.726169e+00  1.989369e+01  1.510000e+00
     vertex  2.726169e+00  1.985631e+01  1.510000e+00
     vertex  2.726169e+00  1.985631e+01  1.545000e+00
   endloop
 endfacet
 facet normal -9.689374e-01  2.473060e-01  0.000000e+00
   outer loop
     vertex  2.735415e+00  1.992992e+01  1.510000e+00
     vertex  2.726169e+00  1.989369e+01  1.545000e+00
     vertex  2.735415e+00  1.992992e+01  1.545000e+00
   endloop
 endfacet
 facet normal -9.689374e-01  2.473060e-01  0.000000e+00
   outer loop
     vertex  2.735415e+00  1.992992e+01  1.510000e+00
     vertex  2.726169e+00  1.989369e+01  1.510000e+00
     vertex  2.726169e+00  1.989369e+01  1.545000e+00
   endloop
 endfacet
 facet normal -8.776795e-01  4.792481e-01  0.000000e+00
   outer loop
     vertex  2.753333e+00  1.996273e+01  1.510000e+00
     vertex  2.735415e+00  1.992992e+01  1.545000e+00
     vertex  2.753333e+00  1.996273e+01  1.545000e+00
   endloop
 endfacet
 facet normal -8.776795e-01  4.792481e-01  0.000000e+00
   outer loop
     vertex  2.753333e+00  1.996273e+01  1.510000e+00
     vertex  2.735415e+00  1.992992e+01  1.510000e+00
     vertex  2.735415e+00  1.992992e+01  1.545000e+00
   endloop
 endfacet
 facet normal -7.318955e-01  6.814169e-01  0.000000e+00
   outer loop
     vertex  2.778810e+00  1.999010e+01  1.510000e+00
     vertex  2.753333e+00  1.996273e+01  1.545000e+00
     vertex  2.778810e+00  1.999010e+01  1.545000e+00
   endloop
 endfacet
 facet normal -7.318955e-01  6.814169e-01  0.000000e+00
   outer loop
     vertex  2.778810e+00  1.999010e+01  1.510000e+00
     vertex  2.753333e+00  1.996273e+01  1.510000e+00
     vertex  2.753333e+00  1.996273e+01  1.545000e+00
   endloop
 endfacet
 facet normal -5.406425e-01  8.412525e-01  0.000000e+00
   outer loop
     vertex  2.810262e+00  2.001031e+01  1.510000e+00
     vertex  2.778810e+00  1.999010e+01  1.545000e+00
     vertex  2.810262e+00  2.001031e+01  1.545000e+00
   endloop
 endfacet
 facet normal -5.406425e-01  8.412525e-01  0.000000e+00
   outer loop
     vertex  2.810262e+00  2.001031e+01  1.510000e+00
     vertex  2.778810e+00  1.999010e+01  1.510000e+00
     vertex  2.778810e+00  1.999010e+01  1.545000e+00
   endloop
 endfacet
 facet normal -3.158019e-01  9.488251e-01  0.000000e+00
   outer loop
     vertex  2.845736e+00  2.002212e+01  1.510000e+00
     vertex  2.810262e+00  2.001031e+01  1.545000e+00
     vertex  2.845736e+00  2.002212e+01  1.545000e+00
   endloop
 endfacet
 facet normal -3.158019e-01  9.488251e-01  0.000000e+00
   outer loop
     vertex  2.845736e+00  2.002212e+01  1.510000e+00
     vertex  2.810262e+00  2.001031e+01  1.510000e+00
     vertex  2.810262e+00  2.001031e+01  1.545000e+00
   endloop
 endfacet
 facet normal  0.000000e+00  1.000000e+00  0.000000e+00
   outer loop
     vertex  3.624764e+00  2.002212e+01  1.510000e+00
     vertex  2.845736e+00  2.002212e+01  1.510000e+00
     vertex  2.845736e+00  2.002212e+01  1.545000e+00
   endloop
 endfacet
 facet normal  0.000000e+00  1.000000e+00 -0.000000e+00
   outer loop
     vertex  3.624764e+00  2.002212e+01  1.510000e+00
     vertex  2.845736e+00  2.002212e+01  1.545000e+00
     vertex  3.624764e+00  2.002212e+01  1.545000e+00
   endloop
 endfacet
 facet normal  3.158019e-01  9.488251e-01  0.000000e+00
   outer loop
     vertex  3.660238e+00  2.001031e+01  1.510000e+00
     vertex  3.624764e+00  2.002212e+01  1.510000e+00
     vertex  3.624764e+00  2.002212e+01  1.545000e+00
   endloop
 endfacet
 facet normal  3.158019e-01  9.488251e-01 -0.000000e+00
   outer loop
     vertex  3.660238e+00  2.001031e+01  1.510000e+00
     vertex  3.624764e+00  2.002212e+01  1.545000e+00
     vertex  3.660238e+00  2.001031e+01  1.545000e+00
   endloop
 endfacet
 facet normal  5.406425e-01  8.412525e-01 -0.000000e+00
   outer loop
     vertex  3.691690e+00  1.999010e+01  1.510000e+00
     vertex  3.660238e+00  2.001031e+01  1.545000e+00
     vertex  3.691690e+00  1.999010e+01  1.545000e+00
   endloop
 endfacet
 facet normal  5.406425e-01  8.412525e-01  0.000000e+00
   outer loop
     vertex  3.691690e+00  1.999010e+01  1.510000e+00
     vertex  3.660238e+00  2.001031e+01  1.510000e+00
     vertex  3.660238e+00  2.001031e+01  1.545000e+00
   endloop
 endfacet
 facet normal  7.318955e-01  6.814169e-01 -0.000000e+00
   outer loop
     vertex  3.717167e+00  1.996273e+01  1.510000e+00
     vertex  3.691690e+00  1.999010e+01  1.545000e+00
     vertex  3.717167e+00  1.996273e+01  1.545000e+00
   endloop
 endfacet
 facet normal  7.318955e-01  6.814169e-01  0.000000e+00
   outer loop
     vertex  3.717167e+00  1.996273e+01  1.510000e+00
     vertex  3.691690e+00  1.999010e+01  1.510000e+00
     vertex  3.691690e+00  1.999010e+01  1.545000e+00
   endloop
 endfacet
 facet normal  8.776795e-01  4.792481e-01 -0.000000e+00
   outer loop
     vertex  3.735085e+00  1.992992e+01  1.510000e+00
     vertex  3.717167e+00  1.996273e+01  1.545000e+00
     vertex  3.735085e+00  1.992992e+01  1.545000e+00
   endloop
 endfacet
 facet normal  8.776795e-01  4.792481e-01  0.000000e+00
   outer loop
     vertex  3.735085e+00  1.992992e+01  1.510000e+00
     vertex  3.717167e+00  1.996273e+01  1.510000e+00
     vertex  3.717167e+00  1.996273e+01  1.545000e+00
   endloop
 endfacet
 facet normal  9.689374e-01  2.473060e-01 -0.000000e+00
   outer loop
     vertex  3.744331e+00  1.989369e+01  1.510000e+00
     vertex  3.735085e+00  1.992992e+01  1.545000e+00
     vertex  3.744331e+00  1.989369e+01  1.545000e+00
   endloop
 endfacet
 facet normal  9.689374e-01  2.473060e-01  0.000000e+00
   outer loop
     vertex  3.744331e+00  1.989369e+01  1.510000e+00
     vertex  3.735085e+00  1.992992e+01  1.510000e+00
     vertex  3.735085e+00  1.992992e+01  1.545000e+00
   endloop
 endfacet
 facet normal  1.000000e+00  0.000000e+00  0.000000e+00
   outer loop
     vertex  3.744331e+00  1.985631e+01  1.510000e+00
     vertex  3.744331e+00  1.989369e+01  1.545000e+00
     vertex  3.744331e+00  1.985631e+01  1.545000e+00
   endloop
 endfacet
 facet normal  1.000000e+00  0.000000e+00  0.000000e+00
   outer loop
     vertex  3.744331e+00  1.985631e+01  1.510000e+00
     vertex  3.744331e+00  1.989369e+01  1.510000e+00
     vertex  3.744331e+00  1.989369e+01  1.545000e+00
   endloop
 endfacet
 facet normal  9.689374e-01 -2.473060e-01  0.000000e+00
   outer loop
     vertex  3.735085e+00  1.982008e+01  1.510000e+00
     vertex  3.744331e+00  1.985631e+01  1.545000e+00
     vertex  3.735085e+00  1.982008e+01  1.545000e+00
   endloop
 endfacet
 facet normal  9.689374e-01 -2.473060e-01  0.000000e+00
   outer loop
     vertex  3.735085e+00  1.982008e+01  1.510000e+00
     vertex  3.744331e+00  1.985631e+01  1.510000e+00
     vertex  3.744331e+00  1.985631e+01  1.545000e+00
   endloop
 endfacet
 facet normal  8.776795e-01 -4.792481e-01  0.000000e+00
   outer loop
     vertex  3.717167e+00  1.978727e+01  1.510000e+00
     vertex  3.735085e+00  1.982008e+01  1.545000e+00
     vertex  3.717167e+00  1.978727e+01  1.545000e+00
   endloop
 endfacet
 facet normal  8.776795e-01 -4.792481e-01  0.000000e+00
   outer loop
     vertex  3.717167e+00  1.978727e+01  1.510000e+00
     vertex  3.735085e+00  1.982008e+01  1.510000e+00
     vertex  3.735085e+00  1.982008e+01  1.545000e+00
   endloop
 endfacet
 facet normal  7.318955e-01 -6.814169e-01  0.000000e+00
   outer loop
     vertex  3.691690e+00  1.975990e+01  1.510000e+00
     vertex  3.717167e+00  1.978727e+01  1.545000e+00
     vertex  3.691690e+00  1.975990e+01  1.545000e+00
   endloop
 endfacet
 facet normal  7.318955e-01 -6.814169e-01  0.000000e+00
   outer loop
     vertex  3.691690e+00  1.975990e+01  1.510000e+00
     vertex  3.717167e+00  1.978727e+01  1.510000e+00
     vertex  3.717167e+00  1.978727e+01  1.545000e+00
   endloop
 endfacet
 facet normal  5.406425e-01 -8.412525e-01  0.000000e+00
   outer loop
     vertex  3.660238e+00  1.973969e+01  1.510000e+00
     vertex  3.691690e+00  1.975990e+01  1.545000e+00
     vertex  3.660238e+00  1.973969e+01  1.545000e+00
   endloop
 endfacet
 facet normal  5.406425e-01 -8.412525e-01  0.000000e+00
   outer loop
     vertex  3.660238e+00  1.973969e+01  1.510000e+00
     vertex  3.691690e+00  1.975990e+01  1.510000e+00
     vertex  3.691690e+00  1.975990e+01  1.545000e+00
   endloop
 endfacet
 facet normal  3.158019e-01 -9.488251e-01  0.000000e+00
   outer loop
     vertex  3.624764e+00  1.972788e+01  1.510000e+00
     vertex  3.660238e+00  1.973969e+01  1.545000e+00
     vertex  3.624764e+00  1.972788e+01  1.545000e+00
   endloop
 endfacet
 facet normal  3.158019e-01 -9.488251e-01  0.000000e+00
   outer loop
     vertex  3.624764e+00  1.972788e+01  1.510000e+00
     vertex  3.660238e+00  1.973969e+01  1.510000e+00
     vertex  3.660238e+00  1.973969e+01  1.545000e+00
   endloop
 endfacet
 facet normal  0.000000e+00 -1.000000e+00  0.000000e+00
   outer loop
     vertex  2.845736e+00  1.972788e+01  1.510000e+00
     vertex  3.624764e+00  1.972788e+01  1.510000e+00
     vertex  3.624764e+00  1.972788e+01  1.545000e+00
   endloop
 endfacet
 facet normal  0.000000e+00 -1.000000e+00  0.000000e+00
   outer loop
     vertex  2.845736e+00  1.972788e+01  1.510000e+00
     vertex  3.624764e+00  1.972788e+01  1.545000e+00
     vertex  2.845736e+00  1.972788e+01  1.545000e+00
   endloop
 endfacet
 facet normal  0.000000e+00  0.000000e+00 -1.000000e+00
   outer loop
     vertex  2.735415e+00  1.982008e+01  1.510000e+00
     vertex  2.778810e+00  1.975990e+01  1.510000e+00
     vertex  2.753333e+00  1.978727e+01  1.510000e+00
   endloop
 endfacet
 facet normal  0.000000e+00  0.000000e+00 -1.000000e+00
   outer loop
     vertex  2.845736e+00  1.972788e+01  1.510000e+00
     vertex  2.810262e+00  1.973969e+01  1.510000e+00
     vertex  2.778810e+00  1.975990e+01  1.510000e+00
   endloop
 endfacet
 facet normal  0.000000e+00  0.000000e+00 -1.000000e+00
   outer loop
     vertex  2.726169e+00  1.989369e+01  1.510000e+00
     vertex  2.735415e+00  1.982008e+01  1.510000e+00
     vertex  2.726169e+00  1.985631e+01  1.510000e+00
   endloop
 endfacet
 facet normal  0.000000e+00  0.000000e+00 -1.000000e+00
   outer loop
     vertex  2.726169e+00  1.989369e+01  1.510000e+00
     vertex  2.778810e+00  1.975990e+01  1.510000e+00
     vertex  2.735415e+00  1.982008e+01  1.510000e+00
   endloop
 endfacet
 facet normal  0.000000e+00  0.000000e+00 -1.000000e+00
   outer loop
     vertex  2.726169e+00  1.989369e+01  1.510000e+00
     vertex  2.845736e+00  1.972788e+01  1.510000e+00
     vertex  2.778810e+00  1.975990e+01  1.510000e+00
   endloop
 endfacet
 facet normal  0.000000e+00  0.000000e+00 -1.000000e+00
   outer loop
     vertex  2.778810e+00  1.999010e+01  1.510000e+00
     vertex  2.726169e+00  1.989369e+01  1.510000e+00
     vertex  2.735415e+00  1.992992e+01  1.510000e+00
   endloop
 endfacet
 facet normal  0.000000e+00  0.000000e+00 -1.000000e+00
   outer loop
     vertex  2.778810e+00  1.999010e+01  1.510000e+00
     vertex  2.735415e+00  1.992992e+01  1.510000e+00
     vertex  2.753333e+00  1.996273e+01  1.510000e+00
   endloop
 endfacet
 facet normal  0.000000e+00  0.000000e+00 -1.000000e+00
   outer loop
     vertex  2.845736e+00  2.002212e+01  1.510000e+00
     vertex  2.778810e+00  1.999010e+01  1.510000e+00
     vertex  2.810262e+00  2.001031e+01  1.510000e+00
   endloop
 endfacet
 facet normal  0.000000e+00  0.000000e+00 -1.000000e+00
   outer loop
     vertex  2.845736e+00  2.002212e+01  1.510000e+00
     vertex  2.726169e+00  1.989369e+01  1.510000e+00
     vertex  2.778810e+00  1.999010e+01  1.510000e+00
   endloop
 endfacet
 facet normal  0.000000e+00 -0.000000e+00 -1.000000e+00
   outer loop
     vertex  2.845736e+00  2.002212e+01  1.510000e+00
     vertex  2.845736e+00  1.972788e+01  1.510000e+00
     vertex  2.726169e+00  1.989369e+01  1.510000e+00
   endloop
 endfacet
 facet normal  0.000000e+00  0.000000e+00 -1.000000e+00
   outer loop
     vertex  3.691690e+00  1.975990e+01  1.510000e+00
     vertex  3.660238e+00  1.973969e+01  1.510000e+00
     vertex  3.624764e+00  1.972788e+01  1.510000e+00
   endloop
 endfacet
 facet normal  0.000000e+00  0.000000e+00 -1.000000e+00
   outer loop
     vertex  3.744331e+00  1.985631e+01  1.510000e+00
     vertex  3.735085e+00  1.982008e+01  1.510000e+00
     vertex  3.717167e+00  1.978727e+01  1.510000e+00
   endloop
 endfacet
 facet normal  0.000000e+00  0.000000e+00 -1.000000e+00
   outer loop
     vertex  3.744331e+00  1.989369e+01  1.510000e+00
     vertex  3.717167e+00  1.978727e+01  1.510000e+00
     vertex  3.691690e+00  1.975990e+01  1.510000e+00
   endloop
 endfacet
 facet normal  0.000000e+00  0.000000e+00 -1.000000e+00
   outer loop
     vertex  3.744331e+00  1.989369e+01  1.510000e+00
     vertex  3.691690e+00  1.975990e+01  1.510000e+00
     vertex  3.624764e+00  1.972788e+01  1.510000e+00
   endloop
 endfacet
 facet normal  0.000000e+00 -0.000000e+00 -1.000000e+00
   outer loop
     vertex  3.744331e+00  1.989369e+01  1.510000e+00
     vertex  3.744331e+00  1.985631e+01  1.510000e+00
     vertex  3.717167e+00  1.978727e+01  1.510000e+00
   endloop
 endfacet
 facet normal  0.000000e+00 -0.000000e+00 -1.000000e+00
   outer loop
     vertex  3.624764e+00  2.002212e+01  1.510000e+00
     vertex  3.624764e+00  1.972788e+01  1.510000e+00
     vertex  2.845736e+00  1.972788e+01  1.510000e+00
   endloop
 endfacet
 facet normal -0.000000e+00  0.000000e+00 -1.000000e+00
   outer loop
     vertex  3.624764e+00  2.002212e+01  1.510000e+00
     vertex  2.845736e+00  1.972788e+01  1.510000e+00
     vertex  2.845736e+00  2.002212e+01  1.510000e+00
   endloop
 endfacet
 facet normal  0.000000e+00  0.000000e+00 -1.000000e+00
   outer loop
     vertex  3.691690e+00  1.999010e+01  1.510000e+00
     vertex  3.624764e+00  2.002212e+01  1.510000e+00
     vertex  3.660238e+00  2.001031e+01  1.510000e+00
   endloop
 endfacet
 facet normal  0.000000e+00  0.000000e+00 -1.000000e+00
   outer loop
     vertex  3.691690e+00  1.999010e+01  1.510000e+00
     vertex  3.717167e+00  1.996273e+01  1.510000e+00
     vertex  3.735085e+00  1.992992e+01  1.510000e+00
   endloop
 endfacet
 facet normal  0.000000e+00  0.000000e+00 -1.000000e+00
   outer loop
     vertex  3.691690e+00  1.999010e+01  1.510000e+00
     vertex  3.735085e+00  1.992992e+01  1.510000e+00
     vertex  3.744331e+00  1.989369e+01  1.510000e+00
   endloop
 endfacet
 facet normal -0.000000e+00  0.000000e+00 -1.000000e+00
   outer loop
     vertex  3.691690e+00  1.999010e+01  1.510000e+00
     vertex  3.624764e+00  1.972788e+01  1.510000e+00
     vertex  3.624764e+00  2.002212e+01  1.510000e+00
   endloop
 endfacet
 facet normal  0.000000e+00 -0.000000e+00 -1.000000e+00
   outer loop
     vertex  3.691690e+00  1.999010e+01  1.510000e+00
     vertex  3.744331e+00  1.989369e+01  1.510000e+00
     vertex  3.624764e+00  1.972788e+01  1.510000e+00
   endloop
 endfacet
 facet normal  0.000000e+00  0.000000e+00  1.000000e+00
   outer loop
     vertex  2.735415e+00  1.982008e+01  1.545000e+00
     vertex  2.753333e+00  1.978727e+01  1.545000e+00
     vertex  2.778810e+00  1.975990e+01  1.545000e+00
   endloop
 endfacet
 facet normal  0.000000e+00  0.000000e+00  1.000000e+00
   outer loop
     vertex  2.845736e+00  1.972788e+01  1.545000e+00
     vertex  2.778810e+00  1.975990e+01  1.545000e+00
     vertex  2.810262e+00  1.973969e+01  1.545000e+00
   endloop
 endfacet
 facet normal  0.000000e+00  0.000000e+00  1.000000e+00
   outer loop
     vertex  2.726169e+00  1.989369e+01  1.545000e+00
     vertex  2.726169e+00  1.985631e+01  1.545000e+00
     vertex  2.735415e+00  1.982008e+01  1.545000e+00
   endloop
 endfacet
 facet normal  0.000000e+00  0.000000e+00  1.000000e+00
   outer loop
     vertex  2.726169e+00  1.989369e+01  1.545000e+00
     vertex  2.735415e+00  1.982008e+01  1.545000e+00
     vertex  2.778810e+00  1.975990e+01  1.545000e+00
   endloop
 endfacet
 facet normal  0.000000e+00  0.000000e+00  1.000000e+00
   outer loop
     vertex  2.726169e+00  1.989369e+01  1.545000e+00
     vertex  2.778810e+00  1.975990e+01  1.545000e+00
     vertex  2.845736e+00  1.972788e+01  1.545000e+00
   endloop
 endfacet
 facet normal  0.000000e+00  0.000000e+00  1.000000e+00
   outer loop
     vertex  2.778810e+00  1.999010e+01  1.545000e+00
     vertex  2.735415e+00  1.992992e+01  1.545000e+00
     vertex  2.726169e+00  1.989369e+01  1.545000e+00
   endloop
 endfacet
 facet normal  0.000000e+00  0.000000e+00  1.000000e+00
   outer loop
     vertex  2.778810e+00  1.999010e+01  1.545000e+00
     vertex  2.753333e+00  1.996273e+01  1.545000e+00
     vertex  2.735415e+00  1.992992e+01  1.545000e+00
   endloop
 endfacet
 facet normal  0.000000e+00  0.000000e+00  1.000000e+00
   outer loop
     vertex  2.845736e+00  2.002212e+01  1.545000e+00
     vertex  2.810262e+00  2.001031e+01  1.545000e+00
     vertex  2.778810e+00  1.999010e+01  1.545000e+00
   endloop
 endfacet
 facet normal  0.000000e+00  0.000000e+00  1.000000e+00
   outer loop
     vertex  2.845736e+00  2.002212e+01  1.545000e+00
     vertex  2.778810e+00  1.999010e+01  1.545000e+00
     vertex  2.726169e+00  1.989369e+01  1.545000e+00
   endloop
 endfacet
 facet normal  0.000000e+00  0.000000e+00  1.000000e+00
   outer loop
     vertex  2.845736e+00  2.002212e+01  1.545000e+00
     vertex  2.726169e+00  1.989369e+01  1.545000e+00
     vertex  2.845736e+00  1.972788e+01  1.545000e+00
   endloop
 endfacet
 facet normal  0.000000e+00  0.000000e+00  1.000000e+00
   outer loop
     vertex  3.691690e+00  1.975990e+01  1.545000e+00
     vertex  3.624764e+00  1.972788e+01  1.545000e+00
     vertex  3.660238e+00  1.973969e+01  1.545000e+00
   endloop
 endfacet
 facet normal  0.000000e+00  0.000000e+00  1.000000e+00
   outer loop
     vertex  3.744331e+00  1.985631e+01  1.545000e+00
     vertex  3.717167e+00  1.978727e+01  1.545000e+00
     vertex  3.735085e+00  1.982008e+01  1.545000e+00
   endloop
 endfacet
 facet normal  0.000000e+00  0.000000e+00  1.000000e+00
   outer loop
     vertex  3.744331e+00  1.989369e+01  1.545000e+00
     vertex  3.691690e+00  1.975990e+01  1.545000e+00
     vertex  3.717167e+00  1.978727e+01  1.545000e+00
   endloop
 endfacet
 facet normal  0.000000e+00  0.000000e+00  1.000000e+00
   outer loop
     vertex  3.744331e+00  1.989369e+01  1.545000e+00
     vertex  3.624764e+00  1.972788e+01  1.545000e+00
     vertex  3.691690e+00  1.975990e+01  1.545000e+00
   endloop
 endfacet
 facet normal  0.000000e+00  0.000000e+00  1.000000e+00
   outer loop
     vertex  3.744331e+00  1.989369e+01  1.545000e+00
     vertex  3.717167e+00  1.978727e+01  1.545000e+00
     vertex  3.744331e+00  1.985631e+01  1.545000e+00
   endloop
 endfacet
 facet normal  0.000000e+00  0.000000e+00  1.000000e+00
   outer loop
     vertex  3.624764e+00  2.002212e+01  1.545000e+00
     vertex  2.845736e+00  1.972788e+01  1.545000e+00
     vertex  3.624764e+00  1.972788e+01  1.545000e+00
   endloop
 endfacet
 facet normal  0.000000e+00  0.000000e+00  1.000000e+00
   outer loop
     vertex  3.624764e+00  2.002212e+01  1.545000e+00
     vertex  2.845736e+00  2.002212e+01  1.545000e+00
     vertex  2.845736e+00  1.972788e+01  1.545000e+00
   endloop
 endfacet
 facet normal  0.000000e+00  0.000000e+00  1.000000e+00
   outer loop
     vertex  3.691690e+00  1.999010e+01  1.545000e+00
     vertex  3.660238e+00  2.001031e+01  1.545000e+00
     vertex  3.624764e+00  2.002212e+01  1.545000e+00
   endloop
 endfacet
 facet normal  0.000000e+00  0.000000e+00  1.000000e+00
   outer loop
     vertex  3.691690e+00  1.999010e+01  1.545000e+00
     vertex  3.735085e+00  1.992992e+01  1.545000e+00
     vertex  3.717167e+00  1.996273e+01  1.545000e+00
   endloop
 endfacet
 facet normal  0.000000e+00  0.000000e+00  1.000000e+00
   outer loop
     vertex  3.691690e+00  1.999010e+01  1.545000e+00
     vertex  3.744331e+00  1.989369e+01  1.545000e+00
     vertex  3.735085e+00  1.992992e+01  1.545000e+00
   endloop
 endfacet
 facet normal  0.000000e+00  0.000000e+00  1.000000e+00
   outer loop
     vertex  3.691690e+00  1.999010e+01  1.545000e+00
     vertex  3.624764e+00  2.002212e+01  1.545000e+00
     vertex  3.624764e+00  1.972788e+01  1.545000e+00
   endloop
 endfacet
 facet normal  0.000000e+00  0.000000e+00  1.000000e+00
   outer loop
     vertex  3.691690e+00  1.999010e+01  1.545000e+00
     vertex  3.624764e+00  1.972788e+01  1.545000e+00
     vertex  3.744331e+00  1.989369e+01  1.545000e+00
   endloop
 endfacet
 facet normal -3.158019e-01 -9.488251e-01  0.000000e+00
   outer loop
     vertex -6.473815e-02  2.168969e+01  1.510000e+00
     vertex -2.926400e-02  2.167788e+01  1.510000e+00
     vertex -2.926400e-02  2.167788e+01  1.545000e+00
   endloop
 endfacet
 facet normal -3.158019e-01 -9.488251e-01  0.000000e+00
   outer loop
     vertex -6.473815e-02  2.168969e+01  1.510000e+00
     vertex -2.926400e-02  2.167788e+01  1.545000e+00
     vertex -6.473815e-02  2.168969e+01  1.545000e+00
   endloop
 endfacet
 facet normal -5.406425e-01 -8.412525e-01  0.000000e+00
   outer loop
     vertex -9.619044e-02  2.170990e+01  1.510000e+00
     vertex -6.473815e-02  2.168969e+01  1.545000e+00
     vertex -9.619044e-02  2.170990e+01  1.545000e+00
   endloop
 endfacet
 facet normal -5.406425e-01 -8.412525e-01  0.000000e+00
   outer loop
     vertex -9.619044e-02  2.170990e+01  1.510000e+00
     vertex -6.473815e-02  2.168969e+01  1.510000e+00
     vertex -6.473815e-02  2.168969e+01  1.545000e+00
   endloop
 endfacet
 facet normal -7.318955e-01 -6.814169e-01  0.000000e+00
   outer loop
     vertex -1.216669e-01  2.173727e+01  1.510000e+00
     vertex -9.619044e-02  2.170990e+01  1.545000e+00
     vertex -1.216669e-01  2.173727e+01  1.545000e+00
   endloop
 endfacet
 facet normal -7.318955e-01 -6.814169e-01  0.000000e+00
   outer loop
     vertex -1.216669e-01  2.173727e+01  1.510000e+00
     vertex -9.619044e-02  2.170990e+01  1.510000e+00
     vertex -9.619044e-02  2.170990e+01  1.545000e+00
   endloop
 endfacet
 facet normal -8.776795e-01 -4.792481e-01  0.000000e+00
   outer loop
     vertex -1.395847e-01  2.177008e+01  1.510000e+00
     vertex -1.216669e-01  2.173727e+01  1.545000e+00
     vertex -1.395847e-01  2.177008e+01  1.545000e+00
   endloop
 endfacet
 facet normal -8.776795e-01 -4.792481e-01  0.000000e+00
   outer loop
     vertex -1.395847e-01  2.177008e+01  1.510000e+00
     vertex -1.216669e-01  2.173727e+01  1.510000e+00
     vertex -1.216669e-01  2.173727e+01  1.545000e+00
   endloop
 endfacet
 facet normal -9.689374e-01 -2.473060e-01  0.000000e+00
   outer loop
     vertex -1.488309e-01  2.180631e+01  1.510000e+00
     vertex -1.395847e-01  2.177008e+01  1.545000e+00
     vertex -1.488309e-01  2.180631e+01  1.545000e+00
   endloop
 endfacet
 facet normal -9.689374e-01 -2.473060e-01  0.000000e+00
   outer loop
     vertex -1.488309e-01  2.180631e+01  1.510000e+00
     vertex -1.395847e-01  2.177008e+01  1.510000e+00
     vertex -1.395847e-01  2.177008e+01  1.545000e+00
   endloop
 endfacet
 facet normal -1.000000e+00  0.000000e+00  0.000000e+00
   outer loop
     vertex -1.488309e-01  2.184369e+01  1.510000e+00
     vertex -1.488309e-01  2.180631e+01  1.545000e+00
     vertex -1.488309e-01  2.184369e+01  1.545000e+00
   endloop
 endfacet
 facet normal -1.000000e+00  0.000000e+00  0.000000e+00
   outer loop
     vertex -1.488309e-01  2.184369e+01  1.510000e+00
     vertex -1.488309e-01  2.180631e+01  1.510000e+00
     vertex -1.488309e-01  2.180631e+01  1.545000e+00
   endloop
 endfacet
 facet normal -9.689374e-01  2.473060e-01  0.000000e+00
   outer loop
     vertex -1.395847e-01  2.187992e+01  1.510000e+00
     vertex -1.488309e-01  2.184369e+01  1.545000e+00
     vertex -1.395847e-01  2.187992e+01  1.545000e+00
   endloop
 endfacet
 facet normal -9.689374e-01  2.473060e-01  0.000000e+00
   outer loop
     vertex -1.395847e-01  2.187992e+01  1.510000e+00
     vertex -1.488309e-01  2.184369e+01  1.510000e+00
     vertex -1.488309e-01  2.184369e+01  1.545000e+00
   endloop
 endfacet
 facet normal -8.776795e-01  4.792481e-01  0.000000e+00
   outer loop
     vertex -1.216669e-01  2.191273e+01  1.510000e+00
     vertex -1.395847e-01  2.187992e+01  1.545000e+00
     vertex -1.216669e-01  2.191273e+01  1.545000e+00
   endloop
 endfacet
 facet normal -8.776795e-01  4.792481e-01  0.000000e+00
   outer loop
     vertex -1.216669e-01  2.191273e+01  1.510000e+00
     vertex -1.395847e-01  2.187992e+01  1.510000e+00
     vertex -1.395847e-01  2.187992e+01  1.545000e+00
   endloop
 endfacet
 facet normal -7.318955e-01  6.814169e-01  0.000000e+00
   outer loop
     vertex -9.619044e-02  2.194010e+01  1.510000e+00
     vertex -1.216669e-01  2.191273e+01  1.545000e+00
     vertex -9.619044e-02  2.194010e+01  1.545000e+00
   endloop
 endfacet
 facet normal -7.318955e-01  6.814169e-01  0.000000e+00
   outer loop
     vertex -9.619044e-02  2.194010e+01  1.510000e+00
     vertex -1.216669e-01  2.191273e+01  1.510000e+00
     vertex -1.216669e-01  2.191273e+01  1.545000e+00
   endloop
 endfacet
 facet normal -5.406425e-01  8.412525e-01  0.000000e+00
   outer loop
     vertex -6.473815e-02  2.196031e+01  1.510000e+00
     vertex -9.619044e-02  2.194010e+01  1.545000e+00
     vertex -6.473815e-02  2.196031e+01  1.545000e+00
   endloop
 endfacet
 facet normal -5.406425e-01  8.412525e-01  0.000000e+00
   outer loop
     vertex -6.473815e-02  2.196031e+01  1.510000e+00
     vertex -9.619044e-02  2.194010e+01  1.510000e+00
     vertex -9.619044e-02  2.194010e+01  1.545000e+00
   endloop
 endfacet
 facet normal -3.158019e-01  9.488251e-01  0.000000e+00
   outer loop
     vertex -2.926400e-02  2.197212e+01  1.510000e+00
     vertex -6.473815e-02  2.196031e+01  1.545000e+00
     vertex -2.926400e-02  2.197212e+01  1.545000e+00
   endloop
 endfacet
 facet normal -3.158019e-01  9.488251e-01  0.000000e+00
   outer loop
     vertex -2.926400e-02  2.197212e+01  1.510000e+00
     vertex -6.473815e-02  2.196031e+01  1.510000e+00
     vertex -6.473815e-02  2.196031e+01  1.545000e+00
   endloop
 endfacet
 facet normal  0.000000e+00  1.000000e+00  0.000000e+00
   outer loop
     vertex  1.954264e+00  2.197212e+01  1.510000e+00
     vertex -2.926400e-02  2.197212e+01  1.510000e+00
     vertex -2.926400e-02  2.197212e+01  1.545000e+00
   endloop
 endfacet
 facet normal  0.000000e+00  1.000000e+00 -0.000000e+00
   outer loop
     vertex  1.954264e+00  2.197212e+01  1.510000e+00
     vertex -2.926400e-02  2.197212e+01  1.545000e+00
     vertex  1.954264e+00  2.197212e+01  1.545000e+00
   endloop
 endfacet
 facet normal  3.826843e-01  9.238792e-01  0.000000e+00
   outer loop
     vertex  2.008335e+00  2.194972e+01  1.510000e+00
     vertex  1.954264e+00  2.197212e+01  1.510000e+00
     vertex  1.954264e+00  2.197212e+01  1.545000e+00
   endloop
 endfacet
 facet normal  3.826843e-01  9.238792e-01 -0.000000e+00
   outer loop
     vertex  2.008335e+00  2.194972e+01  1.510000e+00
     vertex  1.954264e+00  2.197212e+01  1.545000e+00
     vertex  2.008335e+00  2.194972e+01  1.545000e+00
   endloop
 endfacet
 facet normal  7.049742e-01  7.092330e-01  0.000000e+00
   outer loop
     vertex  2.687132e+00  2.127500e+01  1.510000e+00
     vertex  2.008335e+00  2.194972e+01  1.510000e+00
     vertex  2.008335e+00  2.194972e+01  1.545000e+00
   endloop
 endfacet
 facet normal  7.049742e-01  7.092330e-01 -0.000000e+00
   outer loop
     vertex  2.687132e+00  2.127500e+01  1.510000e+00
     vertex  2.008335e+00  2.194972e+01  1.545000e+00
     vertex  2.687132e+00  2.127500e+01  1.545000e+00
   endloop
 endfacet
 facet normal  3.073686e-03  9.999953e-01  0.000000e+00
   outer loop
     vertex  3.624764e+00  2.127212e+01  1.510000e+00
     vertex  2.687132e+00  2.127500e+01  1.510000e+00
     vertex  2.687132e+00  2.127500e+01  1.545000e+00
   endloop
 endfacet
 facet normal  3.073686e-03  9.999953e-01 -0.000000e+00
   outer loop
     vertex  3.624764e+00  2.127212e+01  1.510000e+00
     vertex  2.687132e+00  2.127500e+01  1.545000e+00
     vertex  3.624764e+00  2.127212e+01  1.545000e+00
   endloop
 endfacet
 facet normal  3.158019e-01  9.488251e-01  0.000000e+00
   outer loop
     vertex  3.660238e+00  2.126031e+01  1.510000e+00
     vertex  3.624764e+00  2.127212e+01  1.510000e+00
     vertex  3.624764e+00  2.127212e+01  1.545000e+00
   endloop
 endfacet
 facet normal  3.158019e-01  9.488251e-01 -0.000000e+00
   outer loop
     vertex  3.660238e+00  2.126031e+01  1.510000e+00
     vertex  3.624764e+00  2.127212e+01  1.545000e+00
     vertex  3.660238e+00  2.126031e+01  1.545000e+00
   endloop
 endfacet
 facet normal  5.406425e-01  8.412525e-01 -0.000000e+00
   outer loop
     vertex  3.691690e+00  2.124010e+01  1.510000e+00
     vertex  3.660238e+00  2.126031e+01  1.545000e+00
     vertex  3.691690e+00  2.124010e+01  1.545000e+00
   endloop
 endfacet
 facet normal  5.406425e-01  8.412525e-01  0.000000e+00
   outer loop
     vertex  3.691690e+00  2.124010e+01  1.510000e+00
     vertex  3.660238e+00  2.126031e+01  1.510000e+00
     vertex  3.660238e+00  2.126031e+01  1.545000e+00
   endloop
 endfacet
 facet normal  7.318955e-01  6.814169e-01 -0.000000e+00
   outer loop
     vertex  3.717167e+00  2.121273e+01  1.510000e+00
     vertex  3.691690e+00  2.124010e+01  1.545000e+00
     vertex  3.717167e+00  2.121273e+01  1.545000e+00
   endloop
 endfacet
 facet normal  7.318955e-01  6.814169e-01  0.000000e+00
   outer loop
     vertex  3.717167e+00  2.121273e+01  1.510000e+00
     vertex  3.691690e+00  2.124010e+01  1.510000e+00
     vertex  3.691690e+00  2.124010e+01  1.545000e+00
   endloop
 endfacet
 facet normal  8.776795e-01  4.792481e-01 -0.000000e+00
   outer loop
     vertex  3.735085e+00  2.117992e+01  1.510000e+00
     vertex  3.717167e+00  2.121273e+01  1.545000e+00
     vertex  3.735085e+00  2.117992e+01  1.545000e+00
   endloop
 endfacet
 facet normal  8.776795e-01  4.792481e-01  0.000000e+00
   outer loop
     vertex  3.735085e+00  2.117992e+01  1.510000e+00
     vertex  3.717167e+00  2.121273e+01  1.510000e+00
     vertex  3.717167e+00  2.121273e+01  1.545000e+00
   endloop
 endfacet
 facet normal  9.689374e-01  2.473060e-01 -0.000000e+00
   outer loop
     vertex  3.744331e+00  2.114369e+01  1.510000e+00
     vertex  3.735085e+00  2.117992e+01  1.545000e+00
     vertex  3.744331e+00  2.114369e+01  1.545000e+00
   endloop
 endfacet
 facet normal  9.689374e-01  2.473060e-01  0.000000e+00
   outer loop
     vertex  3.744331e+00  2.114369e+01  1.510000e+00
     vertex  3.735085e+00  2.117992e+01  1.510000e+00
     vertex  3.735085e+00  2.117992e+01  1.545000e+00
   endloop
 endfacet
 facet normal  1.000000e+00  0.000000e+00  0.000000e+00
   outer loop
     vertex  3.744331e+00  2.110631e+01  1.510000e+00
     vertex  3.744331e+00  2.114369e+01  1.545000e+00
     vertex  3.744331e+00  2.110631e+01  1.545000e+00
   endloop
 endfacet
 facet normal  1.000000e+00  0.000000e+00  0.000000e+00
   outer loop
     vertex  3.744331e+00  2.110631e+01  1.510000e+00
     vertex  3.744331e+00  2.114369e+01  1.510000e+00
     vertex  3.744331e+00  2.114369e+01  1.545000e+00
   endloop
 endfacet
 facet normal  9.689374e-01 -2.473060e-01  0.000000e+00
   outer loop
     vertex  3.735085e+00  2.107008e+01  1.510000e+00
     vertex  3.744331e+00  2.110631e+01  1.545000e+00
     vertex  3.735085e+00  2.107008e+01  1.545000e+00
   endloop
 endfacet
 facet normal  9.689374e-01 -2.473060e-01  0.000000e+00
   outer loop
     vertex  3.735085e+00  2.107008e+01  1.510000e+00
     vertex  3.744331e+00  2.110631e+01  1.510000e+00
     vertex  3.744331e+00  2.110631e+01  1.545000e+00
   endloop
 endfacet
 facet normal  8.776795e-01 -4.792481e-01  0.000000e+00
   outer loop
     vertex  3.717167e+00  2.103727e+01  1.510000e+00
     vertex  3.735085e+00  2.107008e+01  1.545000e+00
     vertex  3.717167e+00  2.103727e+01  1.545000e+00
   endloop
 endfacet
 facet normal  8.776795e-01 -4.792481e-01  0.000000e+00
   outer loop
     vertex  3.717167e+00  2.103727e+01  1.510000e+00
     vertex  3.735085e+00  2.107008e+01  1.510000e+00
     vertex  3.735085e+00  2.107008e+01  1.545000e+00
   endloop
 endfacet
 facet normal  7.318955e-01 -6.814169e-01  0.000000e+00
   outer loop
     vertex  3.691690e+00  2.100990e+01  1.510000e+00
     vertex  3.717167e+00  2.103727e+01  1.545000e+00
     vertex  3.691690e+00  2.100990e+01  1.545000e+00
   endloop
 endfacet
 facet normal  7.318955e-01 -6.814169e-01  0.000000e+00
   outer loop
     vertex  3.691690e+00  2.100990e+01  1.510000e+00
     vertex  3.717167e+00  2.103727e+01  1.510000e+00
     vertex  3.717167e+00  2.103727e+01  1.545000e+00
   endloop
 endfacet
 facet normal  5.406425e-01 -8.412525e-01  0.000000e+00
   outer loop
     vertex  3.660238e+00  2.098969e+01  1.510000e+00
     vertex  3.691690e+00  2.100990e+01  1.545000e+00
     vertex  3.660238e+00  2.098969e+01  1.545000e+00
   endloop
 endfacet
 facet normal  5.406425e-01 -8.412525e-01  0.000000e+00
   outer loop
     vertex  3.660238e+00  2.098969e+01  1.510000e+00
     vertex  3.691690e+00  2.100990e+01  1.510000e+00
     vertex  3.691690e+00  2.100990e+01  1.545000e+00
   endloop
 endfacet
 facet normal  3.158019e-01 -9.488251e-01  0.000000e+00
   outer loop
     vertex  3.624764e+00  2.097788e+01  1.510000e+00
     vertex  3.660238e+00  2.098969e+01  1.545000e+00
     vertex  3.624764e+00  2.097788e+01  1.545000e+00
   endloop
 endfacet
 facet normal  3.158019e-01 -9.488251e-01  0.000000e+00
   outer loop
     vertex  3.624764e+00  2.097788e+01  1.510000e+00
     vertex  3.660238e+00  2.098969e+01  1.510000e+00
     vertex  3.660238e+00  2.098969e+01  1.545000e+00
   endloop
 endfacet
 facet normal  0.000000e+00 -1.000000e+00  0.000000e+00
   outer loop
     vertex  2.595736e+00  2.097788e+01  1.510000e+00
     vertex  3.624764e+00  2.097788e+01  1.510000e+00
     vertex  3.624764e+00  2.097788e+01  1.545000e+00
   endloop
 endfacet
 facet normal  0.000000e+00 -1.000000e+00  0.000000e+00
   outer loop
     vertex  2.595736e+00  2.097788e+01  1.510000e+00
     vertex  3.624764e+00  2.097788e+01  1.545000e+00
     vertex  2.595736e+00  2.097788e+01  1.545000e+00
   endloop
 endfacet
 facet normal -3.826782e-01 -9.238817e-01  0.000000e+00
   outer loop
     vertex  2.541664e+00  2.100028e+01  1.510000e+00
     vertex  2.595736e+00  2.097788e+01  1.510000e+00
     vertex  2.595736e+00  2.097788e+01  1.545000e+00
   endloop
 endfacet
 facet normal -3.826782e-01 -9.238817e-01  0.000000e+00
   outer loop
     vertex  2.541664e+00  2.100028e+01  1.510000e+00
     vertex  2.595736e+00  2.097788e+01  1.545000e+00
     vertex  2.541664e+00  2.100028e+01  1.545000e+00
   endloop
 endfacet
 facet normal -7.049747e-01 -7.092324e-01  0.000000e+00
   outer loop
     vertex  1.862868e+00  2.167500e+01  1.510000e+00
     vertex  2.541664e+00  2.100028e+01  1.510000e+00
     vertex  2.541664e+00  2.100028e+01  1.545000e+00
   endloop
 endfacet
 facet normal -7.049747e-01 -7.092324e-01  0.000000e+00
   outer loop
     vertex  1.862868e+00  2.167500e+01  1.510000e+00
     vertex  2.541664e+00  2.100028e+01  1.545000e+00
     vertex  1.862868e+00  2.167500e+01  1.545000e+00
   endloop
 endfacet
 facet normal -1.523148e-03 -9.999988e-01  0.000000e+00
   outer loop
     vertex -2.926400e-02  2.167788e+01  1.510000e+00
     vertex  1.862868e+00  2.167500e+01  1.510000e+00
     vertex  1.862868e+00  2.167500e+01  1.545000e+00
   endloop
 endfacet
 facet normal -1.523148e-03 -9.999988e-01  0.000000e+00
   outer loop
     vertex -2.926400e-02  2.167788e+01  1.510000e+00
     vertex  1.862868e+00  2.167500e+01  1.545000e+00
     vertex -2.926400e-02  2.167788e+01  1.545000e+00
   endloop
 endfacet
 facet normal  0.000000e+00  0.000000e+00 -1.000000e+00
   outer loop
     vertex -2.926400e-02  2.167788e+01  1.510000e+00
     vertex -6.473815e-02  2.168969e+01  1.510000e+00
     vertex -9.619044e-02  2.170990e+01  1.510000e+00
   endloop
 endfacet
 facet normal  0.000000e+00  0.000000e+00 -1.000000e+00
   outer loop
     vertex -1.488309e-01  2.180631e+01  1.510000e+00
     vertex -9.619044e-02  2.170990e+01  1.510000e+00
     vertex -1.216669e-01  2.173727e+01  1.510000e+00
   endloop
 endfacet
 facet normal  0.000000e+00  0.000000e+00 -1.000000e+00
   outer loop
     vertex -1.488309e-01  2.180631e+01  1.510000e+00
     vertex -1.216669e-01  2.173727e+01  1.510000e+00
     vertex -1.395847e-01  2.177008e+01  1.510000e+00
   endloop
 endfacet
 facet normal  0.000000e+00  0.000000e+00 -1.000000e+00
   outer loop
     vertex -1.488309e-01  2.184369e+01  1.510000e+00
     vertex -9.619044e-02  2.170990e+01  1.510000e+00
     vertex -1.488309e-01  2.180631e+01  1.510000e+00
   endloop
 endfacet
 facet normal  0.000000e+00  0.000000e+00 -1.000000e+00
   outer loop
     vertex -9.619044e-02  2.194010e+01  1.510000e+00
     vertex -1.488309e-01  2.184369e+01  1.510000e+00
     vertex -1.395847e-01  2.187992e+01  1.510000e+00
   endloop
 endfacet
 facet normal  0.000000e+00  0.000000e+00 -1.000000e+00
   outer loop
     vertex -9.619044e-02  2.194010e+01  1.510000e+00
     vertex -1.395847e-01  2.187992e+01  1.510000e+00
     vertex -1.216669e-01  2.191273e+01  1.510000e+00
   endloop
 endfacet
 facet normal  0.000000e+00  0.000000e+00 -1.000000e+00
   outer loop
     vertex -2.926400e-02  2.197212e+01  1.510000e+00
     vertex -9.619044e-02  2.194010e+01  1.510000e+00
     vertex -6.473815e-02  2.196031e+01  1.510000e+00
   endloop
 endfacet
 facet normal  0.000000e+00  0.000000e+00 -1.000000e+00
   outer loop
     vertex -2.926400e-02  2.197212e+01  1.510000e+00
     vertex -1.488309e-01  2.184369e+01  1.510000e+00
     vertex -9.619044e-02  2.194010e+01  1.510000e+00
   endloop
 endfacet
 facet normal  0.000000e+00  0.000000e+00 -1.000000e+00
   outer loop
     vertex -2.926400e-02  2.197212e+01  1.510000e+00
     vertex -2.926400e-02  2.167788e+01  1.510000e+00
     vertex -9.619044e-02  2.170990e+01  1.510000e+00
   endloop
 endfacet
 facet normal  0.000000e+00  0.000000e+00 -1.000000e+00
   outer loop
     vertex -2.926400e-02  2.197212e+01  1.510000e+00
     vertex -9.619044e-02  2.170990e+01  1.510000e+00
     vertex -1.488309e-01  2.184369e+01  1.510000e+00
   endloop
 endfacet
 facet normal  0.000000e+00  0.000000e+00 -1.000000e+00
   outer loop
     vertex  1.862868e+00  2.167500e+01  1.510000e+00
     vertex -2.926400e-02  2.167788e+01  1.510000e+00
     vertex -2.926400e-02  2.197212e+01  1.510000e+00
   endloop
 endfacet
 facet normal -0.000000e+00  0.000000e+00 -1.000000e+00
   outer loop
     vertex  1.954264e+00  2.197212e+01  1.510000e+00
     vertex  1.862868e+00  2.167500e+01  1.510000e+00
     vertex -2.926400e-02  2.197212e+01  1.510000e+00
   endloop
 endfacet
 facet normal -0.000000e+00  0.000000e+00 -1.000000e+00
   outer loop
     vertex  2.008335e+00  2.194972e+01  1.510000e+00
     vertex  1.862868e+00  2.167500e+01  1.510000e+00
     vertex  1.954264e+00  2.197212e+01  1.510000e+00
   endloop
 endfacet
 facet normal -0.000000e+00  0.000000e+00 -1.000000e+00
   outer loop
     vertex  2.687132e+00  2.127500e+01  1.510000e+00
     vertex  2.541664e+00  2.100028e+01  1.510000e+00
     vertex  1.862868e+00  2.167500e+01  1.510000e+00
   endloop
 endfacet
 facet normal  0.000000e+00  0.000000e+00 -1.000000e+00
   outer loop
     vertex  2.687132e+00  2.127500e+01  1.510000e+00
     vertex  2.595736e+00  2.097788e+01  1.510000e+00
     vertex  2.541664e+00  2.100028e+01  1.510000e+00
   endloop
 endfacet
 facet normal  0.000000e+00  0.000000e+00 -1.000000e+00
   outer loop
     vertex  2.687132e+00  2.127500e+01  1.510000e+00
     vertex  1.862868e+00  2.167500e+01  1.510000e+00
     vertex  2.008335e+00  2.194972e+01  1.510000e+00
   endloop
 endfacet
 facet normal  0.000000e+00  0.000000e+00 -1.000000e+00
   outer loop
     vertex  3.624764e+00  2.097788e+01  1.510000e+00
     vertex  2.595736e+00  2.097788e+01  1.510000e+00
     vertex  2.687132e+00  2.127500e+01  1.510000e+00
   endloop
 endfacet
 facet normal  0.000000e+00  0.000000e+00 -1.000000e+00
   outer loop
     vertex  3.691690e+00  2.100990e+01  1.510000e+00
     vertex  3.660238e+00  2.098969e+01  1.510000e+00
     vertex  3.624764e+00  2.097788e+01  1.510000e+00
   endloop
 endfacet
 facet normal  0.000000e+00  0.000000e+00 -1.000000e+00
   outer loop
     vertex  3.735085e+00  2.107008e+01  1.510000e+00
     vertex  3.717167e+00  2.103727e+01  1.510000e+00
     vertex  3.691690e+00  2.100990e+01  1.510000e+00
   endloop
 endfacet
 facet normal -0.000000e+00 -0.000000e+00 -1.000000e+00
   outer loop
     vertex  3.624764e+00  2.127212e+01  1.510000e+00
     vertex  3.624764e+00  2.097788e+01  1.510000e+00
     vertex  2.687132e+00  2.127500e+01  1.510000e+00
   endloop
 endfacet
 facet normal  0.000000e+00  0.000000e+00 -1.000000e+00
   outer loop
     vertex  3.735085e+00  2.117992e+01  1.510000e+00
     vertex  3.744331e+00  2.114369e+01  1.510000e+00
     vertex  3.744331e+00  2.110631e+01  1.510000e+00
   endloop
 endfacet
 facet normal  0.000000e+00  0.000000e+00 -1.000000e+00
   outer loop
     vertex  3.717167e+00  2.121273e+01  1.510000e+00
     vertex  3.744331e+00  2.110631e+01  1.510000e+00
     vertex  3.735085e+00  2.107008e+01  1.510000e+00
   endloop
 endfacet
 facet normal  0.000000e+00  0.000000e+00 -1.000000e+00
   outer loop
     vertex  3.717167e+00  2.121273e+01  1.510000e+00
     vertex  3.735085e+00  2.117992e+01  1.510000e+00
     vertex  3.744331e+00  2.110631e+01  1.510000e+00
   endloop
 endfacet
 facet normal  0.000000e+00  0.000000e+00 -1.000000e+00
   outer loop
     vertex  3.691690e+00  2.124010e+01  1.510000e+00
     vertex  3.624764e+00  2.127212e+01  1.510000e+00
     vertex  3.660238e+00  2.126031e+01  1.510000e+00
   endloop
 endfacet
 facet normal  0.000000e+00 -0.000000e+00 -1.000000e+00
   outer loop
     vertex  3.691690e+00  2.124010e+01  1.510000e+00
     vertex  3.691690e+00  2.100990e+01  1.510000e+00
     vertex  3.624764e+00  2.097788e+01  1.510000e+00
   endloop
 endfacet
 facet normal  0.000000e+00  0.000000e+00 -1.000000e+00
   outer loop
     vertex  3.691690e+00  2.124010e+01  1.510000e+00
     vertex  3.735085e+00  2.107008e+01  1.510000e+00
     vertex  3.691690e+00  2.100990e+01  1.510000e+00
   endloop
 endfacet
 facet normal -0.000000e+00  0.000000e+00 -1.000000e+00
   outer loop
     vertex  3.691690e+00  2.124010e+01  1.510000e+00
     vertex  3.624764e+00  2.097788e+01  1.510000e+00
     vertex  3.624764e+00  2.127212e+01  1.510000e+00
   endloop
 endfacet
 facet normal  0.000000e+00  0.000000e+00 -1.000000e+00
   outer loop
     vertex  3.691690e+00  2.124010e+01  1.510000e+00
     vertex  3.717167e+00  2.121273e+01  1.510000e+00
     vertex  3.735085e+00  2.107008e+01  1.510000e+00
   endloop
 endfacet
 facet normal  0.000000e+00  0.000000e+00  1.000000e+00
   outer loop
     vertex -2.926400e-02  2.167788e+01  1.545000e+00
     vertex -9.619044e-02  2.170990e+01  1.545000e+00
     vertex -6.473815e-02  2.168969e+01  1.545000e+00
   endloop
 endfacet
 facet normal  0.000000e+00  0.000000e+00  1.000000e+00
   outer loop
     vertex -1.488309e-01  2.180631e+01  1.545000e+00
     vertex -1.216669e-01  2.173727e+01  1.545000e+00
     vertex -9.619044e-02  2.170990e+01  1.545000e+00
   endloop
 endfacet
 facet normal  0.000000e+00  0.000000e+00  1.000000e+00
   outer loop
     vertex -1.488309e-01  2.180631e+01  1.545000e+00
     vertex -1.395847e-01  2.177008e+01  1.545000e+00
     vertex -1.216669e-01  2.173727e+01  1.545000e+00
   endloop
 endfacet
 facet normal  0.000000e+00  0.000000e+00  1.000000e+00
   outer loop
     vertex -1.488309e-01  2.184369e+01  1.545000e+00
     vertex -1.488309e-01  2.180631e+01  1.545000e+00
     vertex -9.619044e-02  2.170990e+01  1.545000e+00
   endloop
 endfacet
 facet normal  0.000000e+00  0.000000e+00  1.000000e+00
   outer loop
     vertex -9.619044e-02  2.194010e+01  1.545000e+00
     vertex -1.395847e-01  2.187992e+01  1.545000e+00
     vertex -1.488309e-01  2.184369e+01  1.545000e+00
   endloop
 endfacet
 facet normal  0.000000e+00  0.000000e+00  1.000000e+00
   outer loop
     vertex -9.619044e-02  2.194010e+01  1.545000e+00
     vertex -1.216669e-01  2.191273e+01  1.545000e+00
     vertex -1.395847e-01  2.187992e+01  1.545000e+00
   endloop
 endfacet
 facet normal  0.000000e+00  0.000000e+00  1.000000e+00
   outer loop
     vertex -2.926400e-02  2.197212e+01  1.545000e+00
     vertex -6.473815e-02  2.196031e+01  1.545000e+00
     vertex -9.619044e-02  2.194010e+01  1.545000e+00
   endloop
 endfacet
 facet normal  0.000000e+00  0.000000e+00  1.000000e+00
   outer loop
     vertex -2.926400e-02  2.197212e+01  1.545000e+00
     vertex -9.619044e-02  2.194010e+01  1.545000e+00
     vertex -1.488309e-01  2.184369e+01  1.545000e+00
   endloop
 endfacet
 facet normal  0.000000e+00  0.000000e+00  1.000000e+00
   outer loop
     vertex -2.926400e-02  2.197212e+01  1.545000e+00
     vertex -9.619044e-02  2.170990e+01  1.545000e+00
     vertex -2.926400e-02  2.167788e+01  1.545000e+00
   endloop
 endfacet
 facet normal  0.000000e+00  0.000000e+00  1.000000e+00
   outer loop
     vertex -2.926400e-02  2.197212e+01  1.545000e+00
     vertex -1.488309e-01  2.184369e+01  1.545000e+00
     vertex -9.619044e-02  2.170990e+01  1.545000e+00
   endloop
 endfacet
 facet normal  0.000000e+00  0.000000e+00  1.000000e+00
   outer loop
     vertex  1.862868e+00  2.167500e+01  1.545000e+00
     vertex -2.926400e-02  2.197212e+01  1.545000e+00
     vertex -2.926400e-02  2.167788e+01  1.545000e+00
   endloop
 endfacet
 facet normal  0.000000e+00  0.000000e+00  1.000000e+00
   outer loop
     vertex  1.954264e+00  2.197212e+01  1.545000e+00
     vertex -2.926400e-02  2.197212e+01  1.545000e+00
     vertex  1.862868e+00  2.167500e+01  1.545000e+00
   endloop
 endfacet
 facet normal  0.000000e+00  0.000000e+00  1.000000e+00
   outer loop
     vertex  2.008335e+00  2.194972e+01  1.545000e+00
     vertex  1.954264e+00  2.197212e+01  1.545000e+00
     vertex  1.862868e+00  2.167500e+01  1.545000e+00
   endloop
 endfacet
 facet normal  0.000000e+00  0.000000e+00  1.000000e+00
   outer loop
     vertex  2.687132e+00  2.127500e+01  1.545000e+00
     vertex  1.862868e+00  2.167500e+01  1.545000e+00
     vertex  2.541664e+00  2.100028e+01  1.545000e+00
   endloop
 endfacet
 facet normal  0.000000e+00  0.000000e+00  1.000000e+00
   outer loop
     vertex  2.687132e+00  2.127500e+01  1.545000e+00
     vertex  2.541664e+00  2.100028e+01  1.545000e+00
     vertex  2.595736e+00  2.097788e+01  1.545000e+00
   endloop
 endfacet
 facet normal  0.000000e+00  0.000000e+00  1.000000e+00
   outer loop
     vertex  2.687132e+00  2.127500e+01  1.545000e+00
     vertex  2.008335e+00  2.194972e+01  1.545000e+00
     vertex  1.862868e+00  2.167500e+01  1.545000e+00
   endloop
 endfacet
 facet normal  0.000000e+00  0.000000e+00  1.000000e+00
   outer loop
     vertex  3.624764e+00  2.097788e+01  1.545000e+00
     vertex  2.687132e+00  2.127500e+01  1.545000e+00
     vertex  2.595736e+00  2.097788e+01  1.545000e+00
   endloop
 endfacet
 facet normal  0.000000e+00  0.000000e+00  1.000000e+00
   outer loop
     vertex  3.691690e+00  2.100990e+01  1.545000e+00
     vertex  3.624764e+00  2.097788e+01  1.545000e+00
     vertex  3.660238e+00  2.098969e+01  1.545000e+00
   endloop
 endfacet
 facet normal  0.000000e+00  0.000000e+00  1.000000e+00
   outer loop
     vertex  3.735085e+00  2.107008e+01  1.545000e+00
     vertex  3.691690e+00  2.100990e+01  1.545000e+00
     vertex  3.717167e+00  2.103727e+01  1.545000e+00
   endloop
 endfacet
 facet normal  0.000000e+00  0.000000e+00  1.000000e+00
   outer loop
     vertex  3.624764e+00  2.127212e+01  1.545000e+00
     vertex  2.687132e+00  2.127500e+01  1.545000e+00
     vertex  3.624764e+00  2.097788e+01  1.545000e+00
   endloop
 endfacet
 facet normal  0.000000e+00  0.000000e+00  1.000000e+00
   outer loop
     vertex  3.735085e+00  2.117992e+01  1.545000e+00
     vertex  3.744331e+00  2.110631e+01  1.545000e+00
     vertex  3.744331e+00  2.114369e+01  1.545000e+00
   endloop
 endfacet
 facet normal  0.000000e+00  0.000000e+00  1.000000e+00
   outer loop
     vertex  3.717167e+00  2.121273e+01  1.545000e+00
     vertex  3.735085e+00  2.107008e+01  1.545000e+00
     vertex  3.744331e+00  2.110631e+01  1.545000e+00
   endloop
 endfacet
 facet normal  0.000000e+00  0.000000e+00  1.000000e+00
   outer loop
     vertex  3.717167e+00  2.121273e+01  1.545000e+00
     vertex  3.744331e+00  2.110631e+01  1.545000e+00
     vertex  3.735085e+00  2.117992e+01  1.545000e+00
   endloop
 endfacet
 facet normal  0.000000e+00  0.000000e+00  1.000000e+00
   outer loop
     vertex  3.691690e+00  2.124010e+01  1.545000e+00
     vertex  3.660238e+00  2.126031e+01  1.545000e+00
     vertex  3.624764e+00  2.127212e+01  1.545000e+00
   endloop
 endfacet
 facet normal  0.000000e+00  0.000000e+00  1.000000e+00
   outer loop
     vertex  3.691690e+00  2.124010e+01  1.545000e+00
     vertex  3.624764e+00  2.097788e+01  1.545000e+00
     vertex  3.691690e+00  2.100990e+01  1.545000e+00
   endloop
 endfacet
 facet normal  0.000000e+00  0.000000e+00  1.000000e+00
   outer loop
     vertex  3.691690e+00  2.124010e+01  1.545000e+00
     vertex  3.691690e+00  2.100990e+01  1.545000e+00
     vertex  3.735085e+00  2.107008e+01  1.545000e+00
   endloop
 endfacet
 facet normal  0.000000e+00  0.000000e+00  1.000000e+00
   outer loop
     vertex  3.691690e+00  2.124010e+01  1.545000e+00
     vertex  3.624764e+00  2.127212e+01  1.545000e+00
     vertex  3.624764e+00  2.097788e+01  1.545000e+00
   endloop
 endfacet
 facet normal  0.000000e+00  0.000000e+00  1.000000e+00
   outer loop
     vertex  3.691690e+00  2.124010e+01  1.545000e+00
     vertex  3.735085e+00  2.107008e+01  1.545000e+00
     vertex  3.717167e+00  2.121273e+01  1.545000e+00
   endloop
 endfacet
 facet normal -2.645617e-01  9.643688e-01  0.000000e+00
   outer loop
     vertex  1.193074e+00  9.395929e+00  1.510000e+00
     vertex  1.096926e+00  9.369552e+00  1.510000e+00
     vertex  1.096926e+00  9.369552e+00  1.545000e+00
   endloop
 endfacet
 facet normal -2.645617e-01  9.643688e-01  0.000000e+00
   outer loop
     vertex  1.193074e+00  9.395929e+00  1.510000e+00
     vertex  1.096926e+00  9.369552e+00  1.545000e+00
     vertex  1.193074e+00  9.395929e+00  1.545000e+00
   endloop
 endfacet
 facet normal -1.784918e-02  9.998407e-01  0.000000e+00
   outer loop
     vertex  1.292758e+00  9.397708e+00  1.510000e+00
     vertex  1.193074e+00  9.395929e+00  1.545000e+00
     vertex  1.292758e+00  9.397708e+00  1.545000e+00
   endloop
 endfacet
 facet normal -1.784918e-02  9.998407e-01  0.000000e+00
   outer loop
     vertex  1.292758e+00  9.397708e+00  1.510000e+00
     vertex  1.193074e+00  9.395929e+00  1.510000e+00
     vertex  1.193074e+00  9.395929e+00  1.545000e+00
   endloop
 endfacet
 facet normal  2.299723e-01  9.731972e-01 -0.000000e+00
   outer loop
     vertex  1.389785e+00  9.374780e+00  1.510000e+00
     vertex  1.292758e+00  9.397708e+00  1.545000e+00
     vertex  1.389785e+00  9.374780e+00  1.545000e+00
   endloop
 endfacet
 facet normal  2.299723e-01  9.731972e-01  0.000000e+00
   outer loop
     vertex  1.389785e+00  9.374780e+00  1.510000e+00
     vertex  1.292758e+00  9.397708e+00  1.510000e+00
     vertex  1.292758e+00  9.397708e+00  1.545000e+00
   endloop
 endfacet
 facet normal  4.635066e-01  8.860935e-01 -0.000000e+00
   outer loop
     vertex  1.478129e+00  9.328569e+00  1.510000e+00
     vertex  1.389785e+00  9.374780e+00  1.545000e+00
     vertex  1.478129e+00  9.328569e+00  1.545000e+00
   endloop
 endfacet
 facet normal  4.635066e-01  8.860935e-01  0.000000e+00
   outer loop
     vertex  1.478129e+00  9.328569e+00  1.510000e+00
     vertex  1.389785e+00  9.374780e+00  1.510000e+00
     vertex  1.389785e+00  9.374780e+00  1.545000e+00
   endloop
 endfacet
 facet normal  6.682454e-01  7.439409e-01 -0.000000e+00
   outer loop
     vertex  1.552300e+00  9.261945e+00  1.510000e+00
     vertex  1.478129e+00  9.328569e+00  1.545000e+00
     vertex  1.552300e+00  9.261945e+00  1.545000e+00
   endloop
 endfacet
 facet normal  6.682454e-01  7.439409e-01  0.000000e+00
   outer loop
     vertex  1.552300e+00  9.261945e+00  1.510000e+00
     vertex  1.478129e+00  9.328569e+00  1.510000e+00
     vertex  1.478129e+00  9.328569e+00  1.545000e+00
   endloop
 endfacet
 facet normal  8.314693e-01  5.555708e-01 -0.000000e+00
   outer loop
     vertex  1.607690e+00  9.179047e+00  1.510000e+00
     vertex  1.552300e+00  9.261945e+00  1.545000e+00
     vertex  1.607690e+00  9.179047e+00  1.545000e+00
   endloop
 endfacet
 facet normal  8.314693e-01  5.555708e-01  0.000000e+00
   outer loop
     vertex  1.607690e+00  9.179047e+00  1.510000e+00
     vertex  1.552300e+00  9.261945e+00  1.510000e+00
     vertex  1.552300e+00  9.261945e+00  1.545000e+00
   endloop
 endfacet
 facet normal  9.430378e-01  3.326856e-01 -0.000000e+00
   outer loop
     vertex  1.640859e+00  9.085026e+00  1.510000e+00
     vertex  1.607690e+00  9.179047e+00  1.545000e+00
     vertex  1.640859e+00  9.085026e+00  1.545000e+00
   endloop
 endfacet
 facet normal  9.430378e-01  3.326856e-01  0.000000e+00
   outer loop
     vertex  1.640859e+00  9.085026e+00  1.510000e+00
     vertex  1.607690e+00  9.179047e+00  1.510000e+00
     vertex  1.607690e+00  9.179047e+00  1.545000e+00
   endloop
 endfacet
 facet normal  9.960198e-01  8.913221e-02 -0.000000e+00
   outer loop
     vertex  1.649745e+00  8.985723e+00  1.510000e+00
     vertex  1.640859e+00  9.085026e+00  1.545000e+00
     vertex  1.649745e+00  8.985723e+00  1.545000e+00
   endloop
 endfacet
 facet normal  9.960198e-01  8.913221e-02  0.000000e+00
   outer loop
     vertex  1.649745e+00  8.985723e+00  1.510000e+00
     vertex  1.640859e+00  9.085026e+00  1.510000e+00
     vertex  1.640859e+00  9.085026e+00  1.545000e+00
   endloop
 endfacet
 facet normal  9.871237e-01 -1.599585e-01  0.000000e+00
   outer loop
     vertex  1.633797e+00  8.887307e+00  1.510000e+00
     vertex  1.649745e+00  8.985723e+00  1.545000e+00
     vertex  1.633797e+00  8.887307e+00  1.545000e+00
   endloop
 endfacet
 facet normal  9.871237e-01 -1.599585e-01  0.000000e+00
   outer loop
     vertex  1.633797e+00  8.887307e+00  1.510000e+00
     vertex  1.649745e+00  8.985723e+00  1.510000e+00
     vertex  1.649745e+00  8.985723e+00  1.545000e+00
   endloop
 endfacet
 facet normal  9.169023e-01 -3.991118e-01  0.000000e+00
   outer loop
     vertex  1.594006e+00  8.795892e+00  1.510000e+00
     vertex  1.633797e+00  8.887307e+00  1.545000e+00
     vertex  1.594006e+00  8.795892e+00  1.545000e+00
   endloop
 endfacet
 facet normal  9.169023e-01 -3.991118e-01  0.000000e+00
   outer loop
     vertex  1.594006e+00  8.795892e+00  1.510000e+00
     vertex  1.633797e+00  8.887307e+00  1.510000e+00
     vertex  1.633797e+00  8.887307e+00  1.545000e+00
   endloop
 endfacet
 facet normal  7.897179e-01 -6.134701e-01  0.000000e+00
   outer loop
     vertex  1.532843e+00  8.717157e+00  1.510000e+00
     vertex  1.594006e+00  8.795892e+00  1.545000e+00
     vertex  1.532843e+00  8.717157e+00  1.545000e+00
   endloop
 endfacet
 facet normal  7.897179e-01 -6.134701e-01  0.000000e+00
   outer loop
     vertex  1.532843e+00  8.717157e+00  1.510000e+00
     vertex  1.594006e+00  8.795892e+00  1.510000e+00
     vertex  1.594006e+00  8.795892e+00  1.545000e+00
   endloop
 endfacet
 facet normal  7.071068e-01 -7.071068e-01  0.000000e+00
   outer loop
     vertex  1.150000e+00  8.334314e+00  1.510000e+00
     vertex  1.532843e+00  8.717157e+00  1.510000e+00
     vertex  1.532843e+00  8.717157e+00  1.545000e+00
   endloop
 endfacet
 facet normal  7.071068e-01 -7.071068e-01  0.000000e+00
   outer loop
     vertex  1.150000e+00  8.334314e+00  1.510000e+00
     vertex  1.532843e+00  8.717157e+00  1.545000e+00
     vertex  1.150000e+00  8.334314e+00  1.545000e+00
   endloop
 endfacet
 facet normal  1.000000e+00  0.000000e+00  0.000000e+00
   outer loop
     vertex  1.150000e+00  5.225000e+00  1.510000e+00
     vertex  1.150000e+00  8.334314e+00  1.510000e+00
     vertex  1.150000e+00  8.334314e+00  1.545000e+00
   endloop
 endfacet
 facet normal  1.000000e+00  0.000000e+00  0.000000e+00
   outer loop
     vertex  1.150000e+00  5.225000e+00  1.510000e+00
     vertex  1.150000e+00  8.334314e+00  1.545000e+00
     vertex  1.150000e+00  5.225000e+00  1.545000e+00
   endloop
 endfacet
 facet normal  2.089516e-03  9.999978e-01  0.000000e+00
   outer loop
     vertex  2.529264e+00  5.222118e+00  1.510000e+00
     vertex  1.150000e+00  5.225000e+00  1.510000e+00
     vertex  1.150000e+00  5.225000e+00  1.545000e+00
   endloop
 endfacet
 facet normal  2.089516e-03  9.999978e-01 -0.000000e+00
   outer loop
     vertex  2.529264e+00  5.222118e+00  1.510000e+00
     vertex  1.150000e+00  5.225000e+00  1.545000e+00
     vertex  2.529264e+00  5.222118e+00  1.545000e+00
   endloop
 endfacet
 facet normal  3.158019e-01  9.488251e-01  0.000000e+00
   outer loop
     vertex  2.564738e+00  5.210311e+00  1.510000e+00
     vertex  2.529264e+00  5.222118e+00  1.510000e+00
     vertex  2.529264e+00  5.222118e+00  1.545000e+00
   endloop
 endfacet
 facet normal  3.158019e-01  9.488251e-01 -0.000000e+00
   outer loop
     vertex  2.564738e+00  5.210311e+00  1.510000e+00
     vertex  2.529264e+00  5.222118e+00  1.545000e+00
     vertex  2.564738e+00  5.210311e+00  1.545000e+00
   endloop
 endfacet
 facet normal  5.406425e-01  8.412525e-01 -0.000000e+00
   outer loop
     vertex  2.596190e+00  5.190098e+00  1.510000e+00
     vertex  2.564738e+00  5.210311e+00  1.545000e+00
     vertex  2.596190e+00  5.190098e+00  1.545000e+00
   endloop
 endfacet
 facet normal  5.406425e-01  8.412525e-01  0.000000e+00
   outer loop
     vertex  2.596190e+00  5.190098e+00  1.510000e+00
     vertex  2.564738e+00  5.210311e+00  1.510000e+00
     vertex  2.564738e+00  5.210311e+00  1.545000e+00
   endloop
 endfacet
 facet normal  7.318955e-01  6.814169e-01 -0.000000e+00
   outer loop
     vertex  2.621667e+00  5.162734e+00  1.510000e+00
     vertex  2.596190e+00  5.190098e+00  1.545000e+00
     vertex  2.621667e+00  5.162734e+00  1.545000e+00
   endloop
 endfacet
 facet normal  7.318955e-01  6.814169e-01  0.000000e+00
   outer loop
     vertex  2.621667e+00  5.162734e+00  1.510000e+00
     vertex  2.596190e+00  5.190098e+00  1.510000e+00
     vertex  2.596190e+00  5.190098e+00  1.545000e+00
   endloop
 endfacet
 facet normal  8.776795e-01  4.792481e-01 -0.000000e+00
   outer loop
     vertex  2.639585e+00  5.129920e+00  1.510000e+00
     vertex  2.621667e+00  5.162734e+00  1.545000e+00
     vertex  2.639585e+00  5.129920e+00  1.545000e+00
   endloop
 endfacet
 facet normal  8.776795e-01  4.792481e-01  0.000000e+00
   outer loop
     vertex  2.639585e+00  5.129920e+00  1.510000e+00
     vertex  2.621667e+00  5.162734e+00  1.510000e+00
     vertex  2.621667e+00  5.162734e+00  1.545000e+00
   endloop
 endfacet
 facet normal  9.689374e-01  2.473060e-01 -0.000000e+00
   outer loop
     vertex  2.648831e+00  5.093694e+00  1.510000e+00
     vertex  2.639585e+00  5.129920e+00  1.545000e+00
     vertex  2.648831e+00  5.093694e+00  1.545000e+00
   endloop
 endfacet
 facet normal  9.689374e-01  2.473060e-01  0.000000e+00
   outer loop
     vertex  2.648831e+00  5.093694e+00  1.510000e+00
     vertex  2.639585e+00  5.129920e+00  1.510000e+00
     vertex  2.639585e+00  5.129920e+00  1.545000e+00
   endloop
 endfacet
 facet normal  1.000000e+00  0.000000e+00  0.000000e+00
   outer loop
     vertex  2.648831e+00  5.056306e+00  1.510000e+00
     vertex  2.648831e+00  5.093694e+00  1.545000e+00
     vertex  2.648831e+00  5.056306e+00  1.545000e+00
   endloop
 endfacet
 facet normal  1.000000e+00  0.000000e+00  0.000000e+00
   outer loop
     vertex  2.648831e+00  5.056306e+00  1.510000e+00
     vertex  2.648831e+00  5.093694e+00  1.510000e+00
     vertex  2.648831e+00  5.093694e+00  1.545000e+00
   endloop
 endfacet
 facet normal  9.689374e-01 -2.473060e-01  0.000000e+00
   outer loop
     vertex  2.639585e+00  5.020080e+00  1.510000e+00
     vertex  2.648831e+00  5.056306e+00  1.545000e+00
     vertex  2.639585e+00  5.020080e+00  1.545000e+00
   endloop
 endfacet
 facet normal  9.689374e-01 -2.473060e-01  0.000000e+00
   outer loop
     vertex  2.639585e+00  5.020080e+00  1.510000e+00
     vertex  2.648831e+00  5.056306e+00  1.510000e+00
     vertex  2.648831e+00  5.056306e+00  1.545000e+00
   endloop
 endfacet
 facet normal  8.776795e-01 -4.792481e-01  0.000000e+00
   outer loop
     vertex  2.621667e+00  4.987266e+00  1.510000e+00
     vertex  2.639585e+00  5.020080e+00  1.545000e+00
     vertex  2.621667e+00  4.987266e+00  1.545000e+00
   endloop
 endfacet
 facet normal  8.776795e-01 -4.792481e-01  0.000000e+00
   outer loop
     vertex  2.621667e+00  4.987266e+00  1.510000e+00
     vertex  2.639585e+00  5.020080e+00  1.510000e+00
     vertex  2.639585e+00  5.020080e+00  1.545000e+00
   endloop
 endfacet
 facet normal  7.318955e-01 -6.814169e-01  0.000000e+00
   outer loop
     vertex  2.596190e+00  4.959902e+00  1.510000e+00
     vertex  2.621667e+00  4.987266e+00  1.545000e+00
     vertex  2.596190e+00  4.959902e+00  1.545000e+00
   endloop
 endfacet
 facet normal  7.318955e-01 -6.814169e-01  0.000000e+00
   outer loop
     vertex  2.596190e+00  4.959902e+00  1.510000e+00
     vertex  2.621667e+00  4.987266e+00  1.510000e+00
     vertex  2.621667e+00  4.987266e+00  1.545000e+00
   endloop
 endfacet
 facet normal  5.406425e-01 -8.412525e-01  0.000000e+00
   outer loop
     vertex  2.564738e+00  4.939689e+00  1.510000e+00
     vertex  2.596190e+00  4.959902e+00  1.545000e+00
     vertex  2.564738e+00  4.939689e+00  1.545000e+00
   endloop
 endfacet
 facet normal  5.406425e-01 -8.412525e-01  0.000000e+00
   outer loop
     vertex  2.564738e+00  4.939689e+00  1.510000e+00
     vertex  2.596190e+00  4.959902e+00  1.510000e+00
     vertex  2.596190e+00  4.959902e+00  1.545000e+00
   endloop
 endfacet
 facet normal  3.158019e-01 -9.488251e-01  0.000000e+00
   outer loop
     vertex  2.529264e+00  4.927882e+00  1.510000e+00
     vertex  2.564738e+00  4.939689e+00  1.545000e+00
     vertex  2.529264e+00  4.927882e+00  1.545000e+00
   endloop
 endfacet
 facet normal  3.158019e-01 -9.488251e-01  0.000000e+00
   outer loop
     vertex  2.529264e+00  4.927882e+00  1.510000e+00
     vertex  2.564738e+00  4.939689e+00  1.510000e+00
     vertex  2.564738e+00  4.939689e+00  1.545000e+00
   endloop
 endfacet
 facet normal  2.089516e-03 -9.999978e-01  0.000000e+00
   outer loop
     vertex  1.150000e+00  4.925000e+00  1.510000e+00
     vertex  2.529264e+00  4.927882e+00  1.510000e+00
     vertex  2.529264e+00  4.927882e+00  1.545000e+00
   endloop
 endfacet
 facet normal  2.089516e-03 -9.999978e-01  0.000000e+00
   outer loop
     vertex  1.150000e+00  4.925000e+00  1.510000e+00
     vertex  2.529264e+00  4.927882e+00  1.545000e+00
     vertex  1.150000e+00  4.925000e+00  1.545000e+00
   endloop
 endfacet
 facet normal  1.000000e+00  0.000000e+00  0.000000e+00
   outer loop
     vertex  1.150000e+00 -2.500000e-01  1.510000e+00
     vertex  1.150000e+00  4.925000e+00  1.510000e+00
     vertex  1.150000e+00  4.925000e+00  1.545000e+00
   endloop
 endfacet
 facet normal  1.000000e+00  0.000000e+00  0.000000e+00
   outer loop
     vertex  1.150000e+00 -2.500000e-01  1.510000e+00
     vertex  1.150000e+00  4.925000e+00  1.545000e+00
     vertex  1.150000e+00 -2.500000e-01  1.545000e+00
   endloop
 endfacet
 facet normal  9.951850e-01 -9.801395e-02  0.000000e+00
   outer loop
     vertex  1.142314e+00 -3.280362e-01  1.510000e+00
     vertex  1.150000e+00 -2.500000e-01  1.510000e+00
     vertex  1.150000e+00 -2.500000e-01  1.545000e+00
   endloop
 endfacet
 facet normal  9.951850e-01 -9.801395e-02  0.000000e+00
   outer loop
     vertex  1.142314e+00 -3.280362e-01  1.510000e+00
     vertex  1.150000e+00 -2.500000e-01  1.545000e+00
     vertex  1.142314e+00 -3.280362e-01  1.545000e+00
   endloop
 endfacet
 facet normal  9.569409e-01 -2.902829e-01  0.000000e+00
   outer loop
     vertex  1.119552e+00 -4.030736e-01  1.510000e+00
     vertex  1.142314e+00 -3.280362e-01  1.545000e+00
     vertex  1.119552e+00 -4.030736e-01  1.545000e+00
   endloop
 endfacet
 facet normal  9.569409e-01 -2.902829e-01  0.000000e+00
   outer loop
     vertex  1.119552e+00 -4.030736e-01  1.510000e+00
     vertex  1.142314e+00 -3.280362e-01  1.510000e+00
     vertex  1.142314e+00 -3.280362e-01  1.545000e+00
   endloop
 endfacet
 facet normal  8.819215e-01 -4.713962e-01  0.000000e+00
   outer loop
     vertex  1.082588e+00 -4.722284e-01  1.510000e+00
     vertex  1.119552e+00 -4.030736e-01  1.545000e+00
     vertex  1.082588e+00 -4.722284e-01  1.545000e+00
   endloop
 endfacet
 facet normal  8.819215e-01 -4.713962e-01  0.000000e+00
   outer loop
     vertex  1.082588e+00 -4.722284e-01  1.510000e+00
     vertex  1.119552e+00 -4.030736e-01  1.510000e+00
     vertex  1.119552e+00 -4.030736e-01  1.545000e+00
   endloop
 endfacet
 facet normal  7.730100e-01 -6.343939e-01  0.000000e+00
   outer loop
     vertex  1.032843e+00 -5.328430e-01  1.510000e+00
     vertex  1.082588e+00 -4.722284e-01  1.545000e+00
     vertex  1.032843e+00 -5.328430e-01  1.545000e+00
   endloop
 endfacet
 facet normal  7.730100e-01 -6.343939e-01  0.000000e+00
   outer loop
     vertex  1.032843e+00 -5.328430e-01  1.510000e+00
     vertex  1.082588e+00 -4.722284e-01  1.510000e+00
     vertex  1.082588e+00 -4.722284e-01  1.545000e+00
   endloop
 endfacet
 facet normal  7.071067e-01 -7.071069e-01  0.000000e+00
   outer loop
     vertex -3.632427e+00 -5.198112e+00  1.510000e+00
     vertex  1.032843e+00 -5.328430e-01  1.510000e+00
     vertex  1.032843e+00 -5.328430e-01  1.545000e+00
   endloop
 endfacet
 facet normal  7.071067e-01 -7.071069e-01  0.000000e+00
   outer loop
     vertex -3.632427e+00 -5.198112e+00  1.510000e+00
     vertex  1.032843e+00 -5.328430e-01  1.545000e+00
     vertex -3.632427e+00 -5.198112e+00  1.545000e+00
   endloop
 endfacet
 facet normal -8.910200e-01 -4.539640e-01  0.000000e+00
   outer loop
     vertex -3.646469e+00 -5.170551e+00  1.510000e+00
     vertex -3.632427e+00 -5.198112e+00  1.510000e+00
     vertex -3.632427e+00 -5.198112e+00  1.545000e+00
   endloop
 endfacet
 facet normal -8.910200e-01 -4.539640e-01  0.000000e+00
   outer loop
     vertex -3.646469e+00 -5.170551e+00  1.510000e+00
     vertex -3.632427e+00 -5.198112e+00  1.545000e+00
     vertex -3.646469e+00 -5.170551e+00  1.545000e+00
   endloop
 endfacet
 facet normal -8.090179e-01 -5.877840e-01  0.000000e+00
   outer loop
     vertex -3.792886e+00 -4.969025e+00  1.510000e+00
     vertex -3.646469e+00 -5.170551e+00  1.510000e+00
     vertex -3.646469e+00 -5.170551e+00  1.545000e+00
   endloop
 endfacet
 facet normal -8.090179e-01 -5.877840e-01  0.000000e+00
   outer loop
     vertex -3.792886e+00 -4.969025e+00  1.510000e+00
     vertex -3.646469e+00 -5.170551e+00  1.545000e+00
     vertex -3.792886e+00 -4.969025e+00  1.545000e+00
   endloop
 endfacet
 facet normal -7.071068e-01 -7.071068e-01  0.000000e+00
   outer loop
     vertex -3.969026e+00 -4.792885e+00  1.510000e+00
     vertex -3.792886e+00 -4.969025e+00  1.545000e+00
     vertex -3.969026e+00 -4.792885e+00  1.545000e+00
   endloop
 endfacet
 facet normal -7.071068e-01 -7.071068e-01  0.000000e+00
   outer loop
     vertex -3.969026e+00 -4.792885e+00  1.510000e+00
     vertex -3.792886e+00 -4.969025e+00  1.510000e+00
     vertex -3.792886e+00 -4.969025e+00  1.545000e+00
   endloop
 endfacet
 facet normal -5.877840e-01 -8.090179e-01  0.000000e+00
   outer loop
     vertex -4.170552e+00 -4.646468e+00  1.510000e+00
     vertex -3.969026e+00 -4.792885e+00  1.545000e+00
     vertex -4.170552e+00 -4.646468e+00  1.545000e+00
   endloop
 endfacet
 facet normal -5.877840e-01 -8.090179e-01  0.000000e+00
   outer loop
     vertex -4.170552e+00 -4.646468e+00  1.510000e+00
     vertex -3.969026e+00 -4.792885e+00  1.510000e+00
     vertex -3.969026e+00 -4.792885e+00  1.545000e+00
   endloop
 endfacet
 facet normal -4.540028e-01 -8.910003e-01  0.000000e+00
   outer loop
     vertex -4.198112e+00 -4.632425e+00  1.510000e+00
     vertex -4.170552e+00 -4.646468e+00  1.510000e+00
     vertex -4.170552e+00 -4.646468e+00  1.545000e+00
   endloop
 endfacet
 facet normal -4.540028e-01 -8.910003e-01  0.000000e+00
   outer loop
     vertex -4.198112e+00 -4.632425e+00  1.510000e+00
     vertex -4.170552e+00 -4.646468e+00  1.545000e+00
     vertex -4.198112e+00 -4.632425e+00  1.545000e+00
   endloop
 endfacet
 facet normal -7.071067e-01  7.071069e-01  0.000000e+00
   outer loop
     vertex  3.500000e-01 -8.431400e-02  1.510000e+00
     vertex -4.198112e+00 -4.632425e+00  1.510000e+00
     vertex -4.198112e+00 -4.632425e+00  1.545000e+00
   endloop
 endfacet
 facet normal -7.071067e-01  7.071069e-01  0.000000e+00
   outer loop
     vertex  3.500000e-01 -8.431400e-02  1.510000e+00
     vertex -4.198112e+00 -4.632425e+00  1.545000e+00
     vertex  3.500000e-01 -8.431400e-02  1.545000e+00
   endloop
 endfacet
 facet normal -1.000000e+00 -1.293316e-17  0.000000e+00
   outer loop
     vertex  3.500000e-01  8.500000e+00  1.510000e+00
     vertex  3.500000e-01 -8.431400e-02  1.510000e+00
     vertex  3.500000e-01 -8.431400e-02  1.545000e+00
   endloop
 endfacet
 facet normal -1.000000e+00 -1.293316e-17  0.000000e+00
   outer loop
     vertex  3.500000e-01  8.500000e+00  1.510000e+00
     vertex  3.500000e-01 -8.431400e-02  1.545000e+00
     vertex  3.500000e-01  8.500000e+00  1.545000e+00
   endloop
 endfacet
 facet normal -9.951850e-01  9.801395e-02  0.000000e+00
   outer loop
     vertex  3.576856e-01  8.578036e+00  1.510000e+00
     vertex  3.500000e-01  8.500000e+00  1.510000e+00
     vertex  3.500000e-01  8.500000e+00  1.545000e+00
   endloop
 endfacet
 facet normal -9.951850e-01  9.801395e-02  0.000000e+00
   outer loop
     vertex  3.576856e-01  8.578036e+00  1.510000e+00
     vertex  3.500000e-01  8.500000e+00  1.545000e+00
     vertex  3.576856e-01  8.578036e+00  1.545000e+00
   endloop
 endfacet
 facet normal -9.569409e-01  2.902829e-01  0.000000e+00
   outer loop
     vertex  3.804478e-01  8.653074e+00  1.510000e+00
     vertex  3.576856e-01  8.578036e+00  1.545000e+00
     vertex  3.804478e-01  8.653074e+00  1.545000e+00
   endloop
 endfacet
 facet normal -9.569409e-01  2.902829e-01  0.000000e+00
   outer loop
     vertex  3.804478e-01  8.653074e+00  1.510000e+00
     vertex  3.576856e-01  8.578036e+00  1.510000e+00
     vertex  3.576856e-01  8.578036e+00  1.545000e+00
   endloop
 endfacet
 facet normal -8.819215e-01  4.713962e-01  0.000000e+00
   outer loop
     vertex  4.174118e-01  8.722228e+00  1.510000e+00
     vertex  3.804478e-01  8.653074e+00  1.545000e+00
     vertex  4.174118e-01  8.722228e+00  1.545000e+00
   endloop
 endfacet
 facet normal -8.819215e-01  4.713962e-01  0.000000e+00
   outer loop
     vertex  4.174118e-01  8.722228e+00  1.510000e+00
     vertex  3.804478e-01  8.653074e+00  1.510000e+00
     vertex  3.804478e-01  8.653074e+00  1.545000e+00
   endloop
 endfacet
 facet normal -7.730100e-01  6.343939e-01  0.000000e+00
   outer loop
     vertex  4.671570e-01  8.782843e+00  1.510000e+00
     vertex  4.174118e-01  8.722228e+00  1.545000e+00
     vertex  4.671570e-01  8.782843e+00  1.545000e+00
   endloop
 endfacet
 facet normal -7.730100e-01  6.343939e-01  0.000000e+00
   outer loop
     vertex  4.671570e-01  8.782843e+00  1.510000e+00
     vertex  4.174118e-01  8.722228e+00  1.510000e+00
     vertex  4.174118e-01  8.722228e+00  1.545000e+00
   endloop
 endfacet
 facet normal -7.071068e-01  7.071068e-01  0.000000e+00
   outer loop
     vertex  9.671570e-01  9.282843e+00  1.510000e+00
     vertex  4.671570e-01  8.782843e+00  1.510000e+00
     vertex  4.671570e-01  8.782843e+00  1.545000e+00
   endloop
 endfacet
 facet normal -7.071068e-01  7.071068e-01  0.000000e+00
   outer loop
     vertex  9.671570e-01  9.282843e+00  1.510000e+00
     vertex  4.671570e-01  8.782843e+00  1.545000e+00
     vertex  9.671570e-01  9.282843e+00  1.545000e+00
   endloop
 endfacet
 facet normal -6.593404e-01  7.518445e-01  0.000000e+00
   outer loop
     vertex  1.006495e+00  9.317341e+00  1.510000e+00
     vertex  9.671570e-01  9.282843e+00  1.510000e+00
     vertex  9.671570e-01  9.282843e+00  1.545000e+00
   endloop
 endfacet
 facet normal -6.593404e-01  7.518445e-01  0.000000e+00
   outer loop
     vertex  1.006495e+00  9.317341e+00  1.510000e+00
     vertex  9.671570e-01  9.282843e+00  1.545000e+00
     vertex  1.006495e+00  9.317341e+00  1.545000e+00
   endloop
 endfacet
 facet normal -5.000046e-01  8.660228e-01  0.000000e+00
   outer loop
     vertex  1.096926e+00  9.369552e+00  1.510000e+00
     vertex  1.006495e+00  9.317341e+00  1.510000e+00
     vertex  1.006495e+00  9.317341e+00  1.545000e+00
   endloop
 endfacet
 facet normal -5.000046e-01  8.660228e-01  0.000000e+00
   outer loop
     vertex  1.096926e+00  9.369552e+00  1.510000e+00
     vertex  1.006495e+00  9.317341e+00  1.545000e+00
     vertex  1.096926e+00  9.369552e+00  1.545000e+00
   endloop
 endfacet
 facet normal  0.000000e+00  0.000000e+00 -1.000000e+00
   outer loop
     vertex  3.500000e-01 -8.431400e-02  1.510000e+00
     vertex -4.170552e+00 -4.646468e+00  1.510000e+00
     vertex -4.198112e+00 -4.632425e+00  1.510000e+00
   endloop
 endfacet
 facet normal  0.000000e+00  0.000000e+00 -1.000000e+00
   outer loop
     vertex  3.500000e-01 -8.431400e-02  1.510000e+00
     vertex -3.792886e+00 -4.969025e+00  1.510000e+00
     vertex -3.969026e+00 -4.792885e+00  1.510000e+00
   endloop
 endfacet
 facet normal  0.000000e+00  0.000000e+00 -1.000000e+00
   outer loop
     vertex  3.500000e-01 -8.431400e-02  1.510000e+00
     vertex -3.969026e+00 -4.792885e+00  1.510000e+00
     vertex -4.170552e+00 -4.646468e+00  1.510000e+00
   endloop
 endfacet
 facet normal  0.000000e+00  0.000000e+00 -1.000000e+00
   outer loop
     vertex  1.032843e+00 -5.328430e-01  1.510000e+00
     vertex -3.646469e+00 -5.170551e+00  1.510000e+00
     vertex -3.792886e+00 -4.969025e+00  1.510000e+00
   endloop
 endfacet
 facet normal  0.000000e+00  0.000000e+00 -1.000000e+00
   outer loop
     vertex  1.032843e+00 -5.328430e-01  1.510000e+00
     vertex -3.632427e+00 -5.198112e+00  1.510000e+00
     vertex -3.646469e+00 -5.170551e+00  1.510000e+00
   endloop
 endfacet
 facet normal -0.000000e+00  0.000000e+00 -1.000000e+00
   outer loop
     vertex  1.032843e+00 -5.328430e-01  1.510000e+00
     vertex -3.792886e+00 -4.969025e+00  1.510000e+00
     vertex  3.500000e-01 -8.431400e-02  1.510000e+00
   endloop
 endfacet
 facet normal  0.000000e+00  0.000000e+00 -1.000000e+00
   outer loop
     vertex  1.142314e+00 -3.280362e-01  1.510000e+00
     vertex  1.119552e+00 -4.030736e-01  1.510000e+00
     vertex  1.082588e+00 -4.722284e-01  1.510000e+00
   endloop
 endfacet
 facet normal  0.000000e+00  0.000000e+00 -1.000000e+00
   outer loop
     vertex  1.150000e+00 -2.500000e-01  1.510000e+00
     vertex  1.082588e+00 -4.722284e-01  1.510000e+00
     vertex  1.032843e+00 -5.328430e-01  1.510000e+00
   endloop
 endfacet
 facet normal -0.000000e+00  0.000000e+00 -1.000000e+00
   outer loop
     vertex  1.150000e+00 -2.500000e-01  1.510000e+00
     vertex  1.032843e+00 -5.328430e-01  1.510000e+00
     vertex  3.500000e-01 -8.431400e-02  1.510000e+00
   endloop
 endfacet
 facet normal  0.000000e+00  0.000000e+00 -1.000000e+00
   outer loop
     vertex  1.150000e+00 -2.500000e-01  1.510000e+00
     vertex  1.142314e+00 -3.280362e-01  1.510000e+00
     vertex  1.082588e+00 -4.722284e-01  1.510000e+00
   endloop
 endfacet
 facet normal  0.000000e+00 -0.000000e+00 -1.000000e+00
   outer loop
     vertex  1.150000e+00  4.925000e+00  1.510000e+00
     vertex  1.150000e+00 -2.500000e-01  1.510000e+00
     vertex  3.500000e-01 -8.431400e-02  1.510000e+00
   endloop
 endfacet
 facet normal -0.000000e+00  0.000000e+00 -1.000000e+00
   outer loop
     vertex  2.529264e+00  4.927882e+00  1.510000e+00
     vertex  1.150000e+00  4.925000e+00  1.510000e+00
     vertex  1.150000e+00  5.225000e+00  1.510000e+00
   endloop
 endfacet
 facet normal  0.000000e+00  0.000000e+00 -1.000000e+00
   outer loop
     vertex  2.596190e+00  4.959902e+00  1.510000e+00
     vertex  2.564738e+00  4.939689e+00  1.510000e+00
     vertex  2.529264e+00  4.927882e+00  1.510000e+00
   endloop
 endfacet
 facet normal  0.000000e+00  0.000000e+00 -1.000000e+00
   outer loop
     vertex  2.621667e+00  4.987266e+00  1.510000e+00
     vertex  2.596190e+00  4.959902e+00  1.510000e+00
     vertex  2.529264e+00  4.927882e+00  1.510000e+00
   endloop
 endfacet
 facet normal  0.000000e+00  0.000000e+00 -1.000000e+00
   outer loop
     vertex  2.639585e+00  5.020080e+00  1.510000e+00
     vertex  2.621667e+00  4.987266e+00  1.510000e+00
     vertex  2.529264e+00  4.927882e+00  1.510000e+00
   endloop
 endfacet
 facet normal  0.000000e+00  0.000000e+00 -1.000000e+00
   outer loop
     vertex  2.648831e+00  5.056306e+00  1.510000e+00
     vertex  2.639585e+00  5.020080e+00  1.510000e+00
     vertex  2.529264e+00  4.927882e+00  1.510000e+00
   endloop
 endfacet
 facet normal -0.000000e+00 -0.000000e+00 -1.000000e+00
   outer loop
     vertex  2.529264e+00  5.222118e+00  1.510000e+00
     vertex  2.529264e+00  4.927882e+00  1.510000e+00
     vertex  1.150000e+00  5.225000e+00  1.510000e+00
   endloop
 endfacet
 facet normal  0.000000e+00  0.000000e+00 -1.000000e+00
   outer loop
     vertex  2.621667e+00  5.162734e+00  1.510000e+00
     vertex  2.639585e+00  5.129920e+00  1.510000e+00
     vertex  2.648831e+00  5.093694e+00  1.510000e+00
   endloop
 endfacet
 facet normal  0.000000e+00  0.000000e+00 -1.000000e+00
   outer loop
     vertex  2.621667e+00  5.162734e+00  1.510000e+00
     vertex  2.648831e+00  5.093694e+00  1.510000e+00
     vertex  2.648831e+00  5.056306e+00  1.510000e+00
   endloop
 endfacet
 facet normal  0.000000e+00  0.000000e+00 -1.000000e+00
   outer loop
     vertex  2.596190e+00  5.190098e+00  1.510000e+00
     vertex  2.529264e+00  5.222118e+00  1.510000e+00
     vertex  2.564738e+00  5.210311e+00  1.510000e+00
   endloop
 endfacet
 facet normal  0.000000e+00 -0.000000e+00 -1.000000e+00
   outer loop
     vertex  2.596190e+00  5.190098e+00  1.510000e+00
     vertex  2.648831e+00  5.056306e+00  1.510000e+00
     vertex  2.529264e+00  4.927882e+00  1.510000e+00
   endloop
 endfacet
 facet normal -0.000000e+00  0.000000e+00 -1.000000e+00
   outer loop
     vertex  2.596190e+00  5.190098e+00  1.510000e+00
     vertex  2.529264e+00  4.927882e+00  1.510000e+00
     vertex  2.529264e+00  5.222118e+00  1.510000e+00
   endloop
 endfacet
 facet normal  0.000000e+00  0.000000e+00 -1.000000e+00
   outer loop
     vertex  2.596190e+00  5.190098e+00  1.510000e+00
     vertex  2.621667e+00  5.162734e+00  1.510000e+00
     vertex  2.648831e+00  5.056306e+00  1.510000e+00
   endloop
 endfacet
 facet normal  0.000000e+00  0.000000e+00 -1.000000e+00
   outer loop
     vertex  3.500000e-01  8.500000e+00  1.510000e+00
     vertex  1.150000e+00  5.225000e+00  1.510000e+00
     vertex  1.150000e+00  4.925000e+00  1.510000e+00
   endloop
 endfacet
 facet normal  0.000000e+00  0.000000e+00 -1.000000e+00
   outer loop
     vertex  4.174118e-01  8.722228e+00  1.510000e+00
     vertex  3.500000e-01  8.500000e+00  1.510000e+00
     vertex  3.576856e-01  8.578036e+00  1.510000e+00
   endloop
 endfacet
 facet normal  0.000000e+00  0.000000e+00 -1.000000e+00
   outer loop
     vertex  4.174118e-01  8.722228e+00  1.510000e+00
     vertex  3.576856e-01  8.578036e+00  1.510000e+00
     vertex  3.804478e-01  8.653074e+00  1.510000e+00
   endloop
 endfacet
 facet normal  0.000000e+00  0.000000e+00 -1.000000e+00
   outer loop
     vertex  4.671570e-01  8.782843e+00  1.510000e+00
     vertex  3.500000e-01  8.500000e+00  1.510000e+00
     vertex  4.174118e-01  8.722228e+00  1.510000e+00
   endloop
 endfacet
 facet normal  0.000000e+00  0.000000e+00 -1.000000e+00
   outer loop
     vertex  1.150000e+00  8.334314e+00  1.510000e+00
     vertex  3.500000e-01  8.500000e+00  1.510000e+00
     vertex  4.671570e-01  8.782843e+00  1.510000e+00
   endloop
 endfacet
 facet normal -0.000000e+00 -0.000000e+00 -1.000000e+00
   outer loop
     vertex  1.150000e+00  8.334314e+00  1.510000e+00
     vertex  1.150000e+00  5.225000e+00  1.510000e+00
     vertex  3.500000e-01  8.500000e+00  1.510000e+00
   endloop
 endfacet
 facet normal  0.000000e+00 -0.000000e+00 -1.000000e+00
   outer loop
     vertex  9.671570e-01  9.282843e+00  1.510000e+00
     vertex  1.150000e+00  8.334314e+00  1.510000e+00
     vertex  4.671570e-01  8.782843e+00  1.510000e+00
   endloop
 endfacet
 facet normal -0.000000e+00  0.000000e+00 -1.000000e+00
   outer loop
     vertex  1.532843e+00  8.717157e+00  1.510000e+00
     vertex  1.150000e+00  8.334314e+00  1.510000e+00
     vertex  9.671570e-01  9.282843e+00  1.510000e+00
   endloop
 endfacet
 facet normal  0.000000e+00 -0.000000e+00 -1.000000e+00
   outer loop
     vertex  1.006495e+00  9.317341e+00  1.510000e+00
     vertex  1.532843e+00  8.717157e+00  1.510000e+00
     vertex  9.671570e-01  9.282843e+00  1.510000e+00
   endloop
 endfacet
 facet normal -0.000000e+00  0.000000e+00 -1.000000e+00
   outer loop
     vertex  1.594006e+00  8.795892e+00  1.510000e+00
     vertex  1.532843e+00  8.717157e+00  1.510000e+00
     vertex  1.006495e+00  9.317341e+00  1.510000e+00
   endloop
 endfacet
 facet normal -0.000000e+00  0.000000e+00 -1.000000e+00
   outer loop
     vertex  1.633797e+00  8.887307e+00  1.510000e+00
     vertex  1.594006e+00  8.795892e+00  1.510000e+00
     vertex  1.006495e+00  9.317341e+00  1.510000e+00
   endloop
 endfacet
 facet normal  0.000000e+00  0.000000e+00 -1.000000e+00
   outer loop
     vertex  1.193074e+00  9.395929e+00  1.510000e+00
     vertex  1.006495e+00  9.317341e+00  1.510000e+00
     vertex  1.096926e+00  9.369552e+00  1.510000e+00
   endloop
 endfacet
 facet normal -0.000000e+00  0.000000e+00 -1.000000e+00
   outer loop
     vertex  1.649745e+00  8.985723e+00  1.510000e+00
     vertex  1.633797e+00  8.887307e+00  1.510000e+00
     vertex  1.006495e+00  9.317341e+00  1.510000e+00
   endloop
 endfacet
 facet normal  0.000000e+00  0.000000e+00 -1.000000e+00
   outer loop
     vertex  1.292758e+00  9.397708e+00  1.510000e+00
     vertex  1.006495e+00  9.317341e+00  1.510000e+00
     vertex  1.193074e+00  9.395929e+00  1.510000e+00
   endloop
 endfacet
 facet normal -0.000000e+00 -0.000000e+00 -1.000000e+00
   outer loop
     vertex  1.640859e+00  9.085026e+00  1.510000e+00
     vertex  1.649745e+00  8.985723e+00  1.510000e+00
     vertex  1.006495e+00  9.317341e+00  1.510000e+00
   endloop
 endfacet
 facet normal -0.000000e+00  0.000000e+00 -1.000000e+00
   outer loop
     vertex  1.389785e+00  9.374780e+00  1.510000e+00
     vertex  1.006495e+00  9.317341e+00  1.510000e+00
     vertex  1.292758e+00  9.397708e+00  1.510000e+00
   endloop
 endfacet
 facet normal -0.000000e+00 -0.000000e+00 -1.000000e+00
   outer loop
     vertex  1.607690e+00  9.179047e+00  1.510000e+00
     vertex  1.640859e+00  9.085026e+00  1.510000e+00
     vertex  1.006495e+00  9.317341e+00  1.510000e+00
   endloop
 endfacet
 facet normal -0.000000e+00  0.000000e+00 -1.000000e+00
   outer loop
     vertex  1.478129e+00  9.328569e+00  1.510000e+00
     vertex  1.006495e+00  9.317341e+00  1.510000e+00
     vertex  1.389785e+00  9.374780e+00  1.510000e+00
   endloop
 endfacet
 facet normal  0.000000e+00  0.000000e+00 -1.000000e+00
   outer loop
     vertex  1.552300e+00  9.261945e+00  1.510000e+00
     vertex  1.006495e+00  9.317341e+00  1.510000e+00
     vertex  1.478129e+00  9.328569e+00  1.510000e+00
   endloop
 endfacet
 facet normal -0.000000e+00 -0.000000e+00 -1.000000e+00
   outer loop
     vertex  1.552300e+00  9.261945e+00  1.510000e+00
     vertex  1.607690e+00  9.179047e+00  1.510000e+00
     vertex  1.006495e+00  9.317341e+00  1.510000e+00
   endloop
 endfacet
 facet normal  0.000000e+00  0.000000e+00 -1.000000e+00
   outer loop
     vertex  3.500000e-01  8.500000e+00  1.510000e+00
     vertex  1.150000e+00  4.925000e+00  1.510000e+00
     vertex  3.500000e-01 -8.431400e-02  1.510000e+00
   endloop
 endfacet
 facet normal  0.000000e+00  0.000000e+00  1.000000e+00
   outer loop
     vertex  3.500000e-01 -8.431400e-02  1.545000e+00
     vertex -4.198112e+00 -4.632425e+00  1.545000e+00
     vertex -4.170552e+00 -4.646468e+00  1.545000e+00
   endloop
 endfacet
 facet normal  0.000000e+00  0.000000e+00  1.000000e+00
   outer loop
     vertex  3.500000e-01 -8.431400e-02  1.545000e+00
     vertex -3.969026e+00 -4.792885e+00  1.545000e+00
     vertex -3.792886e+00 -4.969025e+00  1.545000e+00
   endloop
 endfacet
 facet normal  0.000000e+00  0.000000e+00  1.000000e+00
   outer loop
     vertex  3.500000e-01 -8.431400e-02  1.545000e+00
     vertex -4.170552e+00 -4.646468e+00  1.545000e+00
     vertex -3.969026e+00 -4.792885e+00  1.545000e+00
   endloop
 endfacet
 facet normal  0.000000e+00  0.000000e+00  1.000000e+00
   outer loop
     vertex  1.032843e+00 -5.328430e-01  1.545000e+00
     vertex -3.792886e+00 -4.969025e+00  1.545000e+00
     vertex -3.646469e+00 -5.170551e+00  1.545000e+00
   endloop
 endfacet
 facet normal  0.000000e+00  0.000000e+00  1.000000e+00
   outer loop
     vertex  1.032843e+00 -5.328430e-01  1.545000e+00
     vertex -3.646469e+00 -5.170551e+00  1.545000e+00
     vertex -3.632427e+00 -5.198112e+00  1.545000e+00
   endloop
 endfacet
 facet normal  0.000000e+00  0.000000e+00  1.000000e+00
   outer loop
     vertex  1.032843e+00 -5.328430e-01  1.545000e+00
     vertex  3.500000e-01 -8.431400e-02  1.545000e+00
     vertex -3.792886e+00 -4.969025e+00  1.545000e+00
   endloop
 endfacet
 facet normal  0.000000e+00  0.000000e+00  1.000000e+00
   outer loop
     vertex  1.142314e+00 -3.280362e-01  1.545000e+00
     vertex  1.082588e+00 -4.722284e-01  1.545000e+00
     vertex  1.119552e+00 -4.030736e-01  1.545000e+00
   endloop
 endfacet
 facet normal  0.000000e+00  0.000000e+00  1.000000e+00
   outer loop
     vertex  1.150000e+00 -2.500000e-01  1.545000e+00
     vertex  1.032843e+00 -5.328430e-01  1.545000e+00
     vertex  1.082588e+00 -4.722284e-01  1.545000e+00
   endloop
 endfacet
 facet normal  0.000000e+00  0.000000e+00  1.000000e+00
   outer loop
     vertex  1.150000e+00 -2.500000e-01  1.545000e+00
     vertex  3.500000e-01 -8.431400e-02  1.545000e+00
     vertex  1.032843e+00 -5.328430e-01  1.545000e+00
   endloop
 endfacet
 facet normal  0.000000e+00  0.000000e+00  1.000000e+00
   outer loop
     vertex  1.150000e+00 -2.500000e-01  1.545000e+00
     vertex  1.082588e+00 -4.722284e-01  1.545000e+00
     vertex  1.142314e+00 -3.280362e-01  1.545000e+00
   endloop
 endfacet
 facet normal  0.000000e+00  0.000000e+00  1.000000e+00
   outer loop
     vertex  1.150000e+00  4.925000e+00  1.545000e+00
     vertex  3.500000e-01 -8.431400e-02  1.545000e+00
     vertex  1.150000e+00 -2.500000e-01  1.545000e+00
   endloop
 endfacet
 facet normal  0.000000e+00  0.000000e+00  1.000000e+00
   outer loop
     vertex  2.529264e+00  4.927882e+00  1.545000e+00
     vertex  1.150000e+00  5.225000e+00  1.545000e+00
     vertex  1.150000e+00  4.925000e+00  1.545000e+00
   endloop
 endfacet
 facet normal  0.000000e+00  0.000000e+00  1.000000e+00
   outer loop
     vertex  2.596190e+00  4.959902e+00  1.545000e+00
     vertex  2.529264e+00  4.927882e+00  1.545000e+00
     vertex  2.564738e+00  4.939689e+00  1.545000e+00
   endloop
 endfacet
 facet normal  0.000000e+00  0.000000e+00  1.000000e+00
   outer loop
     vertex  2.621667e+00  4.987266e+00  1.545000e+00
     vertex  2.529264e+00  4.927882e+00  1.545000e+00
     vertex  2.596190e+00  4.959902e+00  1.545000e+00
   endloop
 endfacet
 facet normal  0.000000e+00  0.000000e+00  1.000000e+00
   outer loop
     vertex  2.639585e+00  5.020080e+00  1.545000e+00
     vertex  2.529264e+00  4.927882e+00  1.545000e+00
     vertex  2.621667e+00  4.987266e+00  1.545000e+00
   endloop
 endfacet
 facet normal  0.000000e+00  0.000000e+00  1.000000e+00
   outer loop
     vertex  2.648831e+00  5.056306e+00  1.545000e+00
     vertex  2.529264e+00  4.927882e+00  1.545000e+00
     vertex  2.639585e+00  5.020080e+00  1.545000e+00
   endloop
 endfacet
 facet normal  0.000000e+00  0.000000e+00  1.000000e+00
   outer loop
     vertex  2.529264e+00  5.222118e+00  1.545000e+00
     vertex  1.150000e+00  5.225000e+00  1.545000e+00
     vertex  2.529264e+00  4.927882e+00  1.545000e+00
   endloop
 endfacet
 facet normal  0.000000e+00  0.000000e+00  1.000000e+00
   outer loop
     vertex  2.621667e+00  5.162734e+00  1.545000e+00
     vertex  2.648831e+00  5.093694e+00  1.545000e+00
     vertex  2.639585e+00  5.129920e+00  1.545000e+00
   endloop
 endfacet
 facet normal  0.000000e+00  0.000000e+00  1.000000e+00
   outer loop
     vertex  2.621667e+00  5.162734e+00  1.545000e+00
     vertex  2.648831e+00  5.056306e+00  1.545000e+00
     vertex  2.648831e+00  5.093694e+00  1.545000e+00
   endloop
 endfacet
 facet normal  0.000000e+00  0.000000e+00  1.000000e+00
   outer loop
     vertex  2.596190e+00  5.190098e+00  1.545000e+00
     vertex  2.564738e+00  5.210311e+00  1.545000e+00
     vertex  2.529264e+00  5.222118e+00  1.545000e+00
   endloop
 endfacet
 facet normal  0.000000e+00  0.000000e+00  1.000000e+00
   outer loop
     vertex  2.596190e+00  5.190098e+00  1.545000e+00
     vertex  2.529264e+00  4.927882e+00  1.545000e+00
     vertex  2.648831e+00  5.056306e+00  1.545000e+00
   endloop
 endfacet
 facet normal  0.000000e+00  0.000000e+00  1.000000e+00
   outer loop
     vertex  2.596190e+00  5.190098e+00  1.545000e+00
     vertex  2.529264e+00  5.222118e+00  1.545000e+00
     vertex  2.529264e+00  4.927882e+00  1.545000e+00
   endloop
 endfacet
 facet normal  0.000000e+00  0.000000e+00  1.000000e+00
   outer loop
     vertex  2.596190e+00  5.190098e+00  1.545000e+00
     vertex  2.648831e+00  5.056306e+00  1.545000e+00
     vertex  2.621667e+00  5.162734e+00  1.545000e+00
   endloop
 endfacet
 facet normal  0.000000e+00  0.000000e+00  1.000000e+00
   outer loop
     vertex  3.500000e-01  8.500000e+00  1.545000e+00
     vertex  1.150000e+00  4.925000e+00  1.545000e+00
     vertex  1.150000e+00  5.225000e+00  1.545000e+00
   endloop
 endfacet
 facet normal  0.000000e+00  0.000000e+00  1.000000e+00
   outer loop
     vertex  4.174118e-01  8.722228e+00  1.545000e+00
     vertex  3.576856e-01  8.578036e+00  1.545000e+00
     vertex  3.500000e-01  8.500000e+00  1.545000e+00
   endloop
 endfacet
 facet normal  0.000000e+00  0.000000e+00  1.000000e+00
   outer loop
     vertex  4.174118e-01  8.722228e+00  1.545000e+00
     vertex  3.804478e-01  8.653074e+00  1.545000e+00
     vertex  3.576856e-01  8.578036e+00  1.545000e+00
   endloop
 endfacet
 facet normal  0.000000e+00  0.000000e+00  1.000000e+00
   outer loop
     vertex  4.671570e-01  8.782843e+00  1.545000e+00
     vertex  4.174118e-01  8.722228e+00  1.545000e+00
     vertex  3.500000e-01  8.500000e+00  1.545000e+00
   endloop
 endfacet
 facet normal  0.000000e+00  0.000000e+00  1.000000e+00
   outer loop
     vertex  1.150000e+00  8.334314e+00  1.545000e+00
     vertex  4.671570e-01  8.782843e+00  1.545000e+00
     vertex  3.500000e-01  8.500000e+00  1.545000e+00
   endloop
 endfacet
 facet normal  0.000000e+00  0.000000e+00  1.000000e+00
   outer loop
     vertex  1.150000e+00  8.334314e+00  1.545000e+00
     vertex  3.500000e-01  8.500000e+00  1.545000e+00
     vertex  1.150000e+00  5.225000e+00  1.545000e+00
   endloop
 endfacet
 facet normal  0.000000e+00  0.000000e+00  1.000000e+00
   outer loop
     vertex  9.671570e-01  9.282843e+00  1.545000e+00
     vertex  4.671570e-01  8.782843e+00  1.545000e+00
     vertex  1.150000e+00  8.334314e+00  1.545000e+00
   endloop
 endfacet
 facet normal  0.000000e+00  0.000000e+00  1.000000e+00
   outer loop
     vertex  1.532843e+00  8.717157e+00  1.545000e+00
     vertex  9.671570e-01  9.282843e+00  1.545000e+00
     vertex  1.150000e+00  8.334314e+00  1.545000e+00
   endloop
 endfacet
 facet normal  0.000000e+00  0.000000e+00  1.000000e+00
   outer loop
     vertex  1.006495e+00  9.317341e+00  1.545000e+00
     vertex  9.671570e-01  9.282843e+00  1.545000e+00
     vertex  1.532843e+00  8.717157e+00  1.545000e+00
   endloop
 endfacet
 facet normal  0.000000e+00  0.000000e+00  1.000000e+00
   outer loop
     vertex  1.594006e+00  8.795892e+00  1.545000e+00
     vertex  1.006495e+00  9.317341e+00  1.545000e+00
     vertex  1.532843e+00  8.717157e+00  1.545000e+00
   endloop
 endfacet
 facet normal  0.000000e+00  0.000000e+00  1.000000e+00
   outer loop
     vertex  1.633797e+00  8.887307e+00  1.545000e+00
     vertex  1.006495e+00  9.317341e+00  1.545000e+00
     vertex  1.594006e+00  8.795892e+00  1.545000e+00
   endloop
 endfacet
 facet normal  0.000000e+00  0.000000e+00  1.000000e+00
   outer loop
     vertex  1.193074e+00  9.395929e+00  1.545000e+00
     vertex  1.096926e+00  9.369552e+00  1.545000e+00
     vertex  1.006495e+00  9.317341e+00  1.545000e+00
   endloop
 endfacet
 facet normal  0.000000e+00  0.000000e+00  1.000000e+00
   outer loop
     vertex  1.649745e+00  8.985723e+00  1.545000e+00
     vertex  1.006495e+00  9.317341e+00  1.545000e+00
     vertex  1.633797e+00  8.887307e+00  1.545000e+00
   endloop
 endfacet
 facet normal  0.000000e+00  0.000000e+00  1.000000e+00
   outer loop
     vertex  1.292758e+00  9.397708e+00  1.545000e+00
     vertex  1.193074e+00  9.395929e+00  1.545000e+00
     vertex  1.006495e+00  9.317341e+00  1.545000e+00
   endloop
 endfacet
 facet normal  0.000000e+00  0.000000e+00  1.000000e+00
   outer loop
     vertex  1.640859e+00  9.085026e+00  1.545000e+00
     vertex  1.006495e+00  9.317341e+00  1.545000e+00
     vertex  1.649745e+00  8.985723e+00  1.545000e+00
   endloop
 endfacet
 facet normal  0.000000e+00  0.000000e+00  1.000000e+00
   outer loop
     vertex  1.389785e+00  9.374780e+00  1.545000e+00
     vertex  1.292758e+00  9.397708e+00  1.545000e+00
     vertex  1.006495e+00  9.317341e+00  1.545000e+00
   endloop
 endfacet
 facet normal  0.000000e+00  0.000000e+00  1.000000e+00
   outer loop
     vertex  1.607690e+00  9.179047e+00  1.545000e+00
     vertex  1.006495e+00  9.317341e+00  1.545000e+00
     vertex  1.640859e+00  9.085026e+00  1.545000e+00
   endloop
 endfacet
 facet normal  0.000000e+00  0.000000e+00  1.000000e+00
   outer loop
     vertex  1.478129e+00  9.328569e+00  1.545000e+00
     vertex  1.389785e+00  9.374780e+00  1.545000e+00
     vertex  1.006495e+00  9.317341e+00  1.545000e+00
   endloop
 endfacet
 facet normal  0.000000e+00  0.000000e+00  1.000000e+00
   outer loop
     vertex  1.552300e+00  9.261945e+00  1.545000e+00
     vertex  1.478129e+00  9.328569e+00  1.545000e+00
     vertex  1.006495e+00  9.317341e+00  1.545000e+00
   endloop
 endfacet
 facet normal  0.000000e+00  0.000000e+00  1.000000e+00
   outer loop
     vertex  1.552300e+00  9.261945e+00  1.545000e+00
     vertex  1.006495e+00  9.317341e+00  1.545000e+00
     vertex  1.607690e+00  9.179047e+00  1.545000e+00
   endloop
 endfacet
 facet normal  0.000000e+00  0.000000e+00  1.000000e+00
   outer loop
     vertex  3.500000e-01  8.500000e+00  1.545000e+00
     vertex  3.500000e-01 -8.431400e-02  1.545000e+00
     vertex  1.150000e+00  4.925000e+00  1.545000e+00
   endloop
 endfacet
 facet normal  1.000000e+00  0.000000e+00  0.000000e+00
   outer loop
     vertex  7.950000e+00  1.025000e+01  1.510000e+00
     vertex  7.950000e+00  1.146478e+01  1.510000e+00
     vertex  7.950000e+00  1.146478e+01  1.545000e+00
   endloop
 endfacet
 facet normal  1.000000e+00  0.000000e+00  0.000000e+00
   outer loop
     vertex  7.950000e+00  1.025000e+01  1.510000e+00
     vertex  7.950000e+00  1.146478e+01  1.545000e+00
     vertex  7.950000e+00  1.025000e+01  1.545000e+00
   endloop
 endfacet
 facet normal  9.914448e-01 -1.305265e-01  0.000000e+00
   outer loop
     vertex  7.943185e+00  1.019824e+01  1.510000e+00
     vertex  7.950000e+00  1.025000e+01  1.510000e+00
     vertex  7.950000e+00  1.025000e+01  1.545000e+00
   endloop
 endfacet
 facet normal  9.914448e-01 -1.305265e-01  0.000000e+00
   outer loop
     vertex  7.943185e+00  1.019824e+01  1.510000e+00
     vertex  7.950000e+00  1.025000e+01  1.545000e+00
     vertex  7.943185e+00  1.019824e+01  1.545000e+00
   endloop
 endfacet
 facet normal  9.238794e-01 -3.826837e-01  0.000000e+00
   outer loop
     vertex  7.923205e+00  1.015000e+01  1.510000e+00
     vertex  7.943185e+00  1.019824e+01  1.545000e+00
     vertex  7.923205e+00  1.015000e+01  1.545000e+00
   endloop
 endfacet
 facet normal  9.238794e-01 -3.826837e-01  0.000000e+00
   outer loop
     vertex  7.923205e+00  1.015000e+01  1.510000e+00
     vertex  7.943185e+00  1.019824e+01  1.510000e+00
     vertex  7.943185e+00  1.019824e+01  1.545000e+00
   endloop
 endfacet
 facet normal  7.933532e-01 -6.087616e-01  0.000000e+00
   outer loop
     vertex  7.891421e+00  1.010858e+01  1.510000e+00
     vertex  7.923205e+00  1.015000e+01  1.545000e+00
     vertex  7.891421e+00  1.010858e+01  1.545000e+00
   endloop
 endfacet
 facet normal  7.933532e-01 -6.087616e-01  0.000000e+00
   outer loop
     vertex  7.891421e+00  1.010858e+01  1.510000e+00
     vertex  7.923205e+00  1.015000e+01  1.510000e+00
     vertex  7.923205e+00  1.015000e+01  1.545000e+00
   endloop
 endfacet
 facet normal  6.087613e-01 -7.933534e-01  0.000000e+00
   outer loop
     vertex  7.850000e+00  1.007679e+01  1.510000e+00
     vertex  7.891421e+00  1.010858e+01  1.545000e+00
     vertex  7.850000e+00  1.007679e+01  1.545000e+00
   endloop
 endfacet
 facet normal  6.087613e-01 -7.933534e-01  0.000000e+00
   outer loop
     vertex  7.850000e+00  1.007679e+01  1.510000e+00
     vertex  7.891421e+00  1.010858e+01  1.510000e+00
     vertex  7.891421e+00  1.010858e+01  1.545000e+00
   endloop
 endfacet
 facet normal  3.826834e-01 -9.238796e-01  0.000000e+00
   outer loop
     vertex  7.801764e+00  1.005681e+01  1.510000e+00
     vertex  7.850000e+00  1.007679e+01  1.545000e+00
     vertex  7.801764e+00  1.005681e+01  1.545000e+00
   endloop
 endfacet
 facet normal  3.826834e-01 -9.238796e-01  0.000000e+00
   outer loop
     vertex  7.801764e+00  1.005681e+01  1.510000e+00
     vertex  7.850000e+00  1.007679e+01  1.510000e+00
     vertex  7.850000e+00  1.007679e+01  1.545000e+00
   endloop
 endfacet
 facet normal  1.305262e-01 -9.914449e-01  0.000000e+00
   outer loop
     vertex  7.750000e+00  1.005000e+01  1.510000e+00
     vertex  7.801764e+00  1.005681e+01  1.545000e+00
     vertex  7.750000e+00  1.005000e+01  1.545000e+00
   endloop
 endfacet
 facet normal  1.305262e-01 -9.914449e-01  0.000000e+00
   outer loop
     vertex  7.750000e+00  1.005000e+01  1.510000e+00
     vertex  7.801764e+00  1.005681e+01  1.510000e+00
     vertex  7.801764e+00  1.005681e+01  1.545000e+00
   endloop
 endfacet
 facet normal -1.305262e-01 -9.914449e-01  0.000000e+00
   outer loop
     vertex  7.698236e+00  1.005681e+01  1.510000e+00
     vertex  7.750000e+00  1.005000e+01  1.545000e+00
     vertex  7.698236e+00  1.005681e+01  1.545000e+00
   endloop
 endfacet
 facet normal -1.305262e-01 -9.914449e-01  0.000000e+00
   outer loop
     vertex  7.698236e+00  1.005681e+01  1.510000e+00
     vertex  7.750000e+00  1.005000e+01  1.510000e+00
     vertex  7.750000e+00  1.005000e+01  1.545000e+00
   endloop
 endfacet
 facet normal -3.826834e-01 -9.238796e-01  0.000000e+00
   outer loop
     vertex  7.650000e+00  1.007679e+01  1.510000e+00
     vertex  7.698236e+00  1.005681e+01  1.545000e+00
     vertex  7.650000e+00  1.007679e+01  1.545000e+00
   endloop
 endfacet
 facet normal -3.826834e-01 -9.238796e-01  0.000000e+00
   outer loop
     vertex  7.650000e+00  1.007679e+01  1.510000e+00
     vertex  7.698236e+00  1.005681e+01  1.510000e+00
     vertex  7.698236e+00  1.005681e+01  1.545000e+00
   endloop
 endfacet
 facet normal -6.087613e-01 -7.933534e-01  0.000000e+00
   outer loop
     vertex  7.608579e+00  1.010858e+01  1.510000e+00
     vertex  7.650000e+00  1.007679e+01  1.545000e+00
     vertex  7.608579e+00  1.010858e+01  1.545000e+00
   endloop
 endfacet
 facet normal -6.087613e-01 -7.933534e-01  0.000000e+00
   outer loop
     vertex  7.608579e+00  1.010858e+01  1.510000e+00
     vertex  7.650000e+00  1.007679e+01  1.510000e+00
     vertex  7.650000e+00  1.007679e+01  1.545000e+00
   endloop
 endfacet
 facet normal -7.933532e-01 -6.087616e-01  0.000000e+00
   outer loop
     vertex  7.576795e+00  1.015000e+01  1.510000e+00
     vertex  7.608579e+00  1.010858e+01  1.545000e+00
     vertex  7.576795e+00  1.015000e+01  1.545000e+00
   endloop
 endfacet
 facet normal -7.933532e-01 -6.087616e-01  0.000000e+00
   outer loop
     vertex  7.576795e+00  1.015000e+01  1.510000e+00
     vertex  7.608579e+00  1.010858e+01  1.510000e+00
     vertex  7.608579e+00  1.010858e+01  1.545000e+00
   endloop
 endfacet
 facet normal -9.238794e-01 -3.826837e-01  0.000000e+00
   outer loop
     vertex  7.556815e+00  1.019824e+01  1.510000e+00
     vertex  7.576795e+00  1.015000e+01  1.545000e+00
     vertex  7.556815e+00  1.019824e+01  1.545000e+00
   endloop
 endfacet
 facet normal -9.238794e-01 -3.826837e-01  0.000000e+00
   outer loop
     vertex  7.556815e+00  1.019824e+01  1.510000e+00
     vertex  7.576795e+00  1.015000e+01  1.510000e+00
     vertex  7.576795e+00  1.015000e+01  1.545000e+00
   endloop
 endfacet
 facet normal -9.914448e-01 -1.305265e-01  0.000000e+00
   outer loop
     vertex  7.550000e+00  1.025000e+01  1.510000e+00
     vertex  7.556815e+00  1.019824e+01  1.545000e+00
     vertex  7.550000e+00  1.025000e+01  1.545000e+00
   endloop
 endfacet
 facet normal -9.914448e-01 -1.305265e-01  0.000000e+00
   outer loop
     vertex  7.550000e+00  1.025000e+01  1.510000e+00
     vertex  7.556815e+00  1.019824e+01  1.510000e+00
     vertex  7.556815e+00  1.019824e+01  1.545000e+00
   endloop
 endfacet
 facet normal -1.000000e+00  0.000000e+00  0.000000e+00
   outer loop
     vertex  7.550000e+00  1.146478e+01  1.510000e+00
     vertex  7.550000e+00  1.025000e+01  1.510000e+00
     vertex  7.550000e+00  1.025000e+01  1.545000e+00
   endloop
 endfacet
 facet normal -1.000000e+00  0.000000e+00  0.000000e+00
   outer loop
     vertex  7.550000e+00  1.146478e+01  1.510000e+00
     vertex  7.550000e+00  1.025000e+01  1.545000e+00
     vertex  7.550000e+00  1.146478e+01  1.545000e+00
   endloop
 endfacet
 facet normal -4.999883e-01 -8.660322e-01  0.000000e+00
   outer loop
     vertex  7.536933e+00  1.147233e+01  1.510000e+00
     vertex  7.550000e+00  1.146478e+01  1.510000e+00
     vertex  7.550000e+00  1.146478e+01  1.545000e+00
   endloop
 endfacet
 facet normal -4.999883e-01 -8.660322e-01  0.000000e+00
   outer loop
     vertex  7.536933e+00  1.147233e+01  1.510000e+00
     vertex  7.550000e+00  1.146478e+01  1.545000e+00
     vertex  7.536933e+00  1.147233e+01  1.545000e+00
   endloop
 endfacet
 facet normal -7.071075e-01 -7.071060e-01  0.000000e+00
   outer loop
     vertex  7.472326e+00  1.153693e+01  1.510000e+00
     vertex  7.536933e+00  1.147233e+01  1.510000e+00
     vertex  7.536933e+00  1.147233e+01  1.545000e+00
   endloop
 endfacet
 facet normal -7.071075e-01 -7.071060e-01  0.000000e+00
   outer loop
     vertex  7.472326e+00  1.153693e+01  1.510000e+00
     vertex  7.536933e+00  1.147233e+01  1.545000e+00
     vertex  7.472326e+00  1.153693e+01  1.545000e+00
   endloop
 endfacet
 facet normal -8.660259e-01 -4.999992e-01  0.000000e+00
   outer loop
     vertex  7.426642e+00  1.161606e+01  1.510000e+00
     vertex  7.472326e+00  1.153693e+01  1.545000e+00
     vertex  7.426642e+00  1.161606e+01  1.545000e+00
   endloop
 endfacet
 facet normal -8.660259e-01 -4.999992e-01  0.000000e+00
   outer loop
     vertex  7.426642e+00  1.161606e+01  1.510000e+00
     vertex  7.472326e+00  1.153693e+01  1.510000e+00
     vertex  7.472326e+00  1.153693e+01  1.545000e+00
   endloop
 endfacet
 facet normal -9.659260e-01 -2.588183e-01  0.000000e+00
   outer loop
     vertex  7.402994e+00  1.170432e+01  1.510000e+00
     vertex  7.426642e+00  1.161606e+01  1.545000e+00
     vertex  7.402994e+00  1.170432e+01  1.545000e+00
   endloop
 endfacet
 facet normal -9.659260e-01 -2.588183e-01  0.000000e+00
   outer loop
     vertex  7.402994e+00  1.170432e+01  1.510000e+00
     vertex  7.426642e+00  1.161606e+01  1.510000e+00
     vertex  7.426642e+00  1.161606e+01  1.545000e+00
   endloop
 endfacet
 facet normal -1.000000e+00  7.000896e-07  0.000000e+00
   outer loop
     vertex  7.402994e+00  1.179568e+01  1.510000e+00
     vertex  7.402994e+00  1.170432e+01  1.545000e+00
     vertex  7.402994e+00  1.179568e+01  1.545000e+00
   endloop
 endfacet
 facet normal -1.000000e+00  7.000896e-07  0.000000e+00
   outer loop
     vertex  7.402994e+00  1.179568e+01  1.510000e+00
     vertex  7.402994e+00  1.170432e+01  1.510000e+00
     vertex  7.402994e+00  1.170432e+01  1.545000e+00
   endloop
 endfacet
 facet normal -9.659257e-01  2.588196e-01  0.000000e+00
   outer loop
     vertex  7.426642e+00  1.188394e+01  1.510000e+00
     vertex  7.402994e+00  1.179568e+01  1.545000e+00
     vertex  7.426642e+00  1.188394e+01  1.545000e+00
   endloop
 endfacet
 facet normal -9.659257e-01  2.588196e-01  0.000000e+00
   outer loop
     vertex  7.426642e+00  1.188394e+01  1.510000e+00
     vertex  7.402994e+00  1.179568e+01  1.510000e+00
     vertex  7.402994e+00  1.179568e+01  1.545000e+00
   endloop
 endfacet
 facet normal -8.660252e-01  5.000004e-01  0.000000e+00
   outer loop
     vertex  7.472326e+00  1.196307e+01  1.510000e+00
     vertex  7.426642e+00  1.188394e+01  1.545000e+00
     vertex  7.472326e+00  1.196307e+01  1.545000e+00
   endloop
 endfacet
 facet normal -8.660252e-01  5.000004e-01  0.000000e+00
   outer loop
     vertex  7.472326e+00  1.196307e+01  1.510000e+00
     vertex  7.426642e+00  1.188394e+01  1.510000e+00
     vertex  7.426642e+00  1.188394e+01  1.545000e+00
   endloop
 endfacet
 facet normal -7.071065e-01  7.071070e-01  0.000000e+00
   outer loop
     vertex  7.536933e+00  1.202767e+01  1.510000e+00
     vertex  7.472326e+00  1.196307e+01  1.545000e+00
     vertex  7.536933e+00  1.202767e+01  1.545000e+00
   endloop
 endfacet
 facet normal -7.071065e-01  7.071070e-01  0.000000e+00
   outer loop
     vertex  7.536933e+00  1.202767e+01  1.510000e+00
     vertex  7.472326e+00  1.196307e+01  1.510000e+00
     vertex  7.472326e+00  1.196307e+01  1.545000e+00
   endloop
 endfacet
 facet normal -4.999998e-01  8.660255e-01  0.000000e+00
   outer loop
     vertex  7.616061e+00  1.207336e+01  1.510000e+00
     vertex  7.536933e+00  1.202767e+01  1.545000e+00
     vertex  7.616061e+00  1.207336e+01  1.545000e+00
   endloop
 endfacet
 facet normal -4.999998e-01  8.660255e-01  0.000000e+00
   outer loop
     vertex  7.616061e+00  1.207336e+01  1.510000e+00
     vertex  7.536933e+00  1.202767e+01  1.510000e+00
     vertex  7.536933e+00  1.202767e+01  1.545000e+00
   endloop
 endfacet
 facet normal -2.588189e-01  9.659259e-01  0.000000e+00
   outer loop
     vertex  7.704316e+00  1.209701e+01  1.510000e+00
     vertex  7.616061e+00  1.207336e+01  1.545000e+00
     vertex  7.704316e+00  1.209701e+01  1.545000e+00
   endloop
 endfacet
 facet normal -2.588189e-01  9.659259e-01  0.000000e+00
   outer loop
     vertex  7.704316e+00  1.209701e+01  1.510000e+00
     vertex  7.616061e+00  1.207336e+01  1.510000e+00
     vertex  7.616061e+00  1.207336e+01  1.545000e+00
   endloop
 endfacet
 facet normal  0.000000e+00  1.000000e+00 -0.000000e+00
   outer loop
     vertex  7.795684e+00  1.209701e+01  1.510000e+00
     vertex  7.704316e+00  1.209701e+01  1.545000e+00
     vertex  7.795684e+00  1.209701e+01  1.545000e+00
   endloop
 endfacet
 facet normal  0.000000e+00  1.000000e+00  0.000000e+00
   outer loop
     vertex  7.795684e+00  1.209701e+01  1.510000e+00
     vertex  7.704316e+00  1.209701e+01  1.510000e+00
     vertex  7.704316e+00  1.209701e+01  1.545000e+00
   endloop
 endfacet
 facet normal  2.588189e-01  9.659259e-01 -0.000000e+00
   outer loop
     vertex  7.883939e+00  1.207336e+01  1.510000e+00
     vertex  7.795684e+00  1.209701e+01  1.545000e+00
     vertex  7.883939e+00  1.207336e+01  1.545000e+00
   endloop
 endfacet
 facet normal  2.588189e-01  9.659259e-01  0.000000e+00
   outer loop
     vertex  7.883939e+00  1.207336e+01  1.510000e+00
     vertex  7.795684e+00  1.209701e+01  1.510000e+00
     vertex  7.795684e+00  1.209701e+01  1.545000e+00
   endloop
 endfacet
 facet normal  4.999998e-01  8.660255e-01 -0.000000e+00
   outer loop
     vertex  7.963067e+00  1.202767e+01  1.510000e+00
     vertex  7.883939e+00  1.207336e+01  1.545000e+00
     vertex  7.963067e+00  1.202767e+01  1.545000e+00
   endloop
 endfacet
 facet normal  4.999998e-01  8.660255e-01  0.000000e+00
   outer loop
     vertex  7.963067e+00  1.202767e+01  1.510000e+00
     vertex  7.883939e+00  1.207336e+01  1.510000e+00
     vertex  7.883939e+00  1.207336e+01  1.545000e+00
   endloop
 endfacet
 facet normal  7.071065e-01  7.071070e-01 -0.000000e+00
   outer loop
     vertex  8.027674e+00  1.196307e+01  1.510000e+00
     vertex  7.963067e+00  1.202767e+01  1.545000e+00
     vertex  8.027674e+00  1.196307e+01  1.545000e+00
   endloop
 endfacet
 facet normal  7.071065e-01  7.071070e-01  0.000000e+00
   outer loop
     vertex  8.027674e+00  1.196307e+01  1.510000e+00
     vertex  7.963067e+00  1.202767e+01  1.510000e+00
     vertex  7.963067e+00  1.202767e+01  1.545000e+00
   endloop
 endfacet
 facet normal  8.660252e-01  5.000004e-01  0.000000e+00
   outer loop
     vertex  8.073358e+00  1.188394e+01  1.510000e+00
     vertex  8.027674e+00  1.196307e+01  1.510000e+00
     vertex  8.027674e+00  1.196307e+01  1.545000e+00
   endloop
 endfacet
 facet normal  8.660252e-01  5.000004e-01 -0.000000e+00
   outer loop
     vertex  8.073358e+00  1.188394e+01  1.510000e+00
     vertex  8.027674e+00  1.196307e+01  1.545000e+00
     vertex  8.073358e+00  1.188394e+01  1.545000e+00
   endloop
 endfacet
 facet normal  9.659257e-01  2.588196e-01  0.000000e+00
   outer loop
     vertex  8.097006e+00  1.179568e+01  1.510000e+00
     vertex  8.073358e+00  1.188394e+01  1.510000e+00
     vertex  8.073358e+00  1.188394e+01  1.545000e+00
   endloop
 endfacet
 facet normal  9.659257e-01  2.588196e-01 -0.000000e+00
   outer loop
     vertex  8.097006e+00  1.179568e+01  1.510000e+00
     vertex  8.073358e+00  1.188394e+01  1.545000e+00
     vertex  8.097006e+00  1.179568e+01  1.545000e+00
   endloop
 endfacet
 facet normal  1.000000e+00  7.000896e-07  0.000000e+00
   outer loop
     vertex  8.097006e+00  1.170432e+01  1.510000e+00
     vertex  8.097006e+00  1.179568e+01  1.510000e+00
     vertex  8.097006e+00  1.179568e+01  1.545000e+00
   endloop
 endfacet
 facet normal  1.000000e+00  7.000896e-07 -0.000000e+00
   outer loop
     vertex  8.097006e+00  1.170432e+01  1.510000e+00
     vertex  8.097006e+00  1.179568e+01  1.545000e+00
     vertex  8.097006e+00  1.170432e+01  1.545000e+00
   endloop
 endfacet
 facet normal  9.659260e-01 -2.588183e-01  0.000000e+00
   outer loop
     vertex  8.073358e+00  1.161606e+01  1.510000e+00
     vertex  8.097006e+00  1.170432e+01  1.510000e+00
     vertex  8.097006e+00  1.170432e+01  1.545000e+00
   endloop
 endfacet
 facet normal  9.659260e-01 -2.588183e-01  0.000000e+00
   outer loop
     vertex  8.073358e+00  1.161606e+01  1.510000e+00
     vertex  8.097006e+00  1.170432e+01  1.545000e+00
     vertex  8.073358e+00  1.161606e+01  1.545000e+00
   endloop
 endfacet
 facet normal  8.660259e-01 -4.999992e-01  0.000000e+00
   outer loop
     vertex  8.027674e+00  1.153693e+01  1.510000e+00
     vertex  8.073358e+00  1.161606e+01  1.510000e+00
     vertex  8.073358e+00  1.161606e+01  1.545000e+00
   endloop
 endfacet
 facet normal  8.660259e-01 -4.999992e-01  0.000000e+00
   outer loop
     vertex  8.027674e+00  1.153693e+01  1.510000e+00
     vertex  8.073358e+00  1.161606e+01  1.545000e+00
     vertex  8.027674e+00  1.153693e+01  1.545000e+00
   endloop
 endfacet
 facet normal  7.071075e-01 -7.071060e-01  0.000000e+00
   outer loop
     vertex  7.963067e+00  1.147233e+01  1.510000e+00
     vertex  8.027674e+00  1.153693e+01  1.545000e+00
     vertex  7.963067e+00  1.147233e+01  1.545000e+00
   endloop
 endfacet
 facet normal  7.071075e-01 -7.071060e-01  0.000000e+00
   outer loop
     vertex  7.963067e+00  1.147233e+01  1.510000e+00
     vertex  8.027674e+00  1.153693e+01  1.510000e+00
     vertex  8.027674e+00  1.153693e+01  1.545000e+00
   endloop
 endfacet
 facet normal  4.999883e-01 -8.660322e-01  0.000000e+00
   outer loop
     vertex  7.950000e+00  1.146478e+01  1.510000e+00
     vertex  7.963067e+00  1.147233e+01  1.510000e+00
     vertex  7.963067e+00  1.147233e+01  1.545000e+00
   endloop
 endfacet
 facet normal  4.999883e-01 -8.660322e-01  0.000000e+00
   outer loop
     vertex  7.950000e+00  1.146478e+01  1.510000e+00
     vertex  7.963067e+00  1.147233e+01  1.545000e+00
     vertex  7.950000e+00  1.146478e+01  1.545000e+00
   endloop
 endfacet
 facet normal -9.914449e-01 -1.305262e-01  0.000000e+00
   outer loop
     vertex  7.930873e+00  1.179846e+01  1.510000e+00
     vertex  7.937254e+00  1.175000e+01  1.510000e+00
     vertex  7.937254e+00  1.175000e+01  1.545000e+00
   endloop
 endfacet
 facet normal -9.914449e-01 -1.305262e-01  0.000000e+00
   outer loop
     vertex  7.930873e+00  1.179846e+01  1.510000e+00
     vertex  7.937254e+00  1.175000e+01  1.545000e+00
     vertex  7.930873e+00  1.179846e+01  1.545000e+00
   endloop
 endfacet
 facet normal -9.238795e-01 -3.826834e-01  0.000000e+00
   outer loop
     vertex  7.912167e+00  1.184363e+01  1.510000e+00
     vertex  7.930873e+00  1.179846e+01  1.545000e+00
     vertex  7.912167e+00  1.184363e+01  1.545000e+00
   endloop
 endfacet
 facet normal -9.238795e-01 -3.826834e-01  0.000000e+00
   outer loop
     vertex  7.912167e+00  1.184363e+01  1.510000e+00
     vertex  7.930873e+00  1.179846e+01  1.510000e+00
     vertex  7.930873e+00  1.179846e+01  1.545000e+00
   endloop
 endfacet
 facet normal -7.933533e-01 -6.087614e-01  0.000000e+00
   outer loop
     vertex  7.882409e+00  1.188241e+01  1.510000e+00
     vertex  7.912167e+00  1.184363e+01  1.545000e+00
     vertex  7.882409e+00  1.188241e+01  1.545000e+00
   endloop
 endfacet
 facet normal -7.933533e-01 -6.087614e-01  0.000000e+00
   outer loop
     vertex  7.882409e+00  1.188241e+01  1.510000e+00
     vertex  7.912167e+00  1.184363e+01  1.510000e+00
     vertex  7.912167e+00  1.184363e+01  1.545000e+00
   endloop
 endfacet
 facet normal -6.087614e-01 -7.933533e-01  0.000000e+00
   outer loop
     vertex  7.843627e+00  1.191217e+01  1.510000e+00
     vertex  7.882409e+00  1.188241e+01  1.545000e+00
     vertex  7.843627e+00  1.191217e+01  1.545000e+00
   endloop
 endfacet
 facet normal -6.087614e-01 -7.933533e-01  0.000000e+00
   outer loop
     vertex  7.843627e+00  1.191217e+01  1.510000e+00
     vertex  7.882409e+00  1.188241e+01  1.510000e+00
     vertex  7.882409e+00  1.188241e+01  1.545000e+00
   endloop
 endfacet
 facet normal -3.826834e-01 -9.238795e-01  0.000000e+00
   outer loop
     vertex  7.798465e+00  1.193087e+01  1.510000e+00
     vertex  7.843627e+00  1.191217e+01  1.545000e+00
     vertex  7.798465e+00  1.193087e+01  1.545000e+00
   endloop
 endfacet
 facet normal -3.826834e-01 -9.238795e-01  0.000000e+00
   outer loop
     vertex  7.798465e+00  1.193087e+01  1.510000e+00
     vertex  7.843627e+00  1.191217e+01  1.510000e+00
     vertex  7.843627e+00  1.191217e+01  1.545000e+00
   endloop
 endfacet
 facet normal -1.305262e-01 -9.914449e-01  0.000000e+00
   outer loop
     vertex  7.750000e+00  1.193725e+01  1.510000e+00
     vertex  7.798465e+00  1.193087e+01  1.545000e+00
     vertex  7.750000e+00  1.193725e+01  1.545000e+00
   endloop
 endfacet
 facet normal -1.305262e-01 -9.914449e-01  0.000000e+00
   outer loop
     vertex  7.750000e+00  1.193725e+01  1.510000e+00
     vertex  7.798465e+00  1.193087e+01  1.510000e+00
     vertex  7.798465e+00  1.193087e+01  1.545000e+00
   endloop
 endfacet
 facet normal  1.305262e-01 -9.914449e-01  0.000000e+00
   outer loop
     vertex  7.701535e+00  1.193087e+01  1.510000e+00
     vertex  7.750000e+00  1.193725e+01  1.545000e+00
     vertex  7.701535e+00  1.193087e+01  1.545000e+00
   endloop
 endfacet
 facet normal  1.305262e-01 -9.914449e-01  0.000000e+00
   outer loop
     vertex  7.701535e+00  1.193087e+01  1.510000e+00
     vertex  7.750000e+00  1.193725e+01  1.510000e+00
     vertex  7.750000e+00  1.193725e+01  1.545000e+00
   endloop
 endfacet
 facet normal  3.826834e-01 -9.238795e-01  0.000000e+00
   outer loop
     vertex  7.656373e+00  1.191217e+01  1.510000e+00
     vertex  7.701535e+00  1.193087e+01  1.545000e+00
     vertex  7.656373e+00  1.191217e+01  1.545000e+00
   endloop
 endfacet
 facet normal  3.826834e-01 -9.238795e-01  0.000000e+00
   outer loop
     vertex  7.656373e+00  1.191217e+01  1.510000e+00
     vertex  7.701535e+00  1.193087e+01  1.510000e+00
     vertex  7.701535e+00  1.193087e+01  1.545000e+00
   endloop
 endfacet
 facet normal  6.087614e-01 -7.933533e-01  0.000000e+00
   outer loop
     vertex  7.617591e+00  1.188241e+01  1.510000e+00
     vertex  7.656373e+00  1.191217e+01  1.545000e+00
     vertex  7.617591e+00  1.188241e+01  1.545000e+00
   endloop
 endfacet
 facet normal  6.087614e-01 -7.933533e-01  0.000000e+00
   outer loop
     vertex  7.617591e+00  1.188241e+01  1.510000e+00
     vertex  7.656373e+00  1.191217e+01  1.510000e+00
     vertex  7.656373e+00  1.191217e+01  1.545000e+00
   endloop
 endfacet
 facet normal  7.933533e-01 -6.087614e-01  0.000000e+00
   outer loop
     vertex  7.587833e+00  1.184363e+01  1.510000e+00
     vertex  7.617591e+00  1.188241e+01  1.545000e+00
     vertex  7.587833e+00  1.184363e+01  1.545000e+00
   endloop
 endfacet
 facet normal  7.933533e-01 -6.087614e-01  0.000000e+00
   outer loop
     vertex  7.587833e+00  1.184363e+01  1.510000e+00
     vertex  7.617591e+00  1.188241e+01  1.510000e+00
     vertex  7.617591e+00  1.188241e+01  1.545000e+00
   endloop
 endfacet
 facet normal  9.238795e-01 -3.826834e-01  0.000000e+00
   outer loop
     vertex  7.569127e+00  1.179846e+01  1.510000e+00
     vertex  7.587833e+00  1.184363e+01  1.545000e+00
     vertex  7.569127e+00  1.179846e+01  1.545000e+00
   endloop
 endfacet
 facet normal  9.238795e-01 -3.826834e-01  0.000000e+00
   outer loop
     vertex  7.569127e+00  1.179846e+01  1.510000e+00
     vertex  7.587833e+00  1.184363e+01  1.510000e+00
     vertex  7.587833e+00  1.184363e+01  1.545000e+00
   endloop
 endfacet
 facet normal  9.914449e-01 -1.305262e-01  0.000000e+00
   outer loop
     vertex  7.562746e+00  1.175000e+01  1.510000e+00
     vertex  7.569127e+00  1.179846e+01  1.510000e+00
     vertex  7.569127e+00  1.179846e+01  1.545000e+00
   endloop
 endfacet
 facet normal  9.914449e-01 -1.305262e-01  0.000000e+00
   outer loop
     vertex  7.562746e+00  1.175000e+01  1.510000e+00
     vertex  7.569127e+00  1.179846e+01  1.545000e+00
     vertex  7.562746e+00  1.175000e+01  1.545000e+00
   endloop
 endfacet
 facet normal  9.914449e-01  1.305262e-01  0.000000e+00
   outer loop
     vertex  7.569127e+00  1.170154e+01  1.510000e+00
     vertex  7.562746e+00  1.175000e+01  1.510000e+00
     vertex  7.562746e+00  1.175000e+01  1.545000e+00
   endloop
 endfacet
 facet normal  9.914449e-01  1.305262e-01 -0.000000e+00
   outer loop
     vertex  7.569127e+00  1.170154e+01  1.510000e+00
     vertex  7.562746e+00  1.175000e+01  1.545000e+00
     vertex  7.569127e+00  1.170154e+01  1.545000e+00
   endloop
 endfacet
 facet normal  9.238795e-01  3.826834e-01  0.000000e+00
   outer loop
     vertex  7.587833e+00  1.165637e+01  1.510000e+00
     vertex  7.569127e+00  1.170154e+01  1.510000e+00
     vertex  7.569127e+00  1.170154e+01  1.545000e+00
   endloop
 endfacet
 facet normal  9.238795e-01  3.826834e-01 -0.000000e+00
   outer loop
     vertex  7.587833e+00  1.165637e+01  1.510000e+00
     vertex  7.569127e+00  1.170154e+01  1.545000e+00
     vertex  7.587833e+00  1.165637e+01  1.545000e+00
   endloop
 endfacet
 facet normal  7.933533e-01  6.087614e-01 -0.000000e+00
   outer loop
     vertex  7.617591e+00  1.161759e+01  1.510000e+00
     vertex  7.587833e+00  1.165637e+01  1.545000e+00
     vertex  7.617591e+00  1.161759e+01  1.545000e+00
   endloop
 endfacet
 facet normal  7.933533e-01  6.087614e-01  0.000000e+00
   outer loop
     vertex  7.617591e+00  1.161759e+01  1.510000e+00
     vertex  7.587833e+00  1.165637e+01  1.510000e+00
     vertex  7.587833e+00  1.165637e+01  1.545000e+00
   endloop
 endfacet
 facet normal  6.087614e-01  7.933533e-01 -0.000000e+00
   outer loop
     vertex  7.656373e+00  1.158783e+01  1.510000e+00
     vertex  7.617591e+00  1.161759e+01  1.545000e+00
     vertex  7.656373e+00  1.158783e+01  1.545000e+00
   endloop
 endfacet
 facet normal  6.087614e-01  7.933533e-01  0.000000e+00
   outer loop
     vertex  7.656373e+00  1.158783e+01  1.510000e+00
     vertex  7.617591e+00  1.161759e+01  1.510000e+00
     vertex  7.617591e+00  1.161759e+01  1.545000e+00
   endloop
 endfacet
 facet normal  3.826834e-01  9.238795e-01 -0.000000e+00
   outer loop
     vertex  7.701535e+00  1.156913e+01  1.510000e+00
     vertex  7.656373e+00  1.158783e+01  1.545000e+00
     vertex  7.701535e+00  1.156913e+01  1.545000e+00
   endloop
 endfacet
 facet normal  3.826834e-01  9.238795e-01  0.000000e+00
   outer loop
     vertex  7.701535e+00  1.156913e+01  1.510000e+00
     vertex  7.656373e+00  1.158783e+01  1.510000e+00
     vertex  7.656373e+00  1.158783e+01  1.545000e+00
   endloop
 endfacet
 facet normal  1.305262e-01  9.914449e-01 -0.000000e+00
   outer loop
     vertex  7.750000e+00  1.156275e+01  1.510000e+00
     vertex  7.701535e+00  1.156913e+01  1.545000e+00
     vertex  7.750000e+00  1.156275e+01  1.545000e+00
   endloop
 endfacet
 facet normal  1.305262e-01  9.914449e-01  0.000000e+00
   outer loop
     vertex  7.750000e+00  1.156275e+01  1.510000e+00
     vertex  7.701535e+00  1.156913e+01  1.510000e+00
     vertex  7.701535e+00  1.156913e+01  1.545000e+00
   endloop
 endfacet
 facet normal -1.305262e-01  9.914449e-01  0.000000e+00
   outer loop
     vertex  7.798465e+00  1.156913e+01  1.510000e+00
     vertex  7.750000e+00  1.156275e+01  1.510000e+00
     vertex  7.750000e+00  1.156275e+01  1.545000e+00
   endloop
 endfacet
 facet normal -1.305262e-01  9.914449e-01  0.000000e+00
   outer loop
     vertex  7.798465e+00  1.156913e+01  1.510000e+00
     vertex  7.750000e+00  1.156275e+01  1.545000e+00
     vertex  7.798465e+00  1.156913e+01  1.545000e+00
   endloop
 endfacet
 facet normal -3.826834e-01  9.238795e-01  0.000000e+00
   outer loop
     vertex  7.843627e+00  1.158783e+01  1.510000e+00
     vertex  7.798465e+00  1.156913e+01  1.545000e+00
     vertex  7.843627e+00  1.158783e+01  1.545000e+00
   endloop
 endfacet
 facet normal -3.826834e-01  9.238795e-01  0.000000e+00
   outer loop
     vertex  7.843627e+00  1.158783e+01  1.510000e+00
     vertex  7.798465e+00  1.156913e+01  1.510000e+00
     vertex  7.798465e+00  1.156913e+01  1.545000e+00
   endloop
 endfacet
 facet normal -6.087614e-01  7.933533e-01  0.000000e+00
   outer loop
     vertex  7.882409e+00  1.161759e+01  1.510000e+00
     vertex  7.843627e+00  1.158783e+01  1.545000e+00
     vertex  7.882409e+00  1.161759e+01  1.545000e+00
   endloop
 endfacet
 facet normal -6.087614e-01  7.933533e-01  0.000000e+00
   outer loop
     vertex  7.882409e+00  1.161759e+01  1.510000e+00
     vertex  7.843627e+00  1.158783e+01  1.510000e+00
     vertex  7.843627e+00  1.158783e+01  1.545000e+00
   endloop
 endfacet
 facet normal -7.933533e-01  6.087614e-01  0.000000e+00
   outer loop
     vertex  7.912167e+00  1.165637e+01  1.510000e+00
     vertex  7.882409e+00  1.161759e+01  1.545000e+00
     vertex  7.912167e+00  1.165637e+01  1.545000e+00
   endloop
 endfacet
 facet normal -7.933533e-01  6.087614e-01  0.000000e+00
   outer loop
     vertex  7.912167e+00  1.165637e+01  1.510000e+00
     vertex  7.882409e+00  1.161759e+01  1.510000e+00
     vertex  7.882409e+00  1.161759e+01  1.545000e+00
   endloop
 endfacet
 facet normal -9.238795e-01  3.826834e-01  0.000000e+00
   outer loop
     vertex  7.930873e+00  1.170154e+01  1.510000e+00
     vertex  7.912167e+00  1.165637e+01  1.545000e+00
     vertex  7.930873e+00  1.170154e+01  1.545000e+00
   endloop
 endfacet
 facet normal -9.238795e-01  3.826834e-01  0.000000e+00
   outer loop
     vertex  7.930873e+00  1.170154e+01  1.510000e+00
     vertex  7.912167e+00  1.165637e+01  1.510000e+00
     vertex  7.912167e+00  1.165637e+01  1.545000e+00
   endloop
 endfacet
 facet normal -9.914449e-01  1.305262e-01  0.000000e+00
   outer loop
     vertex  7.937254e+00  1.175000e+01  1.510000e+00
     vertex  7.930873e+00  1.170154e+01  1.545000e+00
     vertex  7.937254e+00  1.175000e+01  1.545000e+00
   endloop
 endfacet
 facet normal -9.914449e-01  1.305262e-01  0.000000e+00
   outer loop
     vertex  7.937254e+00  1.175000e+01  1.510000e+00
     vertex  7.930873e+00  1.170154e+01  1.510000e+00
     vertex  7.930873e+00  1.170154e+01  1.545000e+00
   endloop
 endfacet
 facet normal  0.000000e+00  0.000000e+00 -1.000000e+00
   outer loop
     vertex  7.650000e+00  1.007679e+01  1.510000e+00
     vertex  7.608579e+00  1.010858e+01  1.510000e+00
     vertex  7.576795e+00  1.015000e+01  1.510000e+00
   endloop
 endfacet
 facet normal  0.000000e+00  0.000000e+00 -1.000000e+00
   outer loop
     vertex  7.550000e+00  1.025000e+01  1.510000e+00
     vertex  7.576795e+00  1.015000e+01  1.510000e+00
     vertex  7.556815e+00  1.019824e+01  1.510000e+00
   endloop
 endfacet
 facet normal  0.000000e+00  0.000000e+00 -1.000000e+00
   outer loop
     vertex  7.550000e+00  1.025000e+01  1.510000e+00
     vertex  7.650000e+00  1.007679e+01  1.510000e+00
     vertex  7.576795e+00  1.015000e+01  1.510000e+00
   endloop
 endfacet
 facet normal  0.000000e+00  0.000000e+00 -1.000000e+00
   outer loop
     vertex  7.750000e+00  1.005000e+01  1.510000e+00
     vertex  7.698236e+00  1.005681e+01  1.510000e+00
     vertex  7.650000e+00  1.007679e+01  1.510000e+00
   endloop
 endfacet
 facet normal  0.000000e+00  0.000000e+00 -1.000000e+00
   outer loop
     vertex  7.850000e+00  1.007679e+01  1.510000e+00
     vertex  7.801764e+00  1.005681e+01  1.510000e+00
     vertex  7.750000e+00  1.005000e+01  1.510000e+00
   endloop
 endfacet
 facet normal -0.000000e+00  0.000000e+00 -1.000000e+00
   outer loop
     vertex  7.850000e+00  1.007679e+01  1.510000e+00
     vertex  7.750000e+00  1.005000e+01  1.510000e+00
     vertex  7.650000e+00  1.007679e+01  1.510000e+00
   endloop
 endfacet
 facet normal  0.000000e+00  0.000000e+00 -1.000000e+00
   outer loop
     vertex  7.950000e+00  1.025000e+01  1.510000e+00
     vertex  7.943185e+00  1.019824e+01  1.510000e+00
     vertex  7.923205e+00  1.015000e+01  1.510000e+00
   endloop
 endfacet
 facet normal  0.000000e+00  0.000000e+00 -1.000000e+00
   outer loop
     vertex  7.950000e+00  1.025000e+01  1.510000e+00
     vertex  7.923205e+00  1.015000e+01  1.510000e+00
     vertex  7.891421e+00  1.010858e+01  1.510000e+00
   endloop
 endfacet
 facet normal  0.000000e+00  0.000000e+00 -1.000000e+00
   outer loop
     vertex  7.950000e+00  1.025000e+01  1.510000e+00
     vertex  7.891421e+00  1.010858e+01  1.510000e+00
     vertex  7.850000e+00  1.007679e+01  1.510000e+00
   endloop
 endfacet
 facet normal -0.000000e+00  0.000000e+00 -1.000000e+00
   outer loop
     vertex  7.950000e+00  1.025000e+01  1.510000e+00
     vertex  7.650000e+00  1.007679e+01  1.510000e+00
     vertex  7.550000e+00  1.025000e+01  1.510000e+00
   endloop
 endfacet
 facet normal  0.000000e+00  0.000000e+00 -1.000000e+00
   outer loop
     vertex  7.950000e+00  1.025000e+01  1.510000e+00
     vertex  7.850000e+00  1.007679e+01  1.510000e+00
     vertex  7.650000e+00  1.007679e+01  1.510000e+00
   endloop
 endfacet
 facet normal  0.000000e+00  0.000000e+00 -1.000000e+00
   outer loop
     vertex  7.617591e+00  1.161759e+01  1.510000e+00
     vertex  7.536933e+00  1.147233e+01  1.510000e+00
     vertex  7.472326e+00  1.153693e+01  1.510000e+00
   endloop
 endfacet
 facet normal  0.000000e+00  0.000000e+00 -1.000000e+00
   outer loop
     vertex  7.617591e+00  1.161759e+01  1.510000e+00
     vertex  7.550000e+00  1.146478e+01  1.510000e+00
     vertex  7.536933e+00  1.147233e+01  1.510000e+00
   endloop
 endfacet
 facet normal  0.000000e+00  0.000000e+00 -1.000000e+00
   outer loop
     vertex  7.587833e+00  1.165637e+01  1.510000e+00
     vertex  7.472326e+00  1.153693e+01  1.510000e+00
     vertex  7.426642e+00  1.161606e+01  1.510000e+00
   endloop
 endfacet
 facet normal  0.000000e+00 -0.000000e+00 -1.000000e+00
   outer loop
     vertex  7.587833e+00  1.165637e+01  1.510000e+00
     vertex  7.617591e+00  1.161759e+01  1.510000e+00
     vertex  7.472326e+00  1.153693e+01  1.510000e+00
   endloop
 endfacet
 facet normal -0.000000e+00  0.000000e+00 -1.000000e+00
   outer loop
     vertex  7.656373e+00  1.158783e+01  1.510000e+00
     vertex  7.550000e+00  1.146478e+01  1.510000e+00
     vertex  7.617591e+00  1.161759e+01  1.510000e+00
   endloop
 endfacet
 facet normal -0.000000e+00  0.000000e+00 -1.000000e+00
   outer loop
     vertex  7.701535e+00  1.156913e+01  1.510000e+00
     vertex  7.550000e+00  1.146478e+01  1.510000e+00
     vertex  7.656373e+00  1.158783e+01  1.510000e+00
   endloop
 endfacet
 facet normal -0.000000e+00  0.000000e+00 -1.000000e+00
   outer loop
     vertex  7.569127e+00  1.170154e+01  1.510000e+00
     vertex  7.426642e+00  1.161606e+01  1.510000e+00
     vertex  7.402994e+00  1.170432e+01  1.510000e+00
   endloop
 endfacet
 facet normal  0.000000e+00 -0.000000e+00 -1.000000e+00
   outer loop
     vertex  7.569127e+00  1.170154e+01  1.510000e+00
     vertex  7.587833e+00  1.165637e+01  1.510000e+00
     vertex  7.426642e+00  1.161606e+01  1.510000e+00
   endloop
 endfacet
 facet normal -0.000000e+00  0.000000e+00 -1.000000e+00
   outer loop
     vertex  7.562746e+00  1.175000e+01  1.510000e+00
     vertex  7.402994e+00  1.170432e+01  1.510000e+00
     vertex  7.402994e+00  1.179568e+01  1.510000e+00
   endloop
 endfacet
 facet normal  0.000000e+00 -0.000000e+00 -1.000000e+00
   outer loop
     vertex  7.562746e+00  1.175000e+01  1.510000e+00
     vertex  7.569127e+00  1.170154e+01  1.510000e+00
     vertex  7.402994e+00  1.170432e+01  1.510000e+00
   endloop
 endfacet
 facet normal -0.000000e+00  0.000000e+00 -1.000000e+00
   outer loop
     vertex  7.750000e+00  1.156275e+01  1.510000e+00
     vertex  7.550000e+00  1.146478e+01  1.510000e+00
     vertex  7.701535e+00  1.156913e+01  1.510000e+00
   endloop
 endfacet
 facet normal -0.000000e+00  0.000000e+00 -1.000000e+00
   outer loop
     vertex  7.569127e+00  1.179846e+01  1.510000e+00
     vertex  7.402994e+00  1.179568e+01  1.510000e+00
     vertex  7.426642e+00  1.188394e+01  1.510000e+00
   endloop
 endfacet
 facet normal  0.000000e+00  0.000000e+00 -1.000000e+00
   outer loop
     vertex  7.569127e+00  1.179846e+01  1.510000e+00
     vertex  7.562746e+00  1.175000e+01  1.510000e+00
     vertex  7.402994e+00  1.179568e+01  1.510000e+00
   endloop
 endfacet
 facet normal  0.000000e+00  0.000000e+00 -1.000000e+00
   outer loop
     vertex  7.950000e+00  1.146478e+01  1.510000e+00
     vertex  7.550000e+00  1.146478e+01  1.510000e+00
     vertex  7.750000e+00  1.156275e+01  1.510000e+00
   endloop
 endfacet
 facet normal -0.000000e+00  0.000000e+00 -1.000000e+00
   outer loop
     vertex  7.950000e+00  1.146478e+01  1.510000e+00
     vertex  7.550000e+00  1.025000e+01  1.510000e+00
     vertex  7.550000e+00  1.146478e+01  1.510000e+00
   endloop
 endfacet
 facet normal  0.000000e+00  0.000000e+00 -1.000000e+00
   outer loop
     vertex  7.950000e+00  1.146478e+01  1.510000e+00
     vertex  7.750000e+00  1.156275e+01  1.510000e+00
     vertex  7.798465e+00  1.156913e+01  1.510000e+00
   endloop
 endfacet
 facet normal  0.000000e+00 -0.000000e+00 -1.000000e+00
   outer loop
     vertex  7.950000e+00  1.146478e+01  1.510000e+00
     vertex  7.950000e+00  1.025000e+01  1.510000e+00
     vertex  7.550000e+00  1.025000e+01  1.510000e+00
   endloop
 endfacet
 facet normal  0.000000e+00 -0.000000e+00 -1.000000e+00
   outer loop
     vertex  7.843627e+00  1.158783e+01  1.510000e+00
     vertex  7.950000e+00  1.146478e+01  1.510000e+00
     vertex  7.798465e+00  1.156913e+01  1.510000e+00
   endloop
 endfacet
 facet normal -0.000000e+00  0.000000e+00 -1.000000e+00
   outer loop
     vertex  7.587833e+00  1.184363e+01  1.510000e+00
     vertex  7.569127e+00  1.179846e+01  1.510000e+00
     vertex  7.426642e+00  1.188394e+01  1.510000e+00
   endloop
 endfacet
 facet normal  0.000000e+00 -0.000000e+00 -1.000000e+00
   outer loop
     vertex  7.472326e+00  1.196307e+01  1.510000e+00
     vertex  7.587833e+00  1.184363e+01  1.510000e+00
     vertex  7.426642e+00  1.188394e+01  1.510000e+00
   endloop
 endfacet
 facet normal -0.000000e+00  0.000000e+00 -1.000000e+00
   outer loop
     vertex  7.617591e+00  1.188241e+01  1.510000e+00
     vertex  7.587833e+00  1.184363e+01  1.510000e+00
     vertex  7.472326e+00  1.196307e+01  1.510000e+00
   endloop
 endfacet
 facet normal  0.000000e+00  0.000000e+00 -1.000000e+00
   outer loop
     vertex  7.882409e+00  1.161759e+01  1.510000e+00
     vertex  7.963067e+00  1.147233e+01  1.510000e+00
     vertex  7.950000e+00  1.146478e+01  1.510000e+00
   endloop
 endfacet
 facet normal  0.000000e+00 -0.000000e+00 -1.000000e+00
   outer loop
     vertex  7.882409e+00  1.161759e+01  1.510000e+00
     vertex  7.950000e+00  1.146478e+01  1.510000e+00
     vertex  7.843627e+00  1.158783e+01  1.510000e+00
   endloop
 endfacet
 facet normal  0.000000e+00 -0.000000e+00 -1.000000e+00
   outer loop
     vertex  7.536933e+00  1.202767e+01  1.510000e+00
     vertex  7.617591e+00  1.188241e+01  1.510000e+00
     vertex  7.472326e+00  1.196307e+01  1.510000e+00
   endloop
 endfacet
 facet normal -0.000000e+00  0.000000e+00 -1.000000e+00
   outer loop
     vertex  8.027674e+00  1.153693e+01  1.510000e+00
     vertex  7.963067e+00  1.147233e+01  1.510000e+00
     vertex  7.882409e+00  1.161759e+01  1.510000e+00
   endloop
 endfacet
 facet normal -0.000000e+00  0.000000e+00 -1.000000e+00
   outer loop
     vertex  7.656373e+00  1.191217e+01  1.510000e+00
     vertex  7.617591e+00  1.188241e+01  1.510000e+00
     vertex  7.536933e+00  1.202767e+01  1.510000e+00
   endloop
 endfacet
 facet normal  0.000000e+00 -0.000000e+00 -1.000000e+00
   outer loop
     vertex  7.912167e+00  1.165637e+01  1.510000e+00
     vertex  8.027674e+00  1.153693e+01  1.510000e+00
     vertex  7.882409e+00  1.161759e+01  1.510000e+00
   endloop
 endfacet
 facet normal  0.000000e+00 -0.000000e+00 -1.000000e+00
   outer loop
     vertex  7.616061e+00  1.207336e+01  1.510000e+00
     vertex  7.656373e+00  1.191217e+01  1.510000e+00
     vertex  7.536933e+00  1.202767e+01  1.510000e+00
   endloop
 endfacet
 facet normal  0.000000e+00  0.000000e+00 -1.000000e+00
   outer loop
     vertex  7.616061e+00  1.207336e+01  1.510000e+00
     vertex  7.701535e+00  1.193087e+01  1.510000e+00
     vertex  7.656373e+00  1.191217e+01  1.510000e+00
   endloop
 endfacet
 facet normal -0.000000e+00  0.000000e+00 -1.000000e+00
   outer loop
     vertex  8.073358e+00  1.161606e+01  1.510000e+00
     vertex  8.027674e+00  1.153693e+01  1.510000e+00
     vertex  7.912167e+00  1.165637e+01  1.510000e+00
   endloop
 endfacet
 facet normal  0.000000e+00  0.000000e+00 -1.000000e+00
   outer loop
     vertex  8.073358e+00  1.161606e+01  1.510000e+00
     vertex  7.912167e+00  1.165637e+01  1.510000e+00
     vertex  7.930873e+00  1.170154e+01  1.510000e+00
   endloop
 endfacet
 facet normal  0.000000e+00 -0.000000e+00 -1.000000e+00
   outer loop
     vertex  7.704316e+00  1.209701e+01  1.510000e+00
     vertex  7.750000e+00  1.193725e+01  1.510000e+00
     vertex  7.701535e+00  1.193087e+01  1.510000e+00
   endloop
 endfacet
 facet normal  0.000000e+00  0.000000e+00 -1.000000e+00
   outer loop
     vertex  7.704316e+00  1.209701e+01  1.510000e+00
     vertex  7.701535e+00  1.193087e+01  1.510000e+00
     vertex  7.616061e+00  1.207336e+01  1.510000e+00
   endloop
 endfacet
 facet normal  0.000000e+00  0.000000e+00 -1.000000e+00
   outer loop
     vertex  8.097006e+00  1.170432e+01  1.510000e+00
     vertex  8.073358e+00  1.161606e+01  1.510000e+00
     vertex  7.930873e+00  1.170154e+01  1.510000e+00
   endloop
 endfacet
 facet normal -0.000000e+00  0.000000e+00 -1.000000e+00
   outer loop
     vertex  8.097006e+00  1.170432e+01  1.510000e+00
     vertex  7.930873e+00  1.170154e+01  1.510000e+00
     vertex  7.937254e+00  1.175000e+01  1.510000e+00
   endloop
 endfacet
 facet normal  0.000000e+00 -0.000000e+00 -1.000000e+00
   outer loop
     vertex  7.795684e+00  1.209701e+01  1.510000e+00
     vertex  7.798465e+00  1.193087e+01  1.510000e+00
     vertex  7.750000e+00  1.193725e+01  1.510000e+00
   endloop
 endfacet
 facet normal -0.000000e+00  0.000000e+00 -1.000000e+00
   outer loop
     vertex  7.795684e+00  1.209701e+01  1.510000e+00
     vertex  7.750000e+00  1.193725e+01  1.510000e+00
     vertex  7.704316e+00  1.209701e+01  1.510000e+00
   endloop
 endfacet
 facet normal -0.000000e+00  0.000000e+00 -1.000000e+00
   outer loop
     vertex  8.097006e+00  1.179568e+01  1.510000e+00
     vertex  7.937254e+00  1.175000e+01  1.510000e+00
     vertex  7.930873e+00  1.179846e+01  1.510000e+00
   endloop
 endfacet
 facet normal  0.000000e+00 -0.000000e+00 -1.000000e+00
   outer loop
     vertex  8.097006e+00  1.179568e+01  1.510000e+00
     vertex  8.097006e+00  1.170432e+01  1.510000e+00
     vertex  7.937254e+00  1.175000e+01  1.510000e+00
   endloop
 endfacet
 facet normal  0.000000e+00  0.000000e+00 -1.000000e+00
   outer loop
     vertex  7.883939e+00  1.207336e+01  1.510000e+00
     vertex  7.843627e+00  1.191217e+01  1.510000e+00
     vertex  7.798465e+00  1.193087e+01  1.510000e+00
   endloop
 endfacet
 facet normal -0.000000e+00  0.000000e+00 -1.000000e+00
   outer loop
     vertex  7.883939e+00  1.207336e+01  1.510000e+00
     vertex  7.798465e+00  1.193087e+01  1.510000e+00
     vertex  7.795684e+00  1.209701e+01  1.510000e+00
   endloop
 endfacet
 facet normal  0.000000e+00  0.000000e+00 -1.000000e+00
   outer loop
     vertex  8.073358e+00  1.188394e+01  1.510000e+00
     vertex  7.930873e+00  1.179846e+01  1.510000e+00
     vertex  7.912167e+00  1.184363e+01  1.510000e+00
   endloop
 endfacet
 facet normal  0.000000e+00 -0.000000e+00 -1.000000e+00
   outer loop
     vertex  8.073358e+00  1.188394e+01  1.510000e+00
     vertex  8.097006e+00  1.179568e+01  1.510000e+00
     vertex  7.930873e+00  1.179846e+01  1.510000e+00
   endloop
 endfacet
 facet normal  0.000000e+00  0.000000e+00 -1.000000e+00
   outer loop
     vertex  7.963067e+00  1.202767e+01  1.510000e+00
     vertex  7.882409e+00  1.188241e+01  1.510000e+00
     vertex  7.843627e+00  1.191217e+01  1.510000e+00
   endloop
 endfacet
 facet normal -0.000000e+00  0.000000e+00 -1.000000e+00
   outer loop
     vertex  7.963067e+00  1.202767e+01  1.510000e+00
     vertex  7.843627e+00  1.191217e+01  1.510000e+00
     vertex  7.883939e+00  1.207336e+01  1.510000e+00
   endloop
 endfacet
 facet normal  0.000000e+00  0.000000e+00 -1.000000e+00
   outer loop
     vertex  8.027674e+00  1.196307e+01  1.510000e+00
     vertex  7.912167e+00  1.184363e+01  1.510000e+00
     vertex  7.882409e+00  1.188241e+01  1.510000e+00
   endloop
 endfacet
 facet normal  0.000000e+00 -0.000000e+00 -1.000000e+00
   outer loop
     vertex  8.027674e+00  1.196307e+01  1.510000e+00
     vertex  8.073358e+00  1.188394e+01  1.510000e+00
     vertex  7.912167e+00  1.184363e+01  1.510000e+00
   endloop
 endfacet
 facet normal -0.000000e+00  0.000000e+00 -1.000000e+00
   outer loop
     vertex  8.027674e+00  1.196307e+01  1.510000e+00
     vertex  7.882409e+00  1.188241e+01  1.510000e+00
     vertex  7.963067e+00  1.202767e+01  1.510000e+00
   endloop
 endfacet
 facet normal  0.000000e+00  0.000000e+00  1.000000e+00
   outer loop
     vertex  7.650000e+00  1.007679e+01  1.545000e+00
     vertex  7.576795e+00  1.015000e+01  1.545000e+00
     vertex  7.608579e+00  1.010858e+01  1.545000e+00
   endloop
 endfacet
 facet normal  0.000000e+00  0.000000e+00  1.000000e+00
   outer loop
     vertex  7.550000e+00  1.025000e+01  1.545000e+00
     vertex  7.556815e+00  1.019824e+01  1.545000e+00
     vertex  7.576795e+00  1.015000e+01  1.545000e+00
   endloop
 endfacet
 facet normal  0.000000e+00  0.000000e+00  1.000000e+00
   outer loop
     vertex  7.550000e+00  1.025000e+01  1.545000e+00
     vertex  7.576795e+00  1.015000e+01  1.545000e+00
     vertex  7.650000e+00  1.007679e+01  1.545000e+00
   endloop
 endfacet
 facet normal  0.000000e+00  0.000000e+00  1.000000e+00
   outer loop
     vertex  7.750000e+00  1.005000e+01  1.545000e+00
     vertex  7.650000e+00  1.007679e+01  1.545000e+00
     vertex  7.698236e+00  1.005681e+01  1.545000e+00
   endloop
 endfacet
 facet normal  0.000000e+00  0.000000e+00  1.000000e+00
   outer loop
     vertex  7.850000e+00  1.007679e+01  1.545000e+00
     vertex  7.750000e+00  1.005000e+01  1.545000e+00
     vertex  7.801764e+00  1.005681e+01  1.545000e+00
   endloop
 endfacet
 facet normal  0.000000e+00  0.000000e+00  1.000000e+00
   outer loop
     vertex  7.850000e+00  1.007679e+01  1.545000e+00
     vertex  7.650000e+00  1.007679e+01  1.545000e+00
     vertex  7.750000e+00  1.005000e+01  1.545000e+00
   endloop
 endfacet
 facet normal  0.000000e+00  0.000000e+00  1.000000e+00
   outer loop
     vertex  7.950000e+00  1.025000e+01  1.545000e+00
     vertex  7.923205e+00  1.015000e+01  1.545000e+00
     vertex  7.943185e+00  1.019824e+01  1.545000e+00
   endloop
 endfacet
 facet normal  0.000000e+00  0.000000e+00  1.000000e+00
   outer loop
     vertex  7.950000e+00  1.025000e+01  1.545000e+00
     vertex  7.891421e+00  1.010858e+01  1.545000e+00
     vertex  7.923205e+00  1.015000e+01  1.545000e+00
   endloop
 endfacet
 facet normal  0.000000e+00  0.000000e+00  1.000000e+00
   outer loop
     vertex  7.950000e+00  1.025000e+01  1.545000e+00
     vertex  7.850000e+00  1.007679e+01  1.545000e+00
     vertex  7.891421e+00  1.010858e+01  1.545000e+00
   endloop
 endfacet
 facet normal  0.000000e+00  0.000000e+00  1.000000e+00
   outer loop
     vertex  7.950000e+00  1.025000e+01  1.545000e+00
     vertex  7.550000e+00  1.025000e+01  1.545000e+00
     vertex  7.650000e+00  1.007679e+01  1.545000e+00
   endloop
 endfacet
 facet normal  0.000000e+00  0.000000e+00  1.000000e+00
   outer loop
     vertex  7.950000e+00  1.025000e+01  1.545000e+00
     vertex  7.650000e+00  1.007679e+01  1.545000e+00
     vertex  7.850000e+00  1.007679e+01  1.545000e+00
   endloop
 endfacet
 facet normal  0.000000e+00  0.000000e+00  1.000000e+00
   outer loop
     vertex  7.617591e+00  1.161759e+01  1.545000e+00
     vertex  7.472326e+00  1.153693e+01  1.545000e+00
     vertex  7.536933e+00  1.147233e+01  1.545000e+00
   endloop
 endfacet
 facet normal  0.000000e+00  0.000000e+00  1.000000e+00
   outer loop
     vertex  7.617591e+00  1.161759e+01  1.545000e+00
     vertex  7.536933e+00  1.147233e+01  1.545000e+00
     vertex  7.550000e+00  1.146478e+01  1.545000e+00
   endloop
 endfacet
 facet normal  0.000000e+00  0.000000e+00  1.000000e+00
   outer loop
     vertex  7.587833e+00  1.165637e+01  1.545000e+00
     vertex  7.426642e+00  1.161606e+01  1.545000e+00
     vertex  7.472326e+00  1.153693e+01  1.545000e+00
   endloop
 endfacet
 facet normal  0.000000e+00  0.000000e+00  1.000000e+00
   outer loop
     vertex  7.587833e+00  1.165637e+01  1.545000e+00
     vertex  7.472326e+00  1.153693e+01  1.545000e+00
     vertex  7.617591e+00  1.161759e+01  1.545000e+00
   endloop
 endfacet
 facet normal  0.000000e+00  0.000000e+00  1.000000e+00
   outer loop
     vertex  7.656373e+00  1.158783e+01  1.545000e+00
     vertex  7.617591e+00  1.161759e+01  1.545000e+00
     vertex  7.550000e+00  1.146478e+01  1.545000e+00
   endloop
 endfacet
 facet normal  0.000000e+00  0.000000e+00  1.000000e+00
   outer loop
     vertex  7.701535e+00  1.156913e+01  1.545000e+00
     vertex  7.656373e+00  1.158783e+01  1.545000e+00
     vertex  7.550000e+00  1.146478e+01  1.545000e+00
   endloop
 endfacet
 facet normal  0.000000e+00  0.000000e+00  1.000000e+00
   outer loop
     vertex  7.569127e+00  1.170154e+01  1.545000e+00
     vertex  7.402994e+00  1.170432e+01  1.545000e+00
     vertex  7.426642e+00  1.161606e+01  1.545000e+00
   endloop
 endfacet
 facet normal  0.000000e+00  0.000000e+00  1.000000e+00
   outer loop
     vertex  7.569127e+00  1.170154e+01  1.545000e+00
     vertex  7.426642e+00  1.161606e+01  1.545000e+00
     vertex  7.587833e+00  1.165637e+01  1.545000e+00
   endloop
 endfacet
 facet normal  0.000000e+00  0.000000e+00  1.000000e+00
   outer loop
     vertex  7.562746e+00  1.175000e+01  1.545000e+00
     vertex  7.402994e+00  1.179568e+01  1.545000e+00
     vertex  7.402994e+00  1.170432e+01  1.545000e+00
   endloop
 endfacet
 facet normal  0.000000e+00  0.000000e+00  1.000000e+00
   outer loop
     vertex  7.562746e+00  1.175000e+01  1.545000e+00
     vertex  7.402994e+00  1.170432e+01  1.545000e+00
     vertex  7.569127e+00  1.170154e+01  1.545000e+00
   endloop
 endfacet
 facet normal  0.000000e+00  0.000000e+00  1.000000e+00
   outer loop
     vertex  7.750000e+00  1.156275e+01  1.545000e+00
     vertex  7.701535e+00  1.156913e+01  1.545000e+00
     vertex  7.550000e+00  1.146478e+01  1.545000e+00
   endloop
 endfacet
 facet normal  0.000000e+00  0.000000e+00  1.000000e+00
   outer loop
     vertex  7.569127e+00  1.179846e+01  1.545000e+00
     vertex  7.426642e+00  1.188394e+01  1.545000e+00
     vertex  7.402994e+00  1.179568e+01  1.545000e+00
   endloop
 endfacet
 facet normal  0.000000e+00  0.000000e+00  1.000000e+00
   outer loop
     vertex  7.569127e+00  1.179846e+01  1.545000e+00
     vertex  7.402994e+00  1.179568e+01  1.545000e+00
     vertex  7.562746e+00  1.175000e+01  1.545000e+00
   endloop
 endfacet
 facet normal  0.000000e+00  0.000000e+00  1.000000e+00
   outer loop
     vertex  7.950000e+00  1.146478e+01  1.545000e+00
     vertex  7.750000e+00  1.156275e+01  1.545000e+00
     vertex  7.550000e+00  1.146478e+01  1.545000e+00
   endloop
 endfacet
 facet normal  0.000000e+00  0.000000e+00  1.000000e+00
   outer loop
     vertex  7.950000e+00  1.146478e+01  1.545000e+00
     vertex  7.550000e+00  1.146478e+01  1.545000e+00
     vertex  7.550000e+00  1.025000e+01  1.545000e+00
   endloop
 endfacet
 facet normal  0.000000e+00  0.000000e+00  1.000000e+00
   outer loop
     vertex  7.950000e+00  1.146478e+01  1.545000e+00
     vertex  7.798465e+00  1.156913e+01  1.545000e+00
     vertex  7.750000e+00  1.156275e+01  1.545000e+00
   endloop
 endfacet
 facet normal  0.000000e+00  0.000000e+00  1.000000e+00
   outer loop
     vertex  7.950000e+00  1.146478e+01  1.545000e+00
     vertex  7.550000e+00  1.025000e+01  1.545000e+00
     vertex  7.950000e+00  1.025000e+01  1.545000e+00
   endloop
 endfacet
 facet normal  0.000000e+00  0.000000e+00  1.000000e+00
   outer loop
     vertex  7.843627e+00  1.158783e+01  1.545000e+00
     vertex  7.798465e+00  1.156913e+01  1.545000e+00
     vertex  7.950000e+00  1.146478e+01  1.545000e+00
   endloop
 endfacet
 facet normal  0.000000e+00  0.000000e+00  1.000000e+00
   outer loop
     vertex  7.587833e+00  1.184363e+01  1.545000e+00
     vertex  7.426642e+00  1.188394e+01  1.545000e+00
     vertex  7.569127e+00  1.179846e+01  1.545000e+00
   endloop
 endfacet
 facet normal  0.000000e+00  0.000000e+00  1.000000e+00
   outer loop
     vertex  7.472326e+00  1.196307e+01  1.545000e+00
     vertex  7.426642e+00  1.188394e+01  1.545000e+00
     vertex  7.587833e+00  1.184363e+01  1.545000e+00
   endloop
 endfacet
 facet normal  0.000000e+00  0.000000e+00  1.000000e+00
   outer loop
     vertex  7.617591e+00  1.188241e+01  1.545000e+00
     vertex  7.472326e+00  1.196307e+01  1.545000e+00
     vertex  7.587833e+00  1.184363e+01  1.545000e+00
   endloop
 endfacet
 facet normal  0.000000e+00  0.000000e+00  1.000000e+00
   outer loop
     vertex  7.882409e+00  1.161759e+01  1.545000e+00
     vertex  7.950000e+00  1.146478e+01  1.545000e+00
     vertex  7.963067e+00  1.147233e+01  1.545000e+00
   endloop
 endfacet
 facet normal  0.000000e+00  0.000000e+00  1.000000e+00
   outer loop
     vertex  7.882409e+00  1.161759e+01  1.545000e+00
     vertex  7.843627e+00  1.158783e+01  1.545000e+00
     vertex  7.950000e+00  1.146478e+01  1.545000e+00
   endloop
 endfacet
 facet normal  0.000000e+00  0.000000e+00  1.000000e+00
   outer loop
     vertex  7.536933e+00  1.202767e+01  1.545000e+00
     vertex  7.472326e+00  1.196307e+01  1.545000e+00
     vertex  7.617591e+00  1.188241e+01  1.545000e+00
   endloop
 endfacet
 facet normal  0.000000e+00  0.000000e+00  1.000000e+00
   outer loop
     vertex  8.027674e+00  1.153693e+01  1.545000e+00
     vertex  7.882409e+00  1.161759e+01  1.545000e+00
     vertex  7.963067e+00  1.147233e+01  1.545000e+00
   endloop
 endfacet
 facet normal  0.000000e+00  0.000000e+00  1.000000e+00
   outer loop
     vertex  7.656373e+00  1.191217e+01  1.545000e+00
     vertex  7.536933e+00  1.202767e+01  1.545000e+00
     vertex  7.617591e+00  1.188241e+01  1.545000e+00
   endloop
 endfacet
 facet normal  0.000000e+00  0.000000e+00  1.000000e+00
   outer loop
     vertex  7.912167e+00  1.165637e+01  1.545000e+00
     vertex  7.882409e+00  1.161759e+01  1.545000e+00
     vertex  8.027674e+00  1.153693e+01  1.545000e+00
   endloop
 endfacet
 facet normal  0.000000e+00  0.000000e+00  1.000000e+00
   outer loop
     vertex  7.616061e+00  1.207336e+01  1.545000e+00
     vertex  7.536933e+00  1.202767e+01  1.545000e+00
     vertex  7.656373e+00  1.191217e+01  1.545000e+00
   endloop
 endfacet
 facet normal  0.000000e+00  0.000000e+00  1.000000e+00
   outer loop
     vertex  7.616061e+00  1.207336e+01  1.545000e+00
     vertex  7.656373e+00  1.191217e+01  1.545000e+00
     vertex  7.701535e+00  1.193087e+01  1.545000e+00
   endloop
 endfacet
 facet normal  0.000000e+00  0.000000e+00  1.000000e+00
   outer loop
     vertex  8.073358e+00  1.161606e+01  1.545000e+00
     vertex  7.912167e+00  1.165637e+01  1.545000e+00
     vertex  8.027674e+00  1.153693e+01  1.545000e+00
   endloop
 endfacet
 facet normal  0.000000e+00  0.000000e+00  1.000000e+00
   outer loop
     vertex  8.073358e+00  1.161606e+01  1.545000e+00
     vertex  7.930873e+00  1.170154e+01  1.545000e+00
     vertex  7.912167e+00  1.165637e+01  1.545000e+00
   endloop
 endfacet
 facet normal  0.000000e+00  0.000000e+00  1.000000e+00
   outer loop
     vertex  7.704316e+00  1.209701e+01  1.545000e+00
     vertex  7.701535e+00  1.193087e+01  1.545000e+00
     vertex  7.750000e+00  1.193725e+01  1.545000e+00
   endloop
 endfacet
 facet normal  0.000000e+00  0.000000e+00  1.000000e+00
   outer loop
     vertex  7.704316e+00  1.209701e+01  1.545000e+00
     vertex  7.616061e+00  1.207336e+01  1.545000e+00
     vertex  7.701535e+00  1.193087e+01  1.545000e+00
   endloop
 endfacet
 facet normal  0.000000e+00  0.000000e+00  1.000000e+00
   outer loop
     vertex  8.097006e+00  1.170432e+01  1.545000e+00
     vertex  7.930873e+00  1.170154e+01  1.545000e+00
     vertex  8.073358e+00  1.161606e+01  1.545000e+00
   endloop
 endfacet
 facet normal  0.000000e+00  0.000000e+00  1.000000e+00
   outer loop
     vertex  8.097006e+00  1.170432e+01  1.545000e+00
     vertex  7.937254e+00  1.175000e+01  1.545000e+00
     vertex  7.930873e+00  1.170154e+01  1.545000e+00
   endloop
 endfacet
 facet normal  0.000000e+00  0.000000e+00  1.000000e+00
   outer loop
     vertex  7.795684e+00  1.209701e+01  1.545000e+00
     vertex  7.750000e+00  1.193725e+01  1.545000e+00
     vertex  7.798465e+00  1.193087e+01  1.545000e+00
   endloop
 endfacet
 facet normal  0.000000e+00  0.000000e+00  1.000000e+00
   outer loop
     vertex  7.795684e+00  1.209701e+01  1.545000e+00
     vertex  7.704316e+00  1.209701e+01  1.545000e+00
     vertex  7.750000e+00  1.193725e+01  1.545000e+00
   endloop
 endfacet
 facet normal  0.000000e+00  0.000000e+00  1.000000e+00
   outer loop
     vertex  8.097006e+00  1.179568e+01  1.545000e+00
     vertex  7.930873e+00  1.179846e+01  1.545000e+00
     vertex  7.937254e+00  1.175000e+01  1.545000e+00
   endloop
 endfacet
 facet normal  0.000000e+00  0.000000e+00  1.000000e+00
   outer loop
     vertex  8.097006e+00  1.179568e+01  1.545000e+00
     vertex  7.937254e+00  1.175000e+01  1.545000e+00
     vertex  8.097006e+00  1.170432e+01  1.545000e+00
   endloop
 endfacet
 facet normal  0.000000e+00  0.000000e+00  1.000000e+00
   outer loop
     vertex  7.883939e+00  1.207336e+01  1.545000e+00
     vertex  7.798465e+00  1.193087e+01  1.545000e+00
     vertex  7.843627e+00  1.191217e+01  1.545000e+00
   endloop
 endfacet
 facet normal  0.000000e+00  0.000000e+00  1.000000e+00
   outer loop
     vertex  7.883939e+00  1.207336e+01  1.545000e+00
     vertex  7.795684e+00  1.209701e+01  1.545000e+00
     vertex  7.798465e+00  1.193087e+01  1.545000e+00
   endloop
 endfacet
 facet normal  0.000000e+00  0.000000e+00  1.000000e+00
   outer loop
     vertex  8.073358e+00  1.188394e+01  1.545000e+00
     vertex  7.912167e+00  1.184363e+01  1.545000e+00
     vertex  7.930873e+00  1.179846e+01  1.545000e+00
   endloop
 endfacet
 facet normal  0.000000e+00  0.000000e+00  1.000000e+00
   outer loop
     vertex  8.073358e+00  1.188394e+01  1.545000e+00
     vertex  7.930873e+00  1.179846e+01  1.545000e+00
     vertex  8.097006e+00  1.179568e+01  1.545000e+00
   endloop
 endfacet
 facet normal  0.000000e+00  0.000000e+00  1.000000e+00
   outer loop
     vertex  7.963067e+00  1.202767e+01  1.545000e+00
     vertex  7.843627e+00  1.191217e+01  1.545000e+00
     vertex  7.882409e+00  1.188241e+01  1.545000e+00
   endloop
 endfacet
 facet normal  0.000000e+00  0.000000e+00  1.000000e+00
   outer loop
     vertex  7.963067e+00  1.202767e+01  1.545000e+00
     vertex  7.883939e+00  1.207336e+01  1.545000e+00
     vertex  7.843627e+00  1.191217e+01  1.545000e+00
   endloop
 endfacet
 facet normal  0.000000e+00  0.000000e+00  1.000000e+00
   outer loop
     vertex  8.027674e+00  1.196307e+01  1.545000e+00
     vertex  7.882409e+00  1.188241e+01  1.545000e+00
     vertex  7.912167e+00  1.184363e+01  1.545000e+00
   endloop
 endfacet
 facet normal  0.000000e+00  0.000000e+00  1.000000e+00
   outer loop
     vertex  8.027674e+00  1.196307e+01  1.545000e+00
     vertex  7.912167e+00  1.184363e+01  1.545000e+00
     vertex  8.073358e+00  1.188394e+01  1.545000e+00
   endloop
 endfacet
 facet normal  0.000000e+00  0.000000e+00  1.000000e+00
   outer loop
     vertex  8.027674e+00  1.196307e+01  1.545000e+00
     vertex  7.963067e+00  1.202767e+01  1.545000e+00
     vertex  7.882409e+00  1.188241e+01  1.545000e+00
   endloop
 endfacet
 facet normal  9.238792e-01  3.826843e-01  0.000000e+00
   outer loop
     vertex -1.208380e+00  2.188476e+01  1.510000e+00
     vertex -1.230777e+00  2.193883e+01  1.510000e+00
     vertex -1.230777e+00  2.193883e+01  1.545000e+00
   endloop
 endfacet
 facet normal  9.238792e-01  3.826843e-01 -0.000000e+00
   outer loop
     vertex -1.208380e+00  2.188476e+01  1.510000e+00
     vertex -1.230777e+00  2.193883e+01  1.545000e+00
     vertex -1.208380e+00  2.188476e+01  1.545000e+00
   endloop
 endfacet
 facet normal  9.999993e-01  1.170234e-03  0.000000e+00
   outer loop
     vertex -1.205498e+00  1.942201e+01  1.510000e+00
     vertex -1.208380e+00  2.188476e+01  1.510000e+00
     vertex -1.208380e+00  2.188476e+01  1.545000e+00
   endloop
 endfacet
 facet normal  9.999993e-01  1.170234e-03 -0.000000e+00
   outer loop
     vertex -1.205498e+00  1.942201e+01  1.510000e+00
     vertex -1.208380e+00  2.188476e+01  1.545000e+00
     vertex -1.205498e+00  1.942201e+01  1.545000e+00
   endloop
 endfacet
 facet normal  9.996086e-01  2.797695e-02  0.000000e+00
   outer loop
     vertex -1.200333e+00  1.923747e+01  1.510000e+00
     vertex -1.205498e+00  1.942201e+01  1.510000e+00
     vertex -1.205498e+00  1.942201e+01  1.545000e+00
   endloop
 endfacet
 facet normal  9.996086e-01  2.797695e-02 -0.000000e+00
   outer loop
     vertex -1.200333e+00  1.923747e+01  1.510000e+00
     vertex -1.205498e+00  1.942201e+01  1.545000e+00
     vertex -1.200333e+00  1.923747e+01  1.545000e+00
   endloop
 endfacet
 facet normal  7.081918e-01  7.060201e-01  0.000000e+00
   outer loop
     vertex  1.247210e-01  1.790834e+01  1.510000e+00
     vertex -1.200333e+00  1.923747e+01  1.510000e+00
     vertex -1.200333e+00  1.923747e+01  1.545000e+00
   endloop
 endfacet
 facet normal  7.081918e-01  7.060201e-01 -0.000000e+00
   outer loop
     vertex  1.247210e-01  1.790834e+01  1.510000e+00
     vertex -1.200333e+00  1.923747e+01  1.545000e+00
     vertex  1.247210e-01  1.790834e+01  1.545000e+00
   endloop
 endfacet
 facet normal  8.942254e-01  4.476169e-01  0.000000e+00
   outer loop
     vertex  1.414563e-01  1.787490e+01  1.510000e+00
     vertex  1.247210e-01  1.790834e+01  1.510000e+00
     vertex  1.247210e-01  1.790834e+01  1.545000e+00
   endloop
 endfacet
 facet normal  8.942254e-01  4.476169e-01 -0.000000e+00
   outer loop
     vertex  1.414563e-01  1.787490e+01  1.510000e+00
     vertex  1.247210e-01  1.790834e+01  1.545000e+00
     vertex  1.414563e-01  1.787490e+01  1.545000e+00
   endloop
 endfacet
 facet normal  9.771469e-01  2.125650e-01 -0.000000e+00
   outer loop
     vertex  1.494035e-01  1.783837e+01  1.510000e+00
     vertex  1.414563e-01  1.787490e+01  1.545000e+00
     vertex  1.494035e-01  1.783837e+01  1.545000e+00
   endloop
 endfacet
 facet normal  9.771469e-01  2.125650e-01  0.000000e+00
   outer loop
     vertex  1.494035e-01  1.783837e+01  1.510000e+00
     vertex  1.414563e-01  1.787490e+01  1.510000e+00
     vertex  1.414563e-01  1.787490e+01  1.545000e+00
   endloop
 endfacet
 facet normal  9.993628e-01 -3.569256e-02  0.000000e+00
   outer loop
     vertex  1.480691e-01  1.780101e+01  1.510000e+00
     vertex  1.494035e-01  1.783837e+01  1.545000e+00
     vertex  1.480691e-01  1.780101e+01  1.545000e+00
   endloop
 endfacet
 facet normal  9.993628e-01 -3.569256e-02  0.000000e+00
   outer loop
     vertex  1.480691e-01  1.780101e+01  1.510000e+00
     vertex  1.494035e-01  1.783837e+01  1.510000e+00
     vertex  1.494035e-01  1.783837e+01  1.545000e+00
   endloop
 endfacet
 facet normal  9.594929e-01 -2.817327e-01  0.000000e+00
   outer loop
     vertex  1.375358e-01  1.776513e+01  1.510000e+00
     vertex  1.480691e-01  1.780101e+01  1.545000e+00
     vertex  1.375358e-01  1.776513e+01  1.545000e+00
   endloop
 endfacet
 facet normal  9.594929e-01 -2.817327e-01  0.000000e+00
   outer loop
     vertex  1.375358e-01  1.776513e+01  1.510000e+00
     vertex  1.480691e-01  1.780101e+01  1.510000e+00
     vertex  1.480691e-01  1.780101e+01  1.545000e+00
   endloop
 endfacet
 facet normal  8.600142e-01 -5.102701e-01  0.000000e+00
   outer loop
     vertex  1.184581e-01  1.773298e+01  1.510000e+00
     vertex  1.375358e-01  1.776513e+01  1.545000e+00
     vertex  1.184581e-01  1.773298e+01  1.545000e+00
   endloop
 endfacet
 facet normal  8.600142e-01 -5.102701e-01  0.000000e+00
   outer loop
     vertex  1.184581e-01  1.773298e+01  1.510000e+00
     vertex  1.375358e-01  1.776513e+01  1.510000e+00
     vertex  1.375358e-01  1.776513e+01  1.545000e+00
   endloop
 endfacet
 facet normal  7.071068e-01 -7.071068e-01  0.000000e+00
   outer loop
     vertex  9.202118e-02  1.770654e+01  1.510000e+00
     vertex  1.184581e-01  1.773298e+01  1.545000e+00
     vertex  9.202118e-02  1.770654e+01  1.545000e+00
   endloop
 endfacet
 facet normal  7.071068e-01 -7.071068e-01  0.000000e+00
   outer loop
     vertex  9.202118e-02  1.770654e+01  1.510000e+00
     vertex  1.184581e-01  1.773298e+01  1.510000e+00
     vertex  1.184581e-01  1.773298e+01  1.545000e+00
   endloop
 endfacet
 facet normal  5.102701e-01 -8.600142e-01  0.000000e+00
   outer loop
     vertex  5.986745e-02  1.768746e+01  1.510000e+00
     vertex  9.202118e-02  1.770654e+01  1.545000e+00
     vertex  5.986745e-02  1.768746e+01  1.545000e+00
   endloop
 endfacet
 facet normal  5.102701e-01 -8.600142e-01  0.000000e+00
   outer loop
     vertex  5.986745e-02  1.768746e+01  1.510000e+00
     vertex  9.202118e-02  1.770654e+01  1.510000e+00
     vertex  9.202118e-02  1.770654e+01  1.545000e+00
   endloop
 endfacet
 facet normal  2.817327e-01 -9.594929e-01  0.000000e+00
   outer loop
     vertex  2.399446e-02  1.767693e+01  1.510000e+00
     vertex  5.986745e-02  1.768746e+01  1.545000e+00
     vertex  2.399446e-02  1.767693e+01  1.545000e+00
   endloop
 endfacet
 facet normal  2.817327e-01 -9.594929e-01  0.000000e+00
   outer loop
     vertex  2.399446e-02  1.767693e+01  1.510000e+00
     vertex  5.986745e-02  1.768746e+01  1.510000e+00
     vertex  5.986745e-02  1.768746e+01  1.545000e+00
   endloop
 endfacet
 facet normal  3.569256e-02 -9.993628e-01  0.000000e+00
   outer loop
     vertex -1.336917e-02  1.767560e+01  1.510000e+00
     vertex  2.399446e-02  1.767693e+01  1.545000e+00
     vertex -1.336917e-02  1.767560e+01  1.545000e+00
   endloop
 endfacet
 facet normal  3.569256e-02 -9.993628e-01  0.000000e+00
   outer loop
     vertex -1.336917e-02  1.767560e+01  1.510000e+00
     vertex  2.399446e-02  1.767693e+01  1.510000e+00
     vertex  2.399446e-02  1.767693e+01  1.545000e+00
   endloop
 endfacet
 facet normal -2.125650e-01 -9.771469e-01  0.000000e+00
   outer loop
     vertex -4.990219e-02  1.768354e+01  1.510000e+00
     vertex -1.336917e-02  1.767560e+01  1.545000e+00
     vertex -4.990219e-02  1.768354e+01  1.545000e+00
   endloop
 endfacet
 facet normal -2.125650e-01 -9.771469e-01  0.000000e+00
   outer loop
     vertex -4.990219e-02  1.768354e+01  1.510000e+00
     vertex -1.336917e-02  1.767560e+01  1.510000e+00
     vertex -1.336917e-02  1.767560e+01  1.545000e+00
   endloop
 endfacet
 facet normal -4.476169e-01 -8.942254e-01  0.000000e+00
   outer loop
     vertex -8.333500e-02  1.770028e+01  1.510000e+00
     vertex -4.990219e-02  1.768354e+01  1.545000e+00
     vertex -8.333500e-02  1.770028e+01  1.545000e+00
   endloop
 endfacet
 facet normal -4.476169e-01 -8.942254e-01  0.000000e+00
   outer loop
     vertex -8.333500e-02  1.770028e+01  1.510000e+00
     vertex -4.990219e-02  1.768354e+01  1.510000e+00
     vertex -4.990219e-02  1.768354e+01  1.545000e+00
   endloop
 endfacet
 facet normal -7.071068e-01 -7.071068e-01  0.000000e+00
   outer loop
     vertex -1.473324e+00  1.909027e+01  1.510000e+00
     vertex -8.333500e-02  1.770028e+01  1.510000e+00
     vertex -8.333500e-02  1.770028e+01  1.545000e+00
   endloop
 endfacet
 facet normal -7.071068e-01 -7.071068e-01  0.000000e+00
   outer loop
     vertex -1.473324e+00  1.909027e+01  1.510000e+00
     vertex -8.333500e-02  1.770028e+01  1.545000e+00
     vertex -1.473324e+00  1.909027e+01  1.545000e+00
   endloop
 endfacet
 facet normal -9.304547e-01 -3.664069e-01  0.000000e+00
   outer loop
     vertex -1.495721e+00  1.914714e+01  1.510000e+00
     vertex -1.473324e+00  1.909027e+01  1.510000e+00
     vertex -1.473324e+00  1.909027e+01  1.545000e+00
   endloop
 endfacet
 facet normal -9.304547e-01 -3.664069e-01  0.000000e+00
   outer loop
     vertex -1.495721e+00  1.914714e+01  1.510000e+00
     vertex -1.473324e+00  1.909027e+01  1.545000e+00
     vertex -1.495721e+00  1.914714e+01  1.545000e+00
   endloop
 endfacet
 facet normal -9.993583e-01 -3.581959e-02  0.000000e+00
   outer loop
     vertex -1.505498e+00  1.941992e+01  1.510000e+00
     vertex -1.495721e+00  1.914714e+01  1.510000e+00
     vertex -1.495721e+00  1.914714e+01  1.545000e+00
   endloop
 endfacet
 facet normal -9.993583e-01 -3.581959e-02  0.000000e+00
   outer loop
     vertex -1.505498e+00  1.941992e+01  1.510000e+00
     vertex -1.495721e+00  1.914714e+01  1.545000e+00
     vertex -1.505498e+00  1.941992e+01  1.545000e+00
   endloop
 endfacet
 facet normal -1.000000e+00  0.000000e+00  0.000000e+00
   outer loop
     vertex -1.505498e+00  2.179337e+01  1.510000e+00
     vertex -1.505498e+00  1.941992e+01  1.510000e+00
     vertex -1.505498e+00  1.941992e+01  1.545000e+00
   endloop
 endfacet
 facet normal -1.000000e+00  0.000000e+00  0.000000e+00
   outer loop
     vertex -1.505498e+00  2.179337e+01  1.510000e+00
     vertex -1.505498e+00  1.941992e+01  1.545000e+00
     vertex -1.505498e+00  2.179337e+01  1.545000e+00
   endloop
 endfacet
 facet normal -7.188894e-01 -6.951245e-01  0.000000e+00
   outer loop
     vertex -1.624721e+00  2.191666e+01  1.510000e+00
     vertex -1.505498e+00  2.179337e+01  1.510000e+00
     vertex -1.505498e+00  2.179337e+01  1.545000e+00
   endloop
 endfacet
 facet normal -7.188894e-01 -6.951245e-01  0.000000e+00
   outer loop
     vertex -1.624721e+00  2.191666e+01  1.510000e+00
     vertex -1.505498e+00  2.179337e+01  1.545000e+00
     vertex -1.624721e+00  2.191666e+01  1.545000e+00
   endloop
 endfacet
 facet normal -8.942276e-01 -4.476125e-01  0.000000e+00
   outer loop
     vertex -1.641456e+00  2.195010e+01  1.510000e+00
     vertex -1.624721e+00  2.191666e+01  1.510000e+00
     vertex -1.624721e+00  2.191666e+01  1.545000e+00
   endloop
 endfacet
 facet normal -8.942276e-01 -4.476125e-01  0.000000e+00
   outer loop
     vertex -1.641456e+00  2.195010e+01  1.510000e+00
     vertex -1.624721e+00  2.191666e+01  1.545000e+00
     vertex -1.641456e+00  2.195010e+01  1.545000e+00
   endloop
 endfacet
 facet normal -9.771478e-01 -2.125612e-01  0.000000e+00
   outer loop
     vertex -1.649403e+00  2.198663e+01  1.510000e+00
     vertex -1.641456e+00  2.195010e+01  1.545000e+00
     vertex -1.649403e+00  2.198663e+01  1.545000e+00
   endloop
 endfacet
 facet normal -9.771478e-01 -2.125612e-01  0.000000e+00
   outer loop
     vertex -1.649403e+00  2.198663e+01  1.510000e+00
     vertex -1.641456e+00  2.195010e+01  1.510000e+00
     vertex -1.641456e+00  2.195010e+01  1.545000e+00
   endloop
 endfacet
 facet normal -9.993627e-01  3.569547e-02  0.000000e+00
   outer loop
     vertex -1.648069e+00  2.202399e+01  1.510000e+00
     vertex -1.649403e+00  2.198663e+01  1.545000e+00
     vertex -1.648069e+00  2.202399e+01  1.545000e+00
   endloop
 endfacet
 facet normal -9.993627e-01  3.569547e-02  0.000000e+00
   outer loop
     vertex -1.648069e+00  2.202399e+01  1.510000e+00
     vertex -1.649403e+00  2.198663e+01  1.510000e+00
     vertex -1.649403e+00  2.198663e+01  1.545000e+00
   endloop
 endfacet
 facet normal -9.594924e-01  2.817346e-01  0.000000e+00
   outer loop
     vertex -1.637535e+00  2.205987e+01  1.510000e+00
     vertex -1.648069e+00  2.202399e+01  1.545000e+00
     vertex -1.637535e+00  2.205987e+01  1.545000e+00
   endloop
 endfacet
 facet normal -9.594924e-01  2.817346e-01  0.000000e+00
   outer loop
     vertex -1.637535e+00  2.205987e+01  1.510000e+00
     vertex -1.648069e+00  2.202399e+01  1.510000e+00
     vertex -1.648069e+00  2.202399e+01  1.545000e+00
   endloop
 endfacet
 facet normal -8.600137e-01  5.102709e-01  0.000000e+00
   outer loop
     vertex -1.618458e+00  2.209202e+01  1.510000e+00
     vertex -1.637535e+00  2.205987e+01  1.545000e+00
     vertex -1.618458e+00  2.209202e+01  1.545000e+00
   endloop
 endfacet
 facet normal -8.600137e-01  5.102709e-01  0.000000e+00
   outer loop
     vertex -1.618458e+00  2.209202e+01  1.510000e+00
     vertex -1.637535e+00  2.205987e+01  1.510000e+00
     vertex -1.637535e+00  2.205987e+01  1.545000e+00
   endloop
 endfacet
 facet normal -7.071068e-01  7.071068e-01  0.000000e+00
   outer loop
     vertex -1.592021e+00  2.211846e+01  1.510000e+00
     vertex -1.618458e+00  2.209202e+01  1.545000e+00
     vertex -1.592021e+00  2.211846e+01  1.545000e+00
   endloop
 endfacet
 facet normal -7.071068e-01  7.071068e-01  0.000000e+00
   outer loop
     vertex -1.592021e+00  2.211846e+01  1.510000e+00
     vertex -1.618458e+00  2.209202e+01  1.510000e+00
     vertex -1.618458e+00  2.209202e+01  1.545000e+00
   endloop
 endfacet
 facet normal -5.102709e-01  8.600137e-01  0.000000e+00
   outer loop
     vertex -1.559867e+00  2.213754e+01  1.510000e+00
     vertex -1.592021e+00  2.211846e+01  1.545000e+00
     vertex -1.559867e+00  2.213754e+01  1.545000e+00
   endloop
 endfacet
 facet normal -5.102709e-01  8.600137e-01  0.000000e+00
   outer loop
     vertex -1.559867e+00  2.213754e+01  1.510000e+00
     vertex -1.592021e+00  2.211846e+01  1.510000e+00
     vertex -1.592021e+00  2.211846e+01  1.545000e+00
   endloop
 endfacet
 facet normal -2.817346e-01  9.594924e-01  0.000000e+00
   outer loop
     vertex -1.523994e+00  2.214807e+01  1.510000e+00
     vertex -1.559867e+00  2.213754e+01  1.545000e+00
     vertex -1.523994e+00  2.214807e+01  1.545000e+00
   endloop
 endfacet
 facet normal -2.817346e-01  9.594924e-01  0.000000e+00
   outer loop
     vertex -1.523994e+00  2.214807e+01  1.510000e+00
     vertex -1.559867e+00  2.213754e+01  1.510000e+00
     vertex -1.559867e+00  2.213754e+01  1.545000e+00
   endloop
 endfacet
 facet normal -3.569547e-02  9.993627e-01  0.000000e+00
   outer loop
     vertex -1.486631e+00  2.214940e+01  1.510000e+00
     vertex -1.523994e+00  2.214807e+01  1.545000e+00
     vertex -1.486631e+00  2.214940e+01  1.545000e+00
   endloop
 endfacet
 facet normal -3.569547e-02  9.993627e-01  0.000000e+00
   outer loop
     vertex -1.486631e+00  2.214940e+01  1.510000e+00
     vertex -1.523994e+00  2.214807e+01  1.510000e+00
     vertex -1.523994e+00  2.214807e+01  1.545000e+00
   endloop
 endfacet
 facet normal  2.125612e-01  9.771478e-01 -0.000000e+00
   outer loop
     vertex -1.450098e+00  2.214146e+01  1.510000e+00
     vertex -1.486631e+00  2.214940e+01  1.545000e+00
     vertex -1.450098e+00  2.214146e+01  1.545000e+00
   endloop
 endfacet
 facet normal  2.125612e-01  9.771478e-01  0.000000e+00
   outer loop
     vertex -1.450098e+00  2.214146e+01  1.510000e+00
     vertex -1.486631e+00  2.214940e+01  1.510000e+00
     vertex -1.486631e+00  2.214940e+01  1.545000e+00
   endloop
 endfacet
 facet normal  4.476125e-01  8.942276e-01 -0.000000e+00
   outer loop
     vertex -1.416665e+00  2.212472e+01  1.510000e+00
     vertex -1.450098e+00  2.214146e+01  1.545000e+00
     vertex -1.416665e+00  2.212472e+01  1.545000e+00
   endloop
 endfacet
 facet normal  4.476125e-01  8.942276e-01  0.000000e+00
   outer loop
     vertex -1.416665e+00  2.212472e+01  1.510000e+00
     vertex -1.450098e+00  2.214146e+01  1.510000e+00
     vertex -1.450098e+00  2.214146e+01  1.545000e+00
   endloop
 endfacet
 facet normal  7.071068e-01  7.071068e-01  0.000000e+00
   outer loop
     vertex -1.230777e+00  2.193883e+01  1.510000e+00
     vertex -1.416665e+00  2.212472e+01  1.510000e+00
     vertex -1.416665e+00  2.212472e+01  1.545000e+00
   endloop
 endfacet
 facet normal  7.071068e-01  7.071068e-01 -0.000000e+00
   outer loop
     vertex -1.230777e+00  2.193883e+01  1.510000e+00
     vertex -1.416665e+00  2.212472e+01  1.545000e+00
     vertex -1.230777e+00  2.193883e+01  1.545000e+00
   endloop
 endfacet
 facet normal  0.000000e+00  0.000000e+00 -1.000000e+00
   outer loop
     vertex -1.336917e-02  1.767560e+01  1.510000e+00
     vertex -4.990219e-02  1.768354e+01  1.510000e+00
     vertex -8.333500e-02  1.770028e+01  1.510000e+00
   endloop
 endfacet
 facet normal  0.000000e+00  0.000000e+00 -1.000000e+00
   outer loop
     vertex  1.184581e-01  1.773298e+01  1.510000e+00
     vertex  9.202118e-02  1.770654e+01  1.510000e+00
     vertex  5.986745e-02  1.768746e+01  1.510000e+00
   endloop
 endfacet
 facet normal  0.000000e+00  0.000000e+00 -1.000000e+00
   outer loop
     vertex  1.184581e-01  1.773298e+01  1.510000e+00
     vertex  5.986745e-02  1.768746e+01  1.510000e+00
     vertex  2.399446e-02  1.767693e+01  1.510000e+00
   endloop
 endfacet
 facet normal  0.000000e+00  0.000000e+00 -1.000000e+00
   outer loop
     vertex  1.184581e-01  1.773298e+01  1.510000e+00
     vertex  2.399446e-02  1.767693e+01  1.510000e+00
     vertex -1.336917e-02  1.767560e+01  1.510000e+00
   endloop
 endfacet
 facet normal  0.000000e+00  0.000000e+00 -1.000000e+00
   outer loop
     vertex  1.480691e-01  1.780101e+01  1.510000e+00
     vertex  1.375358e-01  1.776513e+01  1.510000e+00
     vertex  1.184581e-01  1.773298e+01  1.510000e+00
   endloop
 endfacet
 facet normal  0.000000e+00  0.000000e+00 -1.000000e+00
   outer loop
     vertex  1.414563e-01  1.787490e+01  1.510000e+00
     vertex  1.494035e-01  1.783837e+01  1.510000e+00
     vertex  1.480691e-01  1.780101e+01  1.510000e+00
   endloop
 endfacet
 facet normal  0.000000e+00  0.000000e+00 -1.000000e+00
   outer loop
     vertex  1.247210e-01  1.790834e+01  1.510000e+00
     vertex  1.184581e-01  1.773298e+01  1.510000e+00
     vertex -1.336917e-02  1.767560e+01  1.510000e+00
   endloop
 endfacet
 facet normal  0.000000e+00  0.000000e+00 -1.000000e+00
   outer loop
     vertex  1.247210e-01  1.790834e+01  1.510000e+00
     vertex -1.336917e-02  1.767560e+01  1.510000e+00
     vertex -8.333500e-02  1.770028e+01  1.510000e+00
   endloop
 endfacet
 facet normal  0.000000e+00  0.000000e+00 -1.000000e+00
   outer loop
     vertex  1.247210e-01  1.790834e+01  1.510000e+00
     vertex  1.414563e-01  1.787490e+01  1.510000e+00
     vertex  1.480691e-01  1.780101e+01  1.510000e+00
   endloop
 endfacet
 facet normal  0.000000e+00 -0.000000e+00 -1.000000e+00
   outer loop
     vertex  1.247210e-01  1.790834e+01  1.510000e+00
     vertex  1.480691e-01  1.780101e+01  1.510000e+00
     vertex  1.184581e-01  1.773298e+01  1.510000e+00
   endloop
 endfacet
 facet normal -0.000000e+00  0.000000e+00 -1.000000e+00
   outer loop
     vertex -1.200333e+00  1.923747e+01  1.510000e+00
     vertex -1.495721e+00  1.914714e+01  1.510000e+00
     vertex -1.505498e+00  1.941992e+01  1.510000e+00
   endloop
 endfacet
 facet normal  0.000000e+00  0.000000e+00 -1.000000e+00
   outer loop
     vertex -1.200333e+00  1.923747e+01  1.510000e+00
     vertex -1.473324e+00  1.909027e+01  1.510000e+00
     vertex -1.495721e+00  1.914714e+01  1.510000e+00
   endloop
 endfacet
 facet normal  0.000000e+00 -0.000000e+00 -1.000000e+00
   outer loop
     vertex -1.200333e+00  1.923747e+01  1.510000e+00
     vertex -8.333500e-02  1.770028e+01  1.510000e+00
     vertex -1.473324e+00  1.909027e+01  1.510000e+00
   endloop
 endfacet
 facet normal  0.000000e+00  0.000000e+00 -1.000000e+00
   outer loop
     vertex -1.200333e+00  1.923747e+01  1.510000e+00
     vertex  1.247210e-01  1.790834e+01  1.510000e+00
     vertex -8.333500e-02  1.770028e+01  1.510000e+00
   endloop
 endfacet
 facet normal  0.000000e+00 -0.000000e+00 -1.000000e+00
   outer loop
     vertex -1.205498e+00  1.942201e+01  1.510000e+00
     vertex -1.200333e+00  1.923747e+01  1.510000e+00
     vertex -1.505498e+00  1.941992e+01  1.510000e+00
   endloop
 endfacet
 facet normal  0.000000e+00  0.000000e+00 -1.000000e+00
   outer loop
     vertex -1.505498e+00  2.179337e+01  1.510000e+00
     vertex -1.205498e+00  1.942201e+01  1.510000e+00
     vertex -1.505498e+00  1.941992e+01  1.510000e+00
   endloop
 endfacet
 facet normal  0.000000e+00 -0.000000e+00 -1.000000e+00
   outer loop
     vertex -1.637535e+00  2.205987e+01  1.510000e+00
     vertex -1.624721e+00  2.191666e+01  1.510000e+00
     vertex -1.641456e+00  2.195010e+01  1.510000e+00
   endloop
 endfacet
 facet normal  0.000000e+00  0.000000e+00 -1.000000e+00
   outer loop
     vertex -1.637535e+00  2.205987e+01  1.510000e+00
     vertex -1.641456e+00  2.195010e+01  1.510000e+00
     vertex -1.649403e+00  2.198663e+01  1.510000e+00
   endloop
 endfacet
 facet normal  0.000000e+00  0.000000e+00 -1.000000e+00
   outer loop
     vertex -1.637535e+00  2.205987e+01  1.510000e+00
     vertex -1.649403e+00  2.198663e+01  1.510000e+00
     vertex -1.648069e+00  2.202399e+01  1.510000e+00
   endloop
 endfacet
 facet normal  0.000000e+00  0.000000e+00 -1.000000e+00
   outer loop
     vertex -1.523994e+00  2.214807e+01  1.510000e+00
     vertex -1.618458e+00  2.209202e+01  1.510000e+00
     vertex -1.592021e+00  2.211846e+01  1.510000e+00
   endloop
 endfacet
 facet normal  0.000000e+00  0.000000e+00 -1.000000e+00
   outer loop
     vertex -1.523994e+00  2.214807e+01  1.510000e+00
     vertex -1.592021e+00  2.211846e+01  1.510000e+00
     vertex -1.559867e+00  2.213754e+01  1.510000e+00
   endloop
 endfacet
 facet normal  0.000000e+00 -0.000000e+00 -1.000000e+00
   outer loop
     vertex -1.208380e+00  2.188476e+01  1.510000e+00
     vertex -1.205498e+00  1.942201e+01  1.510000e+00
     vertex -1.505498e+00  2.179337e+01  1.510000e+00
   endloop
 endfacet
 facet normal  0.000000e+00  0.000000e+00 -1.000000e+00
   outer loop
     vertex -1.450098e+00  2.214146e+01  1.510000e+00
     vertex -1.523994e+00  2.214807e+01  1.510000e+00
     vertex -1.486631e+00  2.214940e+01  1.510000e+00
   endloop
 endfacet
 facet normal -0.000000e+00  0.000000e+00 -1.000000e+00
   outer loop
     vertex -1.450098e+00  2.214146e+01  1.510000e+00
     vertex -1.618458e+00  2.209202e+01  1.510000e+00
     vertex -1.523994e+00  2.214807e+01  1.510000e+00
   endloop
 endfacet
 facet normal  0.000000e+00 -0.000000e+00 -1.000000e+00
   outer loop
     vertex -1.230777e+00  2.193883e+01  1.510000e+00
     vertex -1.208380e+00  2.188476e+01  1.510000e+00
     vertex -1.505498e+00  2.179337e+01  1.510000e+00
   endloop
 endfacet
 facet normal  0.000000e+00  0.000000e+00 -1.000000e+00
   outer loop
     vertex -1.416665e+00  2.212472e+01  1.510000e+00
     vertex -1.637535e+00  2.205987e+01  1.510000e+00
     vertex -1.618458e+00  2.209202e+01  1.510000e+00
   endloop
 endfacet
 facet normal  0.000000e+00  0.000000e+00 -1.000000e+00
   outer loop
     vertex -1.416665e+00  2.212472e+01  1.510000e+00
     vertex -1.505498e+00  2.179337e+01  1.510000e+00
     vertex -1.624721e+00  2.191666e+01  1.510000e+00
   endloop
 endfacet
 facet normal -0.000000e+00  0.000000e+00 -1.000000e+00
   outer loop
     vertex -1.416665e+00  2.212472e+01  1.510000e+00
     vertex -1.618458e+00  2.209202e+01  1.510000e+00
     vertex -1.450098e+00  2.214146e+01  1.510000e+00
   endloop
 endfacet
 facet normal  0.000000e+00  0.000000e+00 -1.000000e+00
   outer loop
     vertex -1.416665e+00  2.212472e+01  1.510000e+00
     vertex -1.624721e+00  2.191666e+01  1.510000e+00
     vertex -1.637535e+00  2.205987e+01  1.510000e+00
   endloop
 endfacet
 facet normal  0.000000e+00 -0.000000e+00 -1.000000e+00
   outer loop
     vertex -1.416665e+00  2.212472e+01  1.510000e+00
     vertex -1.230777e+00  2.193883e+01  1.510000e+00
     vertex -1.505498e+00  2.179337e+01  1.510000e+00
   endloop
 endfacet
 facet normal  0.000000e+00  0.000000e+00  1.000000e+00
   outer loop
     vertex -1.336917e-02  1.767560e+01  1.545000e+00
     vertex -8.333500e-02  1.770028e+01  1.545000e+00
     vertex -4.990219e-02  1.768354e+01  1.545000e+00
   endloop
 endfacet
 facet normal  0.000000e+00  0.000000e+00  1.000000e+00
   outer loop
     vertex  1.184581e-01  1.773298e+01  1.545000e+00
     vertex  5.986745e-02  1.768746e+01  1.545000e+00
     vertex  9.202118e-02  1.770654e+01  1.545000e+00
   endloop
 endfacet
 facet normal  0.000000e+00  0.000000e+00  1.000000e+00
   outer loop
     vertex  1.184581e-01  1.773298e+01  1.545000e+00
     vertex  2.399446e-02  1.767693e+01  1.545000e+00
     vertex  5.986745e-02  1.768746e+01  1.545000e+00
   endloop
 endfacet
 facet normal  0.000000e+00  0.000000e+00  1.000000e+00
   outer loop
     vertex  1.184581e-01  1.773298e+01  1.545000e+00
     vertex -1.336917e-02  1.767560e+01  1.545000e+00
     vertex  2.399446e-02  1.767693e+01  1.545000e+00
   endloop
 endfacet
 facet normal  0.000000e+00  0.000000e+00  1.000000e+00
   outer loop
     vertex  1.480691e-01  1.780101e+01  1.545000e+00
     vertex  1.184581e-01  1.773298e+01  1.545000e+00
     vertex  1.375358e-01  1.776513e+01  1.545000e+00
   endloop
 endfacet
 facet normal  0.000000e+00  0.000000e+00  1.000000e+00
   outer loop
     vertex  1.414563e-01  1.787490e+01  1.545000e+00
     vertex  1.480691e-01  1.780101e+01  1.545000e+00
     vertex  1.494035e-01  1.783837e+01  1.545000e+00
   endloop
 endfacet
 facet normal  0.000000e+00  0.000000e+00  1.000000e+00
   outer loop
     vertex  1.247210e-01  1.790834e+01  1.545000e+00
     vertex -1.336917e-02  1.767560e+01  1.545000e+00
     vertex  1.184581e-01  1.773298e+01  1.545000e+00
   endloop
 endfacet
 facet normal  0.000000e+00  0.000000e+00  1.000000e+00
   outer loop
     vertex  1.247210e-01  1.790834e+01  1.545000e+00
     vertex -8.333500e-02  1.770028e+01  1.545000e+00
     vertex -1.336917e-02  1.767560e+01  1.545000e+00
   endloop
 endfacet
 facet normal  0.000000e+00  0.000000e+00  1.000000e+00
   outer loop
     vertex  1.247210e-01  1.790834e+01  1.545000e+00
     vertex  1.480691e-01  1.780101e+01  1.545000e+00
     vertex  1.414563e-01  1.787490e+01  1.545000e+00
   endloop
 endfacet
 facet normal  0.000000e+00  0.000000e+00  1.000000e+00
   outer loop
     vertex  1.247210e-01  1.790834e+01  1.545000e+00
     vertex  1.184581e-01  1.773298e+01  1.545000e+00
     vertex  1.480691e-01  1.780101e+01  1.545000e+00
   endloop
 endfacet
 facet normal  0.000000e+00  0.000000e+00  1.000000e+00
   outer loop
     vertex -1.200333e+00  1.923747e+01  1.545000e+00
     vertex -1.505498e+00  1.941992e+01  1.545000e+00
     vertex -1.495721e+00  1.914714e+01  1.545000e+00
   endloop
 endfacet
 facet normal  0.000000e+00  0.000000e+00  1.000000e+00
   outer loop
     vertex -1.200333e+00  1.923747e+01  1.545000e+00
     vertex -1.495721e+00  1.914714e+01  1.545000e+00
     vertex -1.473324e+00  1.909027e+01  1.545000e+00
   endloop
 endfacet
 facet normal  0.000000e+00  0.000000e+00  1.000000e+00
   outer loop
     vertex -1.200333e+00  1.923747e+01  1.545000e+00
     vertex -1.473324e+00  1.909027e+01  1.545000e+00
     vertex -8.333500e-02  1.770028e+01  1.545000e+00
   endloop
 endfacet
 facet normal  0.000000e+00  0.000000e+00  1.000000e+00
   outer loop
     vertex -1.200333e+00  1.923747e+01  1.545000e+00
     vertex -8.333500e-02  1.770028e+01  1.545000e+00
     vertex  1.247210e-01  1.790834e+01  1.545000e+00
   endloop
 endfacet
 facet normal  0.000000e+00  0.000000e+00  1.000000e+00
   outer loop
     vertex -1.205498e+00  1.942201e+01  1.545000e+00
     vertex -1.505498e+00  1.941992e+01  1.545000e+00
     vertex -1.200333e+00  1.923747e+01  1.545000e+00
   endloop
 endfacet
 facet normal  0.000000e+00  0.000000e+00  1.000000e+00
   outer loop
     vertex -1.505498e+00  2.179337e+01  1.545000e+00
     vertex -1.505498e+00  1.941992e+01  1.545000e+00
     vertex -1.205498e+00  1.942201e+01  1.545000e+00
   endloop
 endfacet
 facet normal  0.000000e+00  0.000000e+00  1.000000e+00
   outer loop
     vertex -1.637535e+00  2.205987e+01  1.545000e+00
     vertex -1.641456e+00  2.195010e+01  1.545000e+00
     vertex -1.624721e+00  2.191666e+01  1.545000e+00
   endloop
 endfacet
 facet normal  0.000000e+00  0.000000e+00  1.000000e+00
   outer loop
     vertex -1.637535e+00  2.205987e+01  1.545000e+00
     vertex -1.649403e+00  2.198663e+01  1.545000e+00
     vertex -1.641456e+00  2.195010e+01  1.545000e+00
   endloop
 endfacet
 facet normal  0.000000e+00  0.000000e+00  1.000000e+00
   outer loop
     vertex -1.637535e+00  2.205987e+01  1.545000e+00
     vertex -1.648069e+00  2.202399e+01  1.545000e+00
     vertex -1.649403e+00  2.198663e+01  1.545000e+00
   endloop
 endfacet
 facet normal  0.000000e+00  0.000000e+00  1.000000e+00
   outer loop
     vertex -1.523994e+00  2.214807e+01  1.545000e+00
     vertex -1.592021e+00  2.211846e+01  1.545000e+00
     vertex -1.618458e+00  2.209202e+01  1.545000e+00
   endloop
 endfacet
 facet normal  0.000000e+00  0.000000e+00  1.000000e+00
   outer loop
     vertex -1.523994e+00  2.214807e+01  1.545000e+00
     vertex -1.559867e+00  2.213754e+01  1.545000e+00
     vertex -1.592021e+00  2.211846e+01  1.545000e+00
   endloop
 endfacet
 facet normal  0.000000e+00  0.000000e+00  1.000000e+00
   outer loop
     vertex -1.208380e+00  2.188476e+01  1.545000e+00
     vertex -1.505498e+00  2.179337e+01  1.545000e+00
     vertex -1.205498e+00  1.942201e+01  1.545000e+00
   endloop
 endfacet
 facet normal  0.000000e+00  0.000000e+00  1.000000e+00
   outer loop
     vertex -1.450098e+00  2.214146e+01  1.545000e+00
     vertex -1.486631e+00  2.214940e+01  1.545000e+00
     vertex -1.523994e+00  2.214807e+01  1.545000e+00
   endloop
 endfacet
 facet normal  0.000000e+00  0.000000e+00  1.000000e+00
   outer loop
     vertex -1.450098e+00  2.214146e+01  1.545000e+00
     vertex -1.523994e+00  2.214807e+01  1.545000e+00
     vertex -1.618458e+00  2.209202e+01  1.545000e+00
   endloop
 endfacet
 facet normal  0.000000e+00  0.000000e+00  1.000000e+00
   outer loop
     vertex -1.230777e+00  2.193883e+01  1.545000e+00
     vertex -1.505498e+00  2.179337e+01  1.545000e+00
     vertex -1.208380e+00  2.188476e+01  1.545000e+00
   endloop
 endfacet
 facet normal  0.000000e+00  0.000000e+00  1.000000e+00
   outer loop
     vertex -1.416665e+00  2.212472e+01  1.545000e+00
     vertex -1.618458e+00  2.209202e+01  1.545000e+00
     vertex -1.637535e+00  2.205987e+01  1.545000e+00
   endloop
 endfacet
 facet normal  0.000000e+00  0.000000e+00  1.000000e+00
   outer loop
     vertex -1.416665e+00  2.212472e+01  1.545000e+00
     vertex -1.624721e+00  2.191666e+01  1.545000e+00
     vertex -1.505498e+00  2.179337e+01  1.545000e+00
   endloop
 endfacet
 facet normal  0.000000e+00  0.000000e+00  1.000000e+00
   outer loop
     vertex -1.416665e+00  2.212472e+01  1.545000e+00
     vertex -1.450098e+00  2.214146e+01  1.545000e+00
     vertex -1.618458e+00  2.209202e+01  1.545000e+00
   endloop
 endfacet
 facet normal  0.000000e+00  0.000000e+00  1.000000e+00
   outer loop
     vertex -1.416665e+00  2.212472e+01  1.545000e+00
     vertex -1.637535e+00  2.205987e+01  1.545000e+00
     vertex -1.624721e+00  2.191666e+01  1.545000e+00
   endloop
 endfacet
 facet normal  0.000000e+00  0.000000e+00  1.000000e+00
   outer loop
     vertex -1.416665e+00  2.212472e+01  1.545000e+00
     vertex -1.505498e+00  2.179337e+01  1.545000e+00
     vertex -1.230777e+00  2.193883e+01  1.545000e+00
   endloop
 endfacet
 facet normal  9.914449e-01  1.305262e-01  0.000000e+00
   outer loop
     vertex  8.088074e+00  1.184059e+01  0.000000e+00
     vertex  8.100000e+00  1.175000e+01  0.000000e+00
     vertex  8.100000e+00  1.175000e+01 -3.500000e-02
   endloop
 endfacet
 facet normal  9.914449e-01  1.305262e-01  0.000000e+00
   outer loop
     vertex  8.088074e+00  1.184059e+01  0.000000e+00
     vertex  8.100000e+00  1.175000e+01 -3.500000e-02
     vertex  8.088074e+00  1.184059e+01 -3.500000e-02
   endloop
 endfacet
 facet normal  9.238795e-01  3.826834e-01  0.000000e+00
   outer loop
     vertex  8.053109e+00  1.192500e+01  0.000000e+00
     vertex  8.088074e+00  1.184059e+01 -3.500000e-02
     vertex  8.053109e+00  1.192500e+01 -3.500000e-02
   endloop
 endfacet
 facet normal  9.238795e-01  3.826834e-01  0.000000e+00
   outer loop
     vertex  8.053109e+00  1.192500e+01  0.000000e+00
     vertex  8.088074e+00  1.184059e+01  0.000000e+00
     vertex  8.088074e+00  1.184059e+01 -3.500000e-02
   endloop
 endfacet
 facet normal  7.933533e-01  6.087614e-01  0.000000e+00
   outer loop
     vertex  7.997487e+00  1.199749e+01  0.000000e+00
     vertex  8.053109e+00  1.192500e+01 -3.500000e-02
     vertex  7.997487e+00  1.199749e+01 -3.500000e-02
   endloop
 endfacet
 facet normal  7.933533e-01  6.087614e-01  0.000000e+00
   outer loop
     vertex  7.997487e+00  1.199749e+01  0.000000e+00
     vertex  8.053109e+00  1.192500e+01  0.000000e+00
     vertex  8.053109e+00  1.192500e+01 -3.500000e-02
   endloop
 endfacet
 facet normal  6.087614e-01  7.933533e-01  0.000000e+00
   outer loop
     vertex  7.925000e+00  1.205311e+01  0.000000e+00
     vertex  7.997487e+00  1.199749e+01 -3.500000e-02
     vertex  7.925000e+00  1.205311e+01 -3.500000e-02
   endloop
 endfacet
 facet normal  6.087614e-01  7.933533e-01  0.000000e+00
   outer loop
     vertex  7.925000e+00  1.205311e+01  0.000000e+00
     vertex  7.997487e+00  1.199749e+01  0.000000e+00
     vertex  7.997487e+00  1.199749e+01 -3.500000e-02
   endloop
 endfacet
 facet normal  3.826834e-01  9.238795e-01  0.000000e+00
   outer loop
     vertex  7.840587e+00  1.208807e+01  0.000000e+00
     vertex  7.925000e+00  1.205311e+01 -3.500000e-02
     vertex  7.840587e+00  1.208807e+01 -3.500000e-02
   endloop
 endfacet
 facet normal  3.826834e-01  9.238795e-01  0.000000e+00
   outer loop
     vertex  7.840587e+00  1.208807e+01  0.000000e+00
     vertex  7.925000e+00  1.205311e+01  0.000000e+00
     vertex  7.925000e+00  1.205311e+01 -3.500000e-02
   endloop
 endfacet
 facet normal  1.305262e-01  9.914449e-01  0.000000e+00
   outer loop
     vertex  7.750000e+00  1.210000e+01  0.000000e+00
     vertex  7.840587e+00  1.208807e+01 -3.500000e-02
     vertex  7.750000e+00  1.210000e+01 -3.500000e-02
   endloop
 endfacet
 facet normal  1.305262e-01  9.914449e-01  0.000000e+00
   outer loop
     vertex  7.750000e+00  1.210000e+01  0.000000e+00
     vertex  7.840587e+00  1.208807e+01  0.000000e+00
     vertex  7.840587e+00  1.208807e+01 -3.500000e-02
   endloop
 endfacet
 facet normal -1.305262e-01  9.914449e-01  0.000000e+00
   outer loop
     vertex  7.659413e+00  1.208807e+01  0.000000e+00
     vertex  7.750000e+00  1.210000e+01 -3.500000e-02
     vertex  7.659413e+00  1.208807e+01 -3.500000e-02
   endloop
 endfacet
 facet normal -1.305262e-01  9.914449e-01  0.000000e+00
   outer loop
     vertex  7.659413e+00  1.208807e+01  0.000000e+00
     vertex  7.750000e+00  1.210000e+01  0.000000e+00
     vertex  7.750000e+00  1.210000e+01 -3.500000e-02
   endloop
 endfacet
 facet normal -3.826834e-01  9.238795e-01  0.000000e+00
   outer loop
     vertex  7.575000e+00  1.205311e+01  0.000000e+00
     vertex  7.659413e+00  1.208807e+01 -3.500000e-02
     vertex  7.575000e+00  1.205311e+01 -3.500000e-02
   endloop
 endfacet
 facet normal -3.826834e-01  9.238795e-01  0.000000e+00
   outer loop
     vertex  7.575000e+00  1.205311e+01  0.000000e+00
     vertex  7.659413e+00  1.208807e+01  0.000000e+00
     vertex  7.659413e+00  1.208807e+01 -3.500000e-02
   endloop
 endfacet
 facet normal -6.087614e-01  7.933533e-01  0.000000e+00
   outer loop
     vertex  7.502513e+00  1.199749e+01  0.000000e+00
     vertex  7.575000e+00  1.205311e+01 -3.500000e-02
     vertex  7.502513e+00  1.199749e+01 -3.500000e-02
   endloop
 endfacet
 facet normal -6.087614e-01  7.933533e-01  0.000000e+00
   outer loop
     vertex  7.502513e+00  1.199749e+01  0.000000e+00
     vertex  7.575000e+00  1.205311e+01  0.000000e+00
     vertex  7.575000e+00  1.205311e+01 -3.500000e-02
   endloop
 endfacet
 facet normal -7.933533e-01  6.087614e-01  0.000000e+00
   outer loop
     vertex  7.446891e+00  1.192500e+01  0.000000e+00
     vertex  7.502513e+00  1.199749e+01 -3.500000e-02
     vertex  7.446891e+00  1.192500e+01 -3.500000e-02
   endloop
 endfacet
 facet normal -7.933533e-01  6.087614e-01  0.000000e+00
   outer loop
     vertex  7.446891e+00  1.192500e+01  0.000000e+00
     vertex  7.502513e+00  1.199749e+01  0.000000e+00
     vertex  7.502513e+00  1.199749e+01 -3.500000e-02
   endloop
 endfacet
 facet normal -9.238795e-01  3.826834e-01  0.000000e+00
   outer loop
     vertex  7.411926e+00  1.184059e+01  0.000000e+00
     vertex  7.446891e+00  1.192500e+01 -3.500000e-02
     vertex  7.411926e+00  1.184059e+01 -3.500000e-02
   endloop
 endfacet
 facet normal -9.238795e-01  3.826834e-01  0.000000e+00
   outer loop
     vertex  7.411926e+00  1.184059e+01  0.000000e+00
     vertex  7.446891e+00  1.192500e+01  0.000000e+00
     vertex  7.446891e+00  1.192500e+01 -3.500000e-02
   endloop
 endfacet
 facet normal -9.914449e-01  1.305262e-01  0.000000e+00
   outer loop
     vertex  7.400000e+00  1.175000e+01  0.000000e+00
     vertex  7.411926e+00  1.184059e+01  0.000000e+00
     vertex  7.411926e+00  1.184059e+01 -3.500000e-02
   endloop
 endfacet
 facet normal -9.914449e-01  1.305262e-01  0.000000e+00
   outer loop
     vertex  7.400000e+00  1.175000e+01  0.000000e+00
     vertex  7.411926e+00  1.184059e+01 -3.500000e-02
     vertex  7.400000e+00  1.175000e+01 -3.500000e-02
   endloop
 endfacet
 facet normal -9.914449e-01 -1.305262e-01  0.000000e+00
   outer loop
     vertex  7.411926e+00  1.165941e+01  0.000000e+00
     vertex  7.400000e+00  1.175000e+01  0.000000e+00
     vertex  7.400000e+00  1.175000e+01 -3.500000e-02
   endloop
 endfacet
 facet normal -9.914449e-01 -1.305262e-01 -0.000000e+00
   outer loop
     vertex  7.411926e+00  1.165941e+01  0.000000e+00
     vertex  7.400000e+00  1.175000e+01 -3.500000e-02
     vertex  7.411926e+00  1.165941e+01 -3.500000e-02
   endloop
 endfacet
 facet normal -9.238795e-01 -3.826834e-01  0.000000e+00
   outer loop
     vertex  7.446891e+00  1.157500e+01  0.000000e+00
     vertex  7.411926e+00  1.165941e+01  0.000000e+00
     vertex  7.411926e+00  1.165941e+01 -3.500000e-02
   endloop
 endfacet
 facet normal -9.238795e-01 -3.826834e-01 -0.000000e+00
   outer loop
     vertex  7.446891e+00  1.157500e+01  0.000000e+00
     vertex  7.411926e+00  1.165941e+01 -3.500000e-02
     vertex  7.446891e+00  1.157500e+01 -3.500000e-02
   endloop
 endfacet
 facet normal -7.933533e-01 -6.087614e-01  0.000000e+00
   outer loop
     vertex  7.502513e+00  1.150251e+01  0.000000e+00
     vertex  7.446891e+00  1.157500e+01  0.000000e+00
     vertex  7.446891e+00  1.157500e+01 -3.500000e-02
   endloop
 endfacet
 facet normal -7.933533e-01 -6.087614e-01 -0.000000e+00
   outer loop
     vertex  7.502513e+00  1.150251e+01  0.000000e+00
     vertex  7.446891e+00  1.157500e+01 -3.500000e-02
     vertex  7.502513e+00  1.150251e+01 -3.500000e-02
   endloop
 endfacet
 facet normal -6.087614e-01 -7.933533e-01 -0.000000e+00
   outer loop
     vertex  7.575000e+00  1.144689e+01  0.000000e+00
     vertex  7.502513e+00  1.150251e+01 -3.500000e-02
     vertex  7.575000e+00  1.144689e+01 -3.500000e-02
   endloop
 endfacet
 facet normal -6.087614e-01 -7.933533e-01  0.000000e+00
   outer loop
     vertex  7.575000e+00  1.144689e+01  0.000000e+00
     vertex  7.502513e+00  1.150251e+01  0.000000e+00
     vertex  7.502513e+00  1.150251e+01 -3.500000e-02
   endloop
 endfacet
 facet normal -3.826834e-01 -9.238795e-01 -0.000000e+00
   outer loop
     vertex  7.659413e+00  1.141193e+01  0.000000e+00
     vertex  7.575000e+00  1.144689e+01 -3.500000e-02
     vertex  7.659413e+00  1.141193e+01 -3.500000e-02
   endloop
 endfacet
 facet normal -3.826834e-01 -9.238795e-01  0.000000e+00
   outer loop
     vertex  7.659413e+00  1.141193e+01  0.000000e+00
     vertex  7.575000e+00  1.144689e+01  0.000000e+00
     vertex  7.575000e+00  1.144689e+01 -3.500000e-02
   endloop
 endfacet
 facet normal -1.305262e-01 -9.914449e-01 -0.000000e+00
   outer loop
     vertex  7.750000e+00  1.140000e+01  0.000000e+00
     vertex  7.659413e+00  1.141193e+01 -3.500000e-02
     vertex  7.750000e+00  1.140000e+01 -3.500000e-02
   endloop
 endfacet
 facet normal -1.305262e-01 -9.914449e-01  0.000000e+00
   outer loop
     vertex  7.750000e+00  1.140000e+01  0.000000e+00
     vertex  7.659413e+00  1.141193e+01  0.000000e+00
     vertex  7.659413e+00  1.141193e+01 -3.500000e-02
   endloop
 endfacet
 facet normal  1.305262e-01 -9.914449e-01  0.000000e+00
   outer loop
     vertex  7.840587e+00  1.141193e+01  0.000000e+00
     vertex  7.750000e+00  1.140000e+01 -3.500000e-02
     vertex  7.840587e+00  1.141193e+01 -3.500000e-02
   endloop
 endfacet
 facet normal  1.305262e-01 -9.914449e-01  0.000000e+00
   outer loop
     vertex  7.840587e+00  1.141193e+01  0.000000e+00
     vertex  7.750000e+00  1.140000e+01  0.000000e+00
     vertex  7.750000e+00  1.140000e+01 -3.500000e-02
   endloop
 endfacet
 facet normal  3.826834e-01 -9.238795e-01  0.000000e+00
   outer loop
     vertex  7.925000e+00  1.144689e+01  0.000000e+00
     vertex  7.840587e+00  1.141193e+01 -3.500000e-02
     vertex  7.925000e+00  1.144689e+01 -3.500000e-02
   endloop
 endfacet
 facet normal  3.826834e-01 -9.238795e-01  0.000000e+00
   outer loop
     vertex  7.925000e+00  1.144689e+01  0.000000e+00
     vertex  7.840587e+00  1.141193e+01  0.000000e+00
     vertex  7.840587e+00  1.141193e+01 -3.500000e-02
   endloop
 endfacet
 facet normal  6.087614e-01 -7.933533e-01  0.000000e+00
   outer loop
     vertex  7.997487e+00  1.150251e+01  0.000000e+00
     vertex  7.925000e+00  1.144689e+01 -3.500000e-02
     vertex  7.997487e+00  1.150251e+01 -3.500000e-02
   endloop
 endfacet
 facet normal  6.087614e-01 -7.933533e-01  0.000000e+00
   outer loop
     vertex  7.997487e+00  1.150251e+01  0.000000e+00
     vertex  7.925000e+00  1.144689e+01  0.000000e+00
     vertex  7.925000e+00  1.144689e+01 -3.500000e-02
   endloop
 endfacet
 facet normal  7.933533e-01 -6.087614e-01  0.000000e+00
   outer loop
     vertex  8.053109e+00  1.157500e+01  0.000000e+00
     vertex  7.997487e+00  1.150251e+01 -3.500000e-02
     vertex  8.053109e+00  1.157500e+01 -3.500000e-02
   endloop
 endfacet
 facet normal  7.933533e-01 -6.087614e-01  0.000000e+00
   outer loop
     vertex  8.053109e+00  1.157500e+01  0.000000e+00
     vertex  7.997487e+00  1.150251e+01  0.000000e+00
     vertex  7.997487e+00  1.150251e+01 -3.500000e-02
   endloop
 endfacet
 facet normal  9.238795e-01 -3.826834e-01  0.000000e+00
   outer loop
     vertex  8.088074e+00  1.165941e+01  0.000000e+00
     vertex  8.053109e+00  1.157500e+01 -3.500000e-02
     vertex  8.088074e+00  1.165941e+01 -3.500000e-02
   endloop
 endfacet
 facet normal  9.238795e-01 -3.826834e-01  0.000000e+00
   outer loop
     vertex  8.088074e+00  1.165941e+01  0.000000e+00
     vertex  8.053109e+00  1.157500e+01  0.000000e+00
     vertex  8.053109e+00  1.157500e+01 -3.500000e-02
   endloop
 endfacet
 facet normal  9.914449e-01 -1.305262e-01  0.000000e+00
   outer loop
     vertex  8.100000e+00  1.175000e+01  0.000000e+00
     vertex  8.088074e+00  1.165941e+01 -3.500000e-02
     vertex  8.100000e+00  1.175000e+01 -3.500000e-02
   endloop
 endfacet
 facet normal  9.914449e-01 -1.305262e-01  0.000000e+00
   outer loop
     vertex  8.100000e+00  1.175000e+01  0.000000e+00
     vertex  8.088074e+00  1.165941e+01  0.000000e+00
     vertex  8.088074e+00  1.165941e+01 -3.500000e-02
   endloop
 endfacet
 facet normal -9.914449e-01 -1.305262e-01  0.000000e+00
   outer loop
     vertex  7.930873e+00  1.179846e+01  0.000000e+00
     vertex  7.937254e+00  1.175000e+01 -3.500000e-02
     vertex  7.937254e+00  1.175000e+01  0.000000e+00
   endloop
 endfacet
 facet normal -9.914449e-01 -1.305262e-01 -0.000000e+00
   outer loop
     vertex  7.930873e+00  1.179846e+01  0.000000e+00
     vertex  7.930873e+00  1.179846e+01 -3.500000e-02
     vertex  7.937254e+00  1.175000e+01 -3.500000e-02
   endloop
 endfacet
 facet normal -9.238795e-01 -3.826834e-01 -0.000000e+00
   outer loop
     vertex  7.912167e+00  1.184363e+01  0.000000e+00
     vertex  7.912167e+00  1.184363e+01 -3.500000e-02
     vertex  7.930873e+00  1.179846e+01 -3.500000e-02
   endloop
 endfacet
 facet normal -9.238795e-01 -3.826834e-01  0.000000e+00
   outer loop
     vertex  7.912167e+00  1.184363e+01  0.000000e+00
     vertex  7.930873e+00  1.179846e+01 -3.500000e-02
     vertex  7.930873e+00  1.179846e+01  0.000000e+00
   endloop
 endfacet
 facet normal -7.933533e-01 -6.087614e-01 -0.000000e+00
   outer loop
     vertex  7.882409e+00  1.188241e+01  0.000000e+00
     vertex  7.882409e+00  1.188241e+01 -3.500000e-02
     vertex  7.912167e+00  1.184363e+01 -3.500000e-02
   endloop
 endfacet
 facet normal -7.933533e-01 -6.087614e-01  0.000000e+00
   outer loop
     vertex  7.882409e+00  1.188241e+01  0.000000e+00
     vertex  7.912167e+00  1.184363e+01 -3.500000e-02
     vertex  7.912167e+00  1.184363e+01  0.000000e+00
   endloop
 endfacet
 facet normal -6.087614e-01 -7.933533e-01 -0.000000e+00
   outer loop
     vertex  7.843627e+00  1.191217e+01  0.000000e+00
     vertex  7.843627e+00  1.191217e+01 -3.500000e-02
     vertex  7.882409e+00  1.188241e+01 -3.500000e-02
   endloop
 endfacet
 facet normal -6.087614e-01 -7.933533e-01  0.000000e+00
   outer loop
     vertex  7.843627e+00  1.191217e+01  0.000000e+00
     vertex  7.882409e+00  1.188241e+01 -3.500000e-02
     vertex  7.882409e+00  1.188241e+01  0.000000e+00
   endloop
 endfacet
 facet normal -3.826834e-01 -9.238795e-01 -0.000000e+00
   outer loop
     vertex  7.798465e+00  1.193087e+01  0.000000e+00
     vertex  7.798465e+00  1.193087e+01 -3.500000e-02
     vertex  7.843627e+00  1.191217e+01 -3.500000e-02
   endloop
 endfacet
 facet normal -3.826834e-01 -9.238795e-01  0.000000e+00
   outer loop
     vertex  7.798465e+00  1.193087e+01  0.000000e+00
     vertex  7.843627e+00  1.191217e+01 -3.500000e-02
     vertex  7.843627e+00  1.191217e+01  0.000000e+00
   endloop
 endfacet
 facet normal -1.305262e-01 -9.914449e-01 -0.000000e+00
   outer loop
     vertex  7.750000e+00  1.193725e+01  0.000000e+00
     vertex  7.750000e+00  1.193725e+01 -3.500000e-02
     vertex  7.798465e+00  1.193087e+01 -3.500000e-02
   endloop
 endfacet
 facet normal -1.305262e-01 -9.914449e-01  0.000000e+00
   outer loop
     vertex  7.750000e+00  1.193725e+01  0.000000e+00
     vertex  7.798465e+00  1.193087e+01 -3.500000e-02
     vertex  7.798465e+00  1.193087e+01  0.000000e+00
   endloop
 endfacet
 facet normal  1.305262e-01 -9.914449e-01  0.000000e+00
   outer loop
     vertex  7.701535e+00  1.193087e+01  0.000000e+00
     vertex  7.701535e+00  1.193087e+01 -3.500000e-02
     vertex  7.750000e+00  1.193725e+01 -3.500000e-02
   endloop
 endfacet
 facet normal  1.305262e-01 -9.914449e-01  0.000000e+00
   outer loop
     vertex  7.701535e+00  1.193087e+01  0.000000e+00
     vertex  7.750000e+00  1.193725e+01 -3.500000e-02
     vertex  7.750000e+00  1.193725e+01  0.000000e+00
   endloop
 endfacet
 facet normal  3.826834e-01 -9.238795e-01  0.000000e+00
   outer loop
     vertex  7.656373e+00  1.191217e+01  0.000000e+00
     vertex  7.656373e+00  1.191217e+01 -3.500000e-02
     vertex  7.701535e+00  1.193087e+01 -3.500000e-02
   endloop
 endfacet
 facet normal  3.826834e-01 -9.238795e-01  0.000000e+00
   outer loop
     vertex  7.656373e+00  1.191217e+01  0.000000e+00
     vertex  7.701535e+00  1.193087e+01 -3.500000e-02
     vertex  7.701535e+00  1.193087e+01  0.000000e+00
   endloop
 endfacet
 facet normal  6.087614e-01 -7.933533e-01  0.000000e+00
   outer loop
     vertex  7.617591e+00  1.188241e+01  0.000000e+00
     vertex  7.617591e+00  1.188241e+01 -3.500000e-02
     vertex  7.656373e+00  1.191217e+01 -3.500000e-02
   endloop
 endfacet
 facet normal  6.087614e-01 -7.933533e-01  0.000000e+00
   outer loop
     vertex  7.617591e+00  1.188241e+01  0.000000e+00
     vertex  7.656373e+00  1.191217e+01 -3.500000e-02
     vertex  7.656373e+00  1.191217e+01  0.000000e+00
   endloop
 endfacet
 facet normal  7.933533e-01 -6.087614e-01  0.000000e+00
   outer loop
     vertex  7.587833e+00  1.184363e+01  0.000000e+00
     vertex  7.587833e+00  1.184363e+01 -3.500000e-02
     vertex  7.617591e+00  1.188241e+01 -3.500000e-02
   endloop
 endfacet
 facet normal  7.933533e-01 -6.087614e-01  0.000000e+00
   outer loop
     vertex  7.587833e+00  1.184363e+01  0.000000e+00
     vertex  7.617591e+00  1.188241e+01 -3.500000e-02
     vertex  7.617591e+00  1.188241e+01  0.000000e+00
   endloop
 endfacet
 facet normal  9.238795e-01 -3.826834e-01  0.000000e+00
   outer loop
     vertex  7.569127e+00  1.179846e+01  0.000000e+00
     vertex  7.569127e+00  1.179846e+01 -3.500000e-02
     vertex  7.587833e+00  1.184363e+01 -3.500000e-02
   endloop
 endfacet
 facet normal  9.238795e-01 -3.826834e-01  0.000000e+00
   outer loop
     vertex  7.569127e+00  1.179846e+01  0.000000e+00
     vertex  7.587833e+00  1.184363e+01 -3.500000e-02
     vertex  7.587833e+00  1.184363e+01  0.000000e+00
   endloop
 endfacet
 facet normal  9.914449e-01 -1.305262e-01  0.000000e+00
   outer loop
     vertex  7.562746e+00  1.175000e+01  0.000000e+00
     vertex  7.569127e+00  1.179846e+01 -3.500000e-02
     vertex  7.569127e+00  1.179846e+01  0.000000e+00
   endloop
 endfacet
 facet normal  9.914449e-01 -1.305262e-01  0.000000e+00
   outer loop
     vertex  7.562746e+00  1.175000e+01  0.000000e+00
     vertex  7.562746e+00  1.175000e+01 -3.500000e-02
     vertex  7.569127e+00  1.179846e+01 -3.500000e-02
   endloop
 endfacet
 facet normal  9.914449e-01  1.305262e-01  0.000000e+00
   outer loop
     vertex  7.569127e+00  1.170154e+01  0.000000e+00
     vertex  7.562746e+00  1.175000e+01 -3.500000e-02
     vertex  7.562746e+00  1.175000e+01  0.000000e+00
   endloop
 endfacet
 facet normal  9.914449e-01  1.305262e-01  0.000000e+00
   outer loop
     vertex  7.569127e+00  1.170154e+01  0.000000e+00
     vertex  7.569127e+00  1.170154e+01 -3.500000e-02
     vertex  7.562746e+00  1.175000e+01 -3.500000e-02
   endloop
 endfacet
 facet normal  9.238795e-01  3.826834e-01  0.000000e+00
   outer loop
     vertex  7.587833e+00  1.165637e+01  0.000000e+00
     vertex  7.569127e+00  1.170154e+01 -3.500000e-02
     vertex  7.569127e+00  1.170154e+01  0.000000e+00
   endloop
 endfacet
 facet normal  9.238795e-01  3.826834e-01  0.000000e+00
   outer loop
     vertex  7.587833e+00  1.165637e+01  0.000000e+00
     vertex  7.587833e+00  1.165637e+01 -3.500000e-02
     vertex  7.569127e+00  1.170154e+01 -3.500000e-02
   endloop
 endfacet
 facet normal  7.933533e-01  6.087614e-01  0.000000e+00
   outer loop
     vertex  7.617591e+00  1.161759e+01  0.000000e+00
     vertex  7.587833e+00  1.165637e+01 -3.500000e-02
     vertex  7.587833e+00  1.165637e+01  0.000000e+00
   endloop
 endfacet
 facet normal  7.933533e-01  6.087614e-01  0.000000e+00
   outer loop
     vertex  7.617591e+00  1.161759e+01  0.000000e+00
     vertex  7.617591e+00  1.161759e+01 -3.500000e-02
     vertex  7.587833e+00  1.165637e+01 -3.500000e-02
   endloop
 endfacet
 facet normal  6.087614e-01  7.933533e-01  0.000000e+00
   outer loop
     vertex  7.656373e+00  1.158783e+01  0.000000e+00
     vertex  7.656373e+00  1.158783e+01 -3.500000e-02
     vertex  7.617591e+00  1.161759e+01 -3.500000e-02
   endloop
 endfacet
 facet normal  6.087614e-01  7.933533e-01  0.000000e+00
   outer loop
     vertex  7.656373e+00  1.158783e+01  0.000000e+00
     vertex  7.617591e+00  1.161759e+01 -3.500000e-02
     vertex  7.617591e+00  1.161759e+01  0.000000e+00
   endloop
 endfacet
 facet normal  3.826834e-01  9.238795e-01  0.000000e+00
   outer loop
     vertex  7.701535e+00  1.156913e+01  0.000000e+00
     vertex  7.701535e+00  1.156913e+01 -3.500000e-02
     vertex  7.656373e+00  1.158783e+01 -3.500000e-02
   endloop
 endfacet
 facet normal  3.826834e-01  9.238795e-01  0.000000e+00
   outer loop
     vertex  7.701535e+00  1.156913e+01  0.000000e+00
     vertex  7.656373e+00  1.158783e+01 -3.500000e-02
     vertex  7.656373e+00  1.158783e+01  0.000000e+00
   endloop
 endfacet
 facet normal  1.305262e-01  9.914449e-01  0.000000e+00
   outer loop
     vertex  7.750000e+00  1.156275e+01  0.000000e+00
     vertex  7.750000e+00  1.156275e+01 -3.500000e-02
     vertex  7.701535e+00  1.156913e+01 -3.500000e-02
   endloop
 endfacet
 facet normal  1.305262e-01  9.914449e-01  0.000000e+00
   outer loop
     vertex  7.750000e+00  1.156275e+01  0.000000e+00
     vertex  7.701535e+00  1.156913e+01 -3.500000e-02
     vertex  7.701535e+00  1.156913e+01  0.000000e+00
   endloop
 endfacet
 facet normal -1.305262e-01  9.914449e-01  0.000000e+00
   outer loop
     vertex  7.798465e+00  1.156913e+01  0.000000e+00
     vertex  7.798465e+00  1.156913e+01 -3.500000e-02
     vertex  7.750000e+00  1.156275e+01 -3.500000e-02
   endloop
 endfacet
 facet normal -1.305262e-01  9.914449e-01  0.000000e+00
   outer loop
     vertex  7.798465e+00  1.156913e+01  0.000000e+00
     vertex  7.750000e+00  1.156275e+01 -3.500000e-02
     vertex  7.750000e+00  1.156275e+01  0.000000e+00
   endloop
 endfacet
 facet normal -3.826834e-01  9.238795e-01  0.000000e+00
   outer loop
     vertex  7.843627e+00  1.158783e+01  0.000000e+00
     vertex  7.843627e+00  1.158783e+01 -3.500000e-02
     vertex  7.798465e+00  1.156913e+01 -3.500000e-02
   endloop
 endfacet
 facet normal -3.826834e-01  9.238795e-01  0.000000e+00
   outer loop
     vertex  7.843627e+00  1.158783e+01  0.000000e+00
     vertex  7.798465e+00  1.156913e+01 -3.500000e-02
     vertex  7.798465e+00  1.156913e+01  0.000000e+00
   endloop
 endfacet
 facet normal -6.087614e-01  7.933533e-01  0.000000e+00
   outer loop
     vertex  7.882409e+00  1.161759e+01  0.000000e+00
     vertex  7.882409e+00  1.161759e+01 -3.500000e-02
     vertex  7.843627e+00  1.158783e+01 -3.500000e-02
   endloop
 endfacet
 facet normal -6.087614e-01  7.933533e-01  0.000000e+00
   outer loop
     vertex  7.882409e+00  1.161759e+01  0.000000e+00
     vertex  7.843627e+00  1.158783e+01 -3.500000e-02
     vertex  7.843627e+00  1.158783e+01  0.000000e+00
   endloop
 endfacet
 facet normal -7.933533e-01  6.087614e-01  0.000000e+00
   outer loop
     vertex  7.912167e+00  1.165637e+01  0.000000e+00
     vertex  7.912167e+00  1.165637e+01 -3.500000e-02
     vertex  7.882409e+00  1.161759e+01 -3.500000e-02
   endloop
 endfacet
 facet normal -7.933533e-01  6.087614e-01  0.000000e+00
   outer loop
     vertex  7.912167e+00  1.165637e+01  0.000000e+00
     vertex  7.882409e+00  1.161759e+01 -3.500000e-02
     vertex  7.882409e+00  1.161759e+01  0.000000e+00
   endloop
 endfacet
 facet normal -9.238795e-01  3.826834e-01  0.000000e+00
   outer loop
     vertex  7.930873e+00  1.170154e+01  0.000000e+00
     vertex  7.930873e+00  1.170154e+01 -3.500000e-02
     vertex  7.912167e+00  1.165637e+01 -3.500000e-02
   endloop
 endfacet
 facet normal -9.238795e-01  3.826834e-01  0.000000e+00
   outer loop
     vertex  7.930873e+00  1.170154e+01  0.000000e+00
     vertex  7.912167e+00  1.165637e+01 -3.500000e-02
     vertex  7.912167e+00  1.165637e+01  0.000000e+00
   endloop
 endfacet
 facet normal -9.914449e-01  1.305262e-01  0.000000e+00
   outer loop
     vertex  7.937254e+00  1.175000e+01  0.000000e+00
     vertex  7.937254e+00  1.175000e+01 -3.500000e-02
     vertex  7.930873e+00  1.170154e+01 -3.500000e-02
   endloop
 endfacet
 facet normal -9.914449e-01  1.305262e-01  0.000000e+00
   outer loop
     vertex  7.937254e+00  1.175000e+01  0.000000e+00
     vertex  7.930873e+00  1.170154e+01 -3.500000e-02
     vertex  7.930873e+00  1.170154e+01  0.000000e+00
   endloop
 endfacet
 facet normal  0.000000e+00  0.000000e+00  1.000000e+00
   outer loop
     vertex  7.843627e+00  1.158783e+01  0.000000e+00
     vertex  7.925000e+00  1.144689e+01  0.000000e+00
     vertex  7.997487e+00  1.150251e+01  0.000000e+00
   endloop
 endfacet
 facet normal -0.000000e+00  0.000000e+00  1.000000e+00
   outer loop
     vertex  7.843627e+00  1.158783e+01  0.000000e+00
     vertex  7.997487e+00  1.150251e+01  0.000000e+00
     vertex  7.882409e+00  1.161759e+01  0.000000e+00
   endloop
 endfacet
 facet normal  0.000000e+00  0.000000e+00  1.000000e+00
   outer loop
     vertex  7.912167e+00  1.165637e+01  0.000000e+00
     vertex  7.997487e+00  1.150251e+01  0.000000e+00
     vertex  8.053109e+00  1.157500e+01  0.000000e+00
   endloop
 endfacet
 facet normal -0.000000e+00  0.000000e+00  1.000000e+00
   outer loop
     vertex  7.912167e+00  1.165637e+01  0.000000e+00
     vertex  8.053109e+00  1.157500e+01  0.000000e+00
     vertex  8.088074e+00  1.165941e+01  0.000000e+00
   endloop
 endfacet
 facet normal  0.000000e+00  0.000000e+00  1.000000e+00
   outer loop
     vertex  7.912167e+00  1.165637e+01  0.000000e+00
     vertex  7.882409e+00  1.161759e+01  0.000000e+00
     vertex  7.997487e+00  1.150251e+01  0.000000e+00
   endloop
 endfacet
 facet normal  0.000000e+00  0.000000e+00  1.000000e+00
   outer loop
     vertex  7.798465e+00  1.156913e+01  0.000000e+00
     vertex  7.750000e+00  1.140000e+01  0.000000e+00
     vertex  7.840587e+00  1.141193e+01  0.000000e+00
   endloop
 endfacet
 facet normal  0.000000e+00  0.000000e+00  1.000000e+00
   outer loop
     vertex  7.798465e+00  1.156913e+01  0.000000e+00
     vertex  7.840587e+00  1.141193e+01  0.000000e+00
     vertex  7.925000e+00  1.144689e+01  0.000000e+00
   endloop
 endfacet
 facet normal -0.000000e+00  0.000000e+00  1.000000e+00
   outer loop
     vertex  7.798465e+00  1.156913e+01  0.000000e+00
     vertex  7.925000e+00  1.144689e+01  0.000000e+00
     vertex  7.843627e+00  1.158783e+01  0.000000e+00
   endloop
 endfacet
 facet normal  0.000000e+00  0.000000e+00  1.000000e+00
   outer loop
     vertex  7.930873e+00  1.170154e+01  0.000000e+00
     vertex  7.912167e+00  1.165637e+01  0.000000e+00
     vertex  8.088074e+00  1.165941e+01  0.000000e+00
   endloop
 endfacet
 facet normal  0.000000e+00  0.000000e+00  1.000000e+00
   outer loop
     vertex  7.937254e+00  1.175000e+01  0.000000e+00
     vertex  8.100000e+00  1.175000e+01  0.000000e+00
     vertex  8.088074e+00  1.184059e+01  0.000000e+00
   endloop
 endfacet
 facet normal -0.000000e+00  0.000000e+00  1.000000e+00
   outer loop
     vertex  7.937254e+00  1.175000e+01  0.000000e+00
     vertex  8.088074e+00  1.165941e+01  0.000000e+00
     vertex  8.100000e+00  1.175000e+01  0.000000e+00
   endloop
 endfacet
 facet normal  0.000000e+00  0.000000e+00  1.000000e+00
   outer loop
     vertex  7.937254e+00  1.175000e+01  0.000000e+00
     vertex  7.930873e+00  1.170154e+01  0.000000e+00
     vertex  8.088074e+00  1.165941e+01  0.000000e+00
   endloop
 endfacet
 facet normal -0.000000e+00  0.000000e+00  1.000000e+00
   outer loop
     vertex  7.750000e+00  1.156275e+01  0.000000e+00
     vertex  7.750000e+00  1.140000e+01  0.000000e+00
     vertex  7.798465e+00  1.156913e+01  0.000000e+00
   endloop
 endfacet
 facet normal  0.000000e+00  0.000000e+00  1.000000e+00
   outer loop
     vertex  7.701535e+00  1.156913e+01  0.000000e+00
     vertex  7.659413e+00  1.141193e+01  0.000000e+00
     vertex  7.750000e+00  1.140000e+01  0.000000e+00
   endloop
 endfacet
 facet normal  0.000000e+00  0.000000e+00  1.000000e+00
   outer loop
     vertex  7.701535e+00  1.156913e+01  0.000000e+00
     vertex  7.750000e+00  1.140000e+01  0.000000e+00
     vertex  7.750000e+00  1.156275e+01  0.000000e+00
   endloop
 endfacet
 facet normal -0.000000e+00  0.000000e+00  1.000000e+00
   outer loop
     vertex  7.930873e+00  1.179846e+01  0.000000e+00
     vertex  7.937254e+00  1.175000e+01  0.000000e+00
     vertex  8.088074e+00  1.184059e+01  0.000000e+00
   endloop
 endfacet
 facet normal -0.000000e+00  0.000000e+00  1.000000e+00
   outer loop
     vertex  7.912167e+00  1.184363e+01  0.000000e+00
     vertex  8.088074e+00  1.184059e+01  0.000000e+00
     vertex  8.053109e+00  1.192500e+01  0.000000e+00
   endloop
 endfacet
 facet normal  0.000000e+00  0.000000e+00  1.000000e+00
   outer loop
     vertex  7.912167e+00  1.184363e+01  0.000000e+00
     vertex  7.930873e+00  1.179846e+01  0.000000e+00
     vertex  8.088074e+00  1.184059e+01  0.000000e+00
   endloop
 endfacet
 facet normal  0.000000e+00  0.000000e+00  1.000000e+00
   outer loop
     vertex  7.656373e+00  1.158783e+01  0.000000e+00
     vertex  7.575000e+00  1.144689e+01  0.000000e+00
     vertex  7.659413e+00  1.141193e+01  0.000000e+00
   endloop
 endfacet
 facet normal  0.000000e+00  0.000000e+00  1.000000e+00
   outer loop
     vertex  7.656373e+00  1.158783e+01  0.000000e+00
     vertex  7.659413e+00  1.141193e+01  0.000000e+00
     vertex  7.701535e+00  1.156913e+01  0.000000e+00
   endloop
 endfacet
 facet normal  0.000000e+00  0.000000e+00  1.000000e+00
   outer loop
     vertex  7.997487e+00  1.199749e+01  0.000000e+00
     vertex  7.882409e+00  1.188241e+01  0.000000e+00
     vertex  7.912167e+00  1.184363e+01  0.000000e+00
   endloop
 endfacet
 facet normal  0.000000e+00  0.000000e+00  1.000000e+00
   outer loop
     vertex  7.997487e+00  1.199749e+01  0.000000e+00
     vertex  7.912167e+00  1.184363e+01  0.000000e+00
     vertex  8.053109e+00  1.192500e+01  0.000000e+00
   endloop
 endfacet
 facet normal  0.000000e+00  0.000000e+00  1.000000e+00
   outer loop
     vertex  7.617591e+00  1.161759e+01  0.000000e+00
     vertex  7.502513e+00  1.150251e+01  0.000000e+00
     vertex  7.575000e+00  1.144689e+01  0.000000e+00
   endloop
 endfacet
 facet normal  0.000000e+00  0.000000e+00  1.000000e+00
   outer loop
     vertex  7.617591e+00  1.161759e+01  0.000000e+00
     vertex  7.575000e+00  1.144689e+01  0.000000e+00
     vertex  7.656373e+00  1.158783e+01  0.000000e+00
   endloop
 endfacet
 facet normal -0.000000e+00  0.000000e+00  1.000000e+00
   outer loop
     vertex  7.843627e+00  1.191217e+01  0.000000e+00
     vertex  7.882409e+00  1.188241e+01  0.000000e+00
     vertex  7.997487e+00  1.199749e+01  0.000000e+00
   endloop
 endfacet
 facet normal -0.000000e+00  0.000000e+00  1.000000e+00
   outer loop
     vertex  7.446891e+00  1.157500e+01  0.000000e+00
     vertex  7.502513e+00  1.150251e+01  0.000000e+00
     vertex  7.617591e+00  1.161759e+01  0.000000e+00
   endloop
 endfacet
 facet normal  0.000000e+00  0.000000e+00  1.000000e+00
   outer loop
     vertex  7.446891e+00  1.157500e+01  0.000000e+00
     vertex  7.617591e+00  1.161759e+01  0.000000e+00
     vertex  7.587833e+00  1.165637e+01  0.000000e+00
   endloop
 endfacet
 facet normal  0.000000e+00  0.000000e+00  1.000000e+00
   outer loop
     vertex  7.925000e+00  1.205311e+01  0.000000e+00
     vertex  7.843627e+00  1.191217e+01  0.000000e+00
     vertex  7.997487e+00  1.199749e+01  0.000000e+00
   endloop
 endfacet
 facet normal  0.000000e+00  0.000000e+00  1.000000e+00
   outer loop
     vertex  7.840587e+00  1.208807e+01  0.000000e+00
     vertex  7.843627e+00  1.191217e+01  0.000000e+00
     vertex  7.925000e+00  1.205311e+01  0.000000e+00
   endloop
 endfacet
 facet normal  0.000000e+00  0.000000e+00  1.000000e+00
   outer loop
     vertex  7.840587e+00  1.208807e+01  0.000000e+00
     vertex  7.798465e+00  1.193087e+01  0.000000e+00
     vertex  7.843627e+00  1.191217e+01  0.000000e+00
   endloop
 endfacet
 facet normal  0.000000e+00  0.000000e+00  1.000000e+00
   outer loop
     vertex  7.411926e+00  1.165941e+01  0.000000e+00
     vertex  7.569127e+00  1.170154e+01  0.000000e+00
     vertex  7.562746e+00  1.175000e+01  0.000000e+00
   endloop
 endfacet
 facet normal -0.000000e+00  0.000000e+00  1.000000e+00
   outer loop
     vertex  7.411926e+00  1.165941e+01  0.000000e+00
     vertex  7.587833e+00  1.165637e+01  0.000000e+00
     vertex  7.569127e+00  1.170154e+01  0.000000e+00
   endloop
 endfacet
 facet normal  0.000000e+00  0.000000e+00  1.000000e+00
   outer loop
     vertex  7.411926e+00  1.165941e+01  0.000000e+00
     vertex  7.446891e+00  1.157500e+01  0.000000e+00
     vertex  7.587833e+00  1.165637e+01  0.000000e+00
   endloop
 endfacet
 facet normal -0.000000e+00  0.000000e+00  1.000000e+00
   outer loop
     vertex  7.400000e+00  1.175000e+01  0.000000e+00
     vertex  7.411926e+00  1.165941e+01  0.000000e+00
     vertex  7.562746e+00  1.175000e+01  0.000000e+00
   endloop
 endfacet
 facet normal  0.000000e+00  0.000000e+00  1.000000e+00
   outer loop
     vertex  7.750000e+00  1.210000e+01  0.000000e+00
     vertex  7.798465e+00  1.193087e+01  0.000000e+00
     vertex  7.840587e+00  1.208807e+01  0.000000e+00
   endloop
 endfacet
 facet normal  0.000000e+00  0.000000e+00  1.000000e+00
   outer loop
     vertex  7.750000e+00  1.210000e+01  0.000000e+00
     vertex  7.750000e+00  1.193725e+01  0.000000e+00
     vertex  7.798465e+00  1.193087e+01  0.000000e+00
   endloop
 endfacet
 facet normal  0.000000e+00  0.000000e+00  1.000000e+00
   outer loop
     vertex  7.750000e+00  1.210000e+01  0.000000e+00
     vertex  7.701535e+00  1.193087e+01  0.000000e+00
     vertex  7.750000e+00  1.193725e+01  0.000000e+00
   endloop
 endfacet
 facet normal  0.000000e+00  0.000000e+00  1.000000e+00
   outer loop
     vertex  7.411926e+00  1.184059e+01  0.000000e+00
     vertex  7.400000e+00  1.175000e+01  0.000000e+00
     vertex  7.562746e+00  1.175000e+01  0.000000e+00
   endloop
 endfacet
 facet normal  0.000000e+00  0.000000e+00  1.000000e+00
   outer loop
     vertex  7.411926e+00  1.184059e+01  0.000000e+00
     vertex  7.562746e+00  1.175000e+01  0.000000e+00
     vertex  7.569127e+00  1.179846e+01  0.000000e+00
   endloop
 endfacet
 facet normal -0.000000e+00  0.000000e+00  1.000000e+00
   outer loop
     vertex  7.659413e+00  1.208807e+01  0.000000e+00
     vertex  7.701535e+00  1.193087e+01  0.000000e+00
     vertex  7.750000e+00  1.210000e+01  0.000000e+00
   endloop
 endfacet
 facet normal  0.000000e+00  0.000000e+00  1.000000e+00
   outer loop
     vertex  7.446891e+00  1.192500e+01  0.000000e+00
     vertex  7.569127e+00  1.179846e+01  0.000000e+00
     vertex  7.587833e+00  1.184363e+01  0.000000e+00
   endloop
 endfacet
 facet normal  0.000000e+00  0.000000e+00  1.000000e+00
   outer loop
     vertex  7.446891e+00  1.192500e+01  0.000000e+00
     vertex  7.411926e+00  1.184059e+01  0.000000e+00
     vertex  7.569127e+00  1.179846e+01  0.000000e+00
   endloop
 endfacet
 facet normal  0.000000e+00  0.000000e+00  1.000000e+00
   outer loop
     vertex  7.575000e+00  1.205311e+01  0.000000e+00
     vertex  7.656373e+00  1.191217e+01  0.000000e+00
     vertex  7.701535e+00  1.193087e+01  0.000000e+00
   endloop
 endfacet
 facet normal -0.000000e+00  0.000000e+00  1.000000e+00
   outer loop
     vertex  7.575000e+00  1.205311e+01  0.000000e+00
     vertex  7.701535e+00  1.193087e+01  0.000000e+00
     vertex  7.659413e+00  1.208807e+01  0.000000e+00
   endloop
 endfacet
 facet normal  0.000000e+00  0.000000e+00  1.000000e+00
   outer loop
     vertex  7.502513e+00  1.199749e+01  0.000000e+00
     vertex  7.617591e+00  1.188241e+01  0.000000e+00
     vertex  7.656373e+00  1.191217e+01  0.000000e+00
   endloop
 endfacet
 facet normal  0.000000e+00  0.000000e+00  1.000000e+00
   outer loop
     vertex  7.502513e+00  1.199749e+01  0.000000e+00
     vertex  7.587833e+00  1.184363e+01  0.000000e+00
     vertex  7.617591e+00  1.188241e+01  0.000000e+00
   endloop
 endfacet
 facet normal  0.000000e+00  0.000000e+00  1.000000e+00
   outer loop
     vertex  7.502513e+00  1.199749e+01  0.000000e+00
     vertex  7.446891e+00  1.192500e+01  0.000000e+00
     vertex  7.587833e+00  1.184363e+01  0.000000e+00
   endloop
 endfacet
 facet normal -0.000000e+00  0.000000e+00  1.000000e+00
   outer loop
     vertex  7.502513e+00  1.199749e+01  0.000000e+00
     vertex  7.656373e+00  1.191217e+01  0.000000e+00
     vertex  7.575000e+00  1.205311e+01  0.000000e+00
   endloop
 endfacet
 facet normal  0.000000e+00  0.000000e+00 -1.000000e+00
   outer loop
     vertex  7.843627e+00  1.158783e+01 -3.500000e-02
     vertex  7.997487e+00  1.150251e+01 -3.500000e-02
     vertex  7.925000e+00  1.144689e+01 -3.500000e-02
   endloop
 endfacet
 facet normal  0.000000e+00  0.000000e+00 -1.000000e+00
   outer loop
     vertex  7.843627e+00  1.158783e+01 -3.500000e-02
     vertex  7.882409e+00  1.161759e+01 -3.500000e-02
     vertex  7.997487e+00  1.150251e+01 -3.500000e-02
   endloop
 endfacet
 facet normal  0.000000e+00  0.000000e+00 -1.000000e+00
   outer loop
     vertex  7.912167e+00  1.165637e+01 -3.500000e-02
     vertex  8.053109e+00  1.157500e+01 -3.500000e-02
     vertex  7.997487e+00  1.150251e+01 -3.500000e-02
   endloop
 endfacet
 facet normal  0.000000e+00  0.000000e+00 -1.000000e+00
   outer loop
     vertex  7.912167e+00  1.165637e+01 -3.500000e-02
     vertex  8.088074e+00  1.165941e+01 -3.500000e-02
     vertex  8.053109e+00  1.157500e+01 -3.500000e-02
   endloop
 endfacet
 facet normal  0.000000e+00 -0.000000e+00 -1.000000e+00
   outer loop
     vertex  7.912167e+00  1.165637e+01 -3.500000e-02
     vertex  7.997487e+00  1.150251e+01 -3.500000e-02
     vertex  7.882409e+00  1.161759e+01 -3.500000e-02
   endloop
 endfacet
 facet normal  0.000000e+00 -0.000000e+00 -1.000000e+00
   outer loop
     vertex  7.798465e+00  1.156913e+01 -3.500000e-02
     vertex  7.840587e+00  1.141193e+01 -3.500000e-02
     vertex  7.750000e+00  1.140000e+01 -3.500000e-02
   endloop
 endfacet
 facet normal  0.000000e+00  0.000000e+00 -1.000000e+00
   outer loop
     vertex  7.798465e+00  1.156913e+01 -3.500000e-02
     vertex  7.925000e+00  1.144689e+01 -3.500000e-02
     vertex  7.840587e+00  1.141193e+01 -3.500000e-02
   endloop
 endfacet
 facet normal  0.000000e+00  0.000000e+00 -1.000000e+00
   outer loop
     vertex  7.798465e+00  1.156913e+01 -3.500000e-02
     vertex  7.843627e+00  1.158783e+01 -3.500000e-02
     vertex  7.925000e+00  1.144689e+01 -3.500000e-02
   endloop
 endfacet
 facet normal  0.000000e+00 -0.000000e+00 -1.000000e+00
   outer loop
     vertex  7.930873e+00  1.170154e+01 -3.500000e-02
     vertex  8.088074e+00  1.165941e+01 -3.500000e-02
     vertex  7.912167e+00  1.165637e+01 -3.500000e-02
   endloop
 endfacet
 facet normal  0.000000e+00  0.000000e+00 -1.000000e+00
   outer loop
     vertex  7.937254e+00  1.175000e+01 -3.500000e-02
     vertex  8.088074e+00  1.184059e+01 -3.500000e-02
     vertex  8.100000e+00  1.175000e+01 -3.500000e-02
   endloop
 endfacet
 facet normal  0.000000e+00  0.000000e+00 -1.000000e+00
   outer loop
     vertex  7.937254e+00  1.175000e+01 -3.500000e-02
     vertex  8.100000e+00  1.175000e+01 -3.500000e-02
     vertex  8.088074e+00  1.165941e+01 -3.500000e-02
   endloop
 endfacet
 facet normal  0.000000e+00 -0.000000e+00 -1.000000e+00
   outer loop
     vertex  7.937254e+00  1.175000e+01 -3.500000e-02
     vertex  8.088074e+00  1.165941e+01 -3.500000e-02
     vertex  7.930873e+00  1.170154e+01 -3.500000e-02
   endloop
 endfacet
 facet normal  0.000000e+00  0.000000e+00 -1.000000e+00
   outer loop
     vertex  7.750000e+00  1.156275e+01 -3.500000e-02
     vertex  7.798465e+00  1.156913e+01 -3.500000e-02
     vertex  7.750000e+00  1.140000e+01 -3.500000e-02
   endloop
 endfacet
 facet normal  0.000000e+00 -0.000000e+00 -1.000000e+00
   outer loop
     vertex  7.701535e+00  1.156913e+01 -3.500000e-02
     vertex  7.750000e+00  1.140000e+01 -3.500000e-02
     vertex  7.659413e+00  1.141193e+01 -3.500000e-02
   endloop
 endfacet
 facet normal  0.000000e+00  0.000000e+00 -1.000000e+00
   outer loop
     vertex  7.701535e+00  1.156913e+01 -3.500000e-02
     vertex  7.750000e+00  1.156275e+01 -3.500000e-02
     vertex  7.750000e+00  1.140000e+01 -3.500000e-02
   endloop
 endfacet
 facet normal  0.000000e+00  0.000000e+00 -1.000000e+00
   outer loop
     vertex  7.930873e+00  1.179846e+01 -3.500000e-02
     vertex  8.088074e+00  1.184059e+01 -3.500000e-02
     vertex  7.937254e+00  1.175000e+01 -3.500000e-02
   endloop
 endfacet
 facet normal  0.000000e+00  0.000000e+00 -1.000000e+00
   outer loop
     vertex  7.912167e+00  1.184363e+01 -3.500000e-02
     vertex  8.053109e+00  1.192500e+01 -3.500000e-02
     vertex  8.088074e+00  1.184059e+01 -3.500000e-02
   endloop
 endfacet
 facet normal  0.000000e+00  0.000000e+00 -1.000000e+00
   outer loop
     vertex  7.912167e+00  1.184363e+01 -3.500000e-02
     vertex  8.088074e+00  1.184059e+01 -3.500000e-02
     vertex  7.930873e+00  1.179846e+01 -3.500000e-02
   endloop
 endfacet
 facet normal  0.000000e+00 -0.000000e+00 -1.000000e+00
   outer loop
     vertex  7.656373e+00  1.158783e+01 -3.500000e-02
     vertex  7.659413e+00  1.141193e+01 -3.500000e-02
     vertex  7.575000e+00  1.144689e+01 -3.500000e-02
   endloop
 endfacet
 facet normal  0.000000e+00  0.000000e+00 -1.000000e+00
   outer loop
     vertex  7.656373e+00  1.158783e+01 -3.500000e-02
     vertex  7.701535e+00  1.156913e+01 -3.500000e-02
     vertex  7.659413e+00  1.141193e+01 -3.500000e-02
   endloop
 endfacet
 facet normal  0.000000e+00  0.000000e+00 -1.000000e+00
   outer loop
     vertex  7.997487e+00  1.199749e+01 -3.500000e-02
     vertex  7.912167e+00  1.184363e+01 -3.500000e-02
     vertex  7.882409e+00  1.188241e+01 -3.500000e-02
   endloop
 endfacet
 facet normal  0.000000e+00 -0.000000e+00 -1.000000e+00
   outer loop
     vertex  7.997487e+00  1.199749e+01 -3.500000e-02
     vertex  8.053109e+00  1.192500e+01 -3.500000e-02
     vertex  7.912167e+00  1.184363e+01 -3.500000e-02
   endloop
 endfacet
 facet normal  0.000000e+00  0.000000e+00 -1.000000e+00
   outer loop
     vertex  7.617591e+00  1.161759e+01 -3.500000e-02
     vertex  7.575000e+00  1.144689e+01 -3.500000e-02
     vertex  7.502513e+00  1.150251e+01 -3.500000e-02
   endloop
 endfacet
 facet normal  0.000000e+00 -0.000000e+00 -1.000000e+00
   outer loop
     vertex  7.617591e+00  1.161759e+01 -3.500000e-02
     vertex  7.656373e+00  1.158783e+01 -3.500000e-02
     vertex  7.575000e+00  1.144689e+01 -3.500000e-02
   endloop
 endfacet
 facet normal  0.000000e+00  0.000000e+00 -1.000000e+00
   outer loop
     vertex  7.843627e+00  1.191217e+01 -3.500000e-02
     vertex  7.997487e+00  1.199749e+01 -3.500000e-02
     vertex  7.882409e+00  1.188241e+01 -3.500000e-02
   endloop
 endfacet
 facet normal  0.000000e+00  0.000000e+00 -1.000000e+00
   outer loop
     vertex  7.446891e+00  1.157500e+01 -3.500000e-02
     vertex  7.617591e+00  1.161759e+01 -3.500000e-02
     vertex  7.502513e+00  1.150251e+01 -3.500000e-02
   endloop
 endfacet
 facet normal  0.000000e+00  0.000000e+00 -1.000000e+00
   outer loop
     vertex  7.446891e+00  1.157500e+01 -3.500000e-02
     vertex  7.587833e+00  1.165637e+01 -3.500000e-02
     vertex  7.617591e+00  1.161759e+01 -3.500000e-02
   endloop
 endfacet
 facet normal  0.000000e+00 -0.000000e+00 -1.000000e+00
   outer loop
     vertex  7.925000e+00  1.205311e+01 -3.500000e-02
     vertex  7.997487e+00  1.199749e+01 -3.500000e-02
     vertex  7.843627e+00  1.191217e+01 -3.500000e-02
   endloop
 endfacet
 facet normal  0.000000e+00  0.000000e+00 -1.000000e+00
   outer loop
     vertex  7.840587e+00  1.208807e+01 -3.500000e-02
     vertex  7.925000e+00  1.205311e+01 -3.500000e-02
     vertex  7.843627e+00  1.191217e+01 -3.500000e-02
   endloop
 endfacet
 facet normal  0.000000e+00 -0.000000e+00 -1.000000e+00
   outer loop
     vertex  7.840587e+00  1.208807e+01 -3.500000e-02
     vertex  7.843627e+00  1.191217e+01 -3.500000e-02
     vertex  7.798465e+00  1.193087e+01 -3.500000e-02
   endloop
 endfacet
 facet normal  0.000000e+00  0.000000e+00 -1.000000e+00
   outer loop
     vertex  7.411926e+00  1.165941e+01 -3.500000e-02
     vertex  7.562746e+00  1.175000e+01 -3.500000e-02
     vertex  7.569127e+00  1.170154e+01 -3.500000e-02
   endloop
 endfacet
 facet normal  0.000000e+00  0.000000e+00 -1.000000e+00
   outer loop
     vertex  7.411926e+00  1.165941e+01 -3.500000e-02
     vertex  7.569127e+00  1.170154e+01 -3.500000e-02
     vertex  7.587833e+00  1.165637e+01 -3.500000e-02
   endloop
 endfacet
 facet normal  0.000000e+00  0.000000e+00 -1.000000e+00
   outer loop
     vertex  7.411926e+00  1.165941e+01 -3.500000e-02
     vertex  7.587833e+00  1.165637e+01 -3.500000e-02
     vertex  7.446891e+00  1.157500e+01 -3.500000e-02
   endloop
 endfacet
 facet normal  0.000000e+00  0.000000e+00 -1.000000e+00
   outer loop
     vertex  7.400000e+00  1.175000e+01 -3.500000e-02
     vertex  7.562746e+00  1.175000e+01 -3.500000e-02
     vertex  7.411926e+00  1.165941e+01 -3.500000e-02
   endloop
 endfacet
 facet normal  0.000000e+00  0.000000e+00 -1.000000e+00
   outer loop
     vertex  7.750000e+00  1.210000e+01 -3.500000e-02
     vertex  7.840587e+00  1.208807e+01 -3.500000e-02
     vertex  7.798465e+00  1.193087e+01 -3.500000e-02
   endloop
 endfacet
 facet normal  0.000000e+00  0.000000e+00 -1.000000e+00
   outer loop
     vertex  7.750000e+00  1.210000e+01 -3.500000e-02
     vertex  7.798465e+00  1.193087e+01 -3.500000e-02
     vertex  7.750000e+00  1.193725e+01 -3.500000e-02
   endloop
 endfacet
 facet normal  0.000000e+00 -0.000000e+00 -1.000000e+00
   outer loop
     vertex  7.750000e+00  1.210000e+01 -3.500000e-02
     vertex  7.750000e+00  1.193725e+01 -3.500000e-02
     vertex  7.701535e+00  1.193087e+01 -3.500000e-02
   endloop
 endfacet
 facet normal  0.000000e+00 -0.000000e+00 -1.000000e+00
   outer loop
     vertex  7.411926e+00  1.184059e+01 -3.500000e-02
     vertex  7.562746e+00  1.175000e+01 -3.500000e-02
     vertex  7.400000e+00  1.175000e+01 -3.500000e-02
   endloop
 endfacet
 facet normal  0.000000e+00  0.000000e+00 -1.000000e+00
   outer loop
     vertex  7.411926e+00  1.184059e+01 -3.500000e-02
     vertex  7.569127e+00  1.179846e+01 -3.500000e-02
     vertex  7.562746e+00  1.175000e+01 -3.500000e-02
   endloop
 endfacet
 facet normal  0.000000e+00  0.000000e+00 -1.000000e+00
   outer loop
     vertex  7.659413e+00  1.208807e+01 -3.500000e-02
     vertex  7.750000e+00  1.210000e+01 -3.500000e-02
     vertex  7.701535e+00  1.193087e+01 -3.500000e-02
   endloop
 endfacet
 facet normal  0.000000e+00  0.000000e+00 -1.000000e+00
   outer loop
     vertex  7.446891e+00  1.192500e+01 -3.500000e-02
     vertex  7.587833e+00  1.184363e+01 -3.500000e-02
     vertex  7.569127e+00  1.179846e+01 -3.500000e-02
   endloop
 endfacet
 facet normal  0.000000e+00 -0.000000e+00 -1.000000e+00
   outer loop
     vertex  7.446891e+00  1.192500e+01 -3.500000e-02
     vertex  7.569127e+00  1.179846e+01 -3.500000e-02
     vertex  7.411926e+00  1.184059e+01 -3.500000e-02
   endloop
 endfacet
 facet normal  0.000000e+00  0.000000e+00 -1.000000e+00
   outer loop
     vertex  7.575000e+00  1.205311e+01 -3.500000e-02
     vertex  7.701535e+00  1.193087e+01 -3.500000e-02
     vertex  7.656373e+00  1.191217e+01 -3.500000e-02
   endloop
 endfacet
 facet normal  0.000000e+00  0.000000e+00 -1.000000e+00
   outer loop
     vertex  7.575000e+00  1.205311e+01 -3.500000e-02
     vertex  7.659413e+00  1.208807e+01 -3.500000e-02
     vertex  7.701535e+00  1.193087e+01 -3.500000e-02
   endloop
 endfacet
 facet normal  0.000000e+00  0.000000e+00 -1.000000e+00
   outer loop
     vertex  7.502513e+00  1.199749e+01 -3.500000e-02
     vertex  7.656373e+00  1.191217e+01 -3.500000e-02
     vertex  7.617591e+00  1.188241e+01 -3.500000e-02
   endloop
 endfacet
 facet normal  0.000000e+00  0.000000e+00 -1.000000e+00
   outer loop
     vertex  7.502513e+00  1.199749e+01 -3.500000e-02
     vertex  7.617591e+00  1.188241e+01 -3.500000e-02
     vertex  7.587833e+00  1.184363e+01 -3.500000e-02
   endloop
 endfacet
 facet normal  0.000000e+00 -0.000000e+00 -1.000000e+00
   outer loop
     vertex  7.502513e+00  1.199749e+01 -3.500000e-02
     vertex  7.587833e+00  1.184363e+01 -3.500000e-02
     vertex  7.446891e+00  1.192500e+01 -3.500000e-02
   endloop
 endfacet
 facet normal  0.000000e+00  0.000000e+00 -1.000000e+00
   outer loop
     vertex  7.502513e+00  1.199749e+01 -3.500000e-02
     vertex  7.575000e+00  1.205311e+01 -3.500000e-02
     vertex  7.656373e+00  1.191217e+01 -3.500000e-02
   endloop
 endfacet
 facet normal -9.238792e-01  3.826843e-01  0.000000e+00
   outer loop
     vertex  1.375279e+00  1.658334e+01  1.510000e+00
     vertex  1.352882e+00  1.652926e+01  1.510000e+00
     vertex  1.352882e+00  1.652926e+01  1.545000e+00
   endloop
 endfacet
 facet normal -9.238792e-01  3.826843e-01  0.000000e+00
   outer loop
     vertex  1.375279e+00  1.658334e+01  1.510000e+00
     vertex  1.352882e+00  1.652926e+01  1.545000e+00
     vertex  1.375279e+00  1.658334e+01  1.545000e+00
   endloop
 endfacet
 facet normal -7.071074e-01  7.071062e-01  0.000000e+00
   outer loop
     vertex  2.588246e+00  1.779630e+01  1.510000e+00
     vertex  1.375279e+00  1.658334e+01  1.510000e+00
     vertex  1.375279e+00  1.658334e+01  1.545000e+00
   endloop
 endfacet
 facet normal -7.071074e-01  7.071062e-01  0.000000e+00
   outer loop
     vertex  2.588246e+00  1.779630e+01  1.510000e+00
     vertex  1.375279e+00  1.658334e+01  1.545000e+00
     vertex  2.588246e+00  1.779630e+01  1.545000e+00
   endloop
 endfacet
 facet normal  8.593777e-01  5.113414e-01  0.000000e+00
   outer loop
     vertex  2.639564e+00  1.771006e+01  1.510000e+00
     vertex  2.588246e+00  1.779630e+01  1.510000e+00
     vertex  2.588246e+00  1.779630e+01  1.545000e+00
   endloop
 endfacet
 facet normal  8.593777e-01  5.113414e-01 -0.000000e+00
   outer loop
     vertex  2.639564e+00  1.771006e+01  1.510000e+00
     vertex  2.588246e+00  1.779630e+01  1.545000e+00
     vertex  2.639564e+00  1.771006e+01  1.545000e+00
   endloop
 endfacet
 facet normal  7.066929e-01  7.075204e-01 -0.000000e+00
   outer loop
     vertex  2.710571e+00  1.763913e+01  1.510000e+00
     vertex  2.639564e+00  1.771006e+01  1.545000e+00
     vertex  2.710571e+00  1.763913e+01  1.545000e+00
   endloop
 endfacet
 facet normal  7.066929e-01  7.075204e-01  0.000000e+00
   outer loop
     vertex  2.710571e+00  1.763913e+01  1.510000e+00
     vertex  2.639564e+00  1.771006e+01  1.510000e+00
     vertex  2.639564e+00  1.771006e+01  1.545000e+00
   endloop
 endfacet
 facet normal  5.103354e-01  8.599755e-01 -0.000000e+00
   outer loop
     vertex  2.796878e+00  1.758792e+01  1.510000e+00
     vertex  2.710571e+00  1.763913e+01  1.545000e+00
     vertex  2.796878e+00  1.758792e+01  1.545000e+00
   endloop
 endfacet
 facet normal  5.103354e-01  8.599755e-01  0.000000e+00
   outer loop
     vertex  2.796878e+00  1.758792e+01  1.510000e+00
     vertex  2.710571e+00  1.763913e+01  1.510000e+00
     vertex  2.710571e+00  1.763913e+01  1.545000e+00
   endloop
 endfacet
 facet normal  7.080820e-01 -7.061302e-01  0.000000e+00
   outer loop
     vertex  1.650000e+00  1.643787e+01  1.510000e+00
     vertex  2.796878e+00  1.758792e+01  1.510000e+00
     vertex  2.796878e+00  1.758792e+01  1.545000e+00
   endloop
 endfacet
 facet normal  7.080820e-01 -7.061302e-01  0.000000e+00
   outer loop
     vertex  1.650000e+00  1.643787e+01  1.510000e+00
     vertex  2.796878e+00  1.758792e+01  1.545000e+00
     vertex  1.650000e+00  1.643787e+01  1.545000e+00
   endloop
 endfacet
 facet normal  9.999810e-01 -6.169458e-03  0.000000e+00
   outer loop
     vertex  1.647118e+00  1.597074e+01  1.510000e+00
     vertex  1.650000e+00  1.643787e+01  1.510000e+00
     vertex  1.650000e+00  1.643787e+01  1.545000e+00
   endloop
 endfacet
 facet normal  9.999810e-01 -6.169458e-03  0.000000e+00
   outer loop
     vertex  1.647118e+00  1.597074e+01  1.510000e+00
     vertex  1.650000e+00  1.643787e+01  1.545000e+00
     vertex  1.647118e+00  1.597074e+01  1.545000e+00
   endloop
 endfacet
 facet normal  9.238817e-01 -3.826782e-01  0.000000e+00
   outer loop
     vertex  1.624721e+00  1.591667e+01  1.510000e+00
     vertex  1.647118e+00  1.597074e+01  1.510000e+00
     vertex  1.647118e+00  1.597074e+01  1.545000e+00
   endloop
 endfacet
 facet normal  9.238817e-01 -3.826782e-01  0.000000e+00
   outer loop
     vertex  1.624721e+00  1.591667e+01  1.510000e+00
     vertex  1.647118e+00  1.597074e+01  1.545000e+00
     vertex  1.624721e+00  1.591667e+01  1.545000e+00
   endloop
 endfacet
 facet normal  7.090869e-01 -7.051211e-01  0.000000e+00
   outer loop
     vertex  9.000000e-01  1.518787e+01  1.510000e+00
     vertex  1.624721e+00  1.591667e+01  1.510000e+00
     vertex  1.624721e+00  1.591667e+01  1.545000e+00
   endloop
 endfacet
 facet normal  7.090869e-01 -7.051211e-01  0.000000e+00
   outer loop
     vertex  9.000000e-01  1.518787e+01  1.510000e+00
     vertex  1.624721e+00  1.591667e+01  1.545000e+00
     vertex  9.000000e-01  1.518787e+01  1.545000e+00
   endloop
 endfacet
 facet normal  1.000000e+00  0.000000e+00  0.000000e+00
   outer loop
     vertex  9.000000e-01  1.256213e+01  1.510000e+00
     vertex  9.000000e-01  1.518787e+01  1.510000e+00
     vertex  9.000000e-01  1.518787e+01  1.545000e+00
   endloop
 endfacet
 facet normal  1.000000e+00  0.000000e+00  0.000000e+00
   outer loop
     vertex  9.000000e-01  1.256213e+01  1.510000e+00
     vertex  9.000000e-01  1.518787e+01  1.545000e+00
     vertex  9.000000e-01  1.256213e+01  1.545000e+00
   endloop
 endfacet
 facet normal  7.071068e-01  7.071068e-01  0.000000e+00
   outer loop
     vertex  1.312132e+00  1.215000e+01  1.510000e+00
     vertex  9.000000e-01  1.256213e+01  1.510000e+00
     vertex  9.000000e-01  1.256213e+01  1.545000e+00
   endloop
 endfacet
 facet normal  7.071068e-01  7.071068e-01 -0.000000e+00
   outer loop
     vertex  1.312132e+00  1.215000e+01  1.510000e+00
     vertex  9.000000e-01  1.256213e+01  1.545000e+00
     vertex  1.312132e+00  1.215000e+01  1.545000e+00
   endloop
 endfacet
 facet normal  1.678378e-03  9.999986e-01  0.000000e+00
   outer loop
     vertex  3.029264e+00  1.214712e+01  1.510000e+00
     vertex  1.312132e+00  1.215000e+01  1.510000e+00
     vertex  1.312132e+00  1.215000e+01  1.545000e+00
   endloop
 endfacet
 facet normal  1.678378e-03  9.999986e-01 -0.000000e+00
   outer loop
     vertex  3.029264e+00  1.214712e+01  1.510000e+00
     vertex  1.312132e+00  1.215000e+01  1.545000e+00
     vertex  3.029264e+00  1.214712e+01  1.545000e+00
   endloop
 endfacet
 facet normal  3.826843e-01  9.238792e-01  0.000000e+00
   outer loop
     vertex  3.083335e+00  1.212472e+01  1.510000e+00
     vertex  3.029264e+00  1.214712e+01  1.510000e+00
     vertex  3.029264e+00  1.214712e+01  1.545000e+00
   endloop
 endfacet
 facet normal  3.826843e-01  9.238792e-01 -0.000000e+00
   outer loop
     vertex  3.083335e+00  1.212472e+01  1.510000e+00
     vertex  3.029264e+00  1.214712e+01  1.545000e+00
     vertex  3.083335e+00  1.212472e+01  1.545000e+00
   endloop
 endfacet
 facet normal  7.071068e-01  7.071068e-01  0.000000e+00
   outer loop
     vertex  4.874721e+00  1.033333e+01  1.510000e+00
     vertex  3.083335e+00  1.212472e+01  1.510000e+00
     vertex  3.083335e+00  1.212472e+01  1.545000e+00
   endloop
 endfacet
 facet normal  7.071068e-01  7.071068e-01 -0.000000e+00
   outer loop
     vertex  4.874721e+00  1.033333e+01  1.510000e+00
     vertex  3.083335e+00  1.212472e+01  1.545000e+00
     vertex  4.874721e+00  1.033333e+01  1.545000e+00
   endloop
 endfacet
 facet normal  9.238792e-01  3.826843e-01  0.000000e+00
   outer loop
     vertex  4.897118e+00  1.027926e+01  1.510000e+00
     vertex  4.874721e+00  1.033333e+01  1.510000e+00
     vertex  4.874721e+00  1.033333e+01  1.545000e+00
   endloop
 endfacet
 facet normal  9.238792e-01  3.826843e-01 -0.000000e+00
   outer loop
     vertex  4.897118e+00  1.027926e+01  1.510000e+00
     vertex  4.874721e+00  1.033333e+01  1.545000e+00
     vertex  4.897118e+00  1.027926e+01  1.545000e+00
   endloop
 endfacet
 facet normal  9.999997e-01  7.753287e-04  0.000000e+00
   outer loop
     vertex  4.900000e+00  6.562132e+00  1.510000e+00
     vertex  4.897118e+00  1.027926e+01  1.510000e+00
     vertex  4.897118e+00  1.027926e+01  1.545000e+00
   endloop
 endfacet
 facet normal  9.999997e-01  7.753287e-04 -0.000000e+00
   outer loop
     vertex  4.900000e+00  6.562132e+00  1.510000e+00
     vertex  4.897118e+00  1.027926e+01  1.545000e+00
     vertex  4.900000e+00  6.562132e+00  1.545000e+00
   endloop
 endfacet
 facet normal  7.101230e-01  7.040777e-01  0.000000e+00
   outer loop
     vertex  5.374721e+00  6.083335e+00  1.510000e+00
     vertex  4.900000e+00  6.562132e+00  1.510000e+00
     vertex  4.900000e+00  6.562132e+00  1.545000e+00
   endloop
 endfacet
 facet normal  7.101230e-01  7.040777e-01 -0.000000e+00
   outer loop
     vertex  5.374721e+00  6.083335e+00  1.510000e+00
     vertex  4.900000e+00  6.562132e+00  1.545000e+00
     vertex  5.374721e+00  6.083335e+00  1.545000e+00
   endloop
 endfacet
 facet normal  9.238792e-01  3.826843e-01  0.000000e+00
   outer loop
     vertex  5.397118e+00  6.029264e+00  1.510000e+00
     vertex  5.374721e+00  6.083335e+00  1.510000e+00
     vertex  5.374721e+00  6.083335e+00  1.545000e+00
   endloop
 endfacet
 facet normal  9.238792e-01  3.826843e-01 -0.000000e+00
   outer loop
     vertex  5.397118e+00  6.029264e+00  1.510000e+00
     vertex  5.374721e+00  6.083335e+00  1.545000e+00
     vertex  5.397118e+00  6.029264e+00  1.545000e+00
   endloop
 endfacet
 facet normal  1.000000e+00  0.000000e+00  0.000000e+00
   outer loop
     vertex  5.397118e+00  5.045736e+00  1.510000e+00
     vertex  5.397118e+00  6.029264e+00  1.510000e+00
     vertex  5.397118e+00  6.029264e+00  1.545000e+00
   endloop
 endfacet
 facet normal  1.000000e+00  0.000000e+00  0.000000e+00
   outer loop
     vertex  5.397118e+00  5.045736e+00  1.510000e+00
     vertex  5.397118e+00  6.029264e+00  1.545000e+00
     vertex  5.397118e+00  5.045736e+00  1.545000e+00
   endloop
 endfacet
 facet normal  9.488251e-01 -3.158019e-01  0.000000e+00
   outer loop
     vertex  5.385311e+00  5.010262e+00  1.510000e+00
     vertex  5.397118e+00  5.045736e+00  1.510000e+00
     vertex  5.397118e+00  5.045736e+00  1.545000e+00
   endloop
 endfacet
 facet normal  9.488251e-01 -3.158019e-01  0.000000e+00
   outer loop
     vertex  5.385311e+00  5.010262e+00  1.510000e+00
     vertex  5.397118e+00  5.045736e+00  1.545000e+00
     vertex  5.385311e+00  5.010262e+00  1.545000e+00
   endloop
 endfacet
 facet normal  8.412525e-01 -5.406425e-01  0.000000e+00
   outer loop
     vertex  5.365098e+00  4.978810e+00  1.510000e+00
     vertex  5.385311e+00  5.010262e+00  1.545000e+00
     vertex  5.365098e+00  4.978810e+00  1.545000e+00
   endloop
 endfacet
 facet normal  8.412525e-01 -5.406425e-01  0.000000e+00
   outer loop
     vertex  5.365098e+00  4.978810e+00  1.510000e+00
     vertex  5.385311e+00  5.010262e+00  1.510000e+00
     vertex  5.385311e+00  5.010262e+00  1.545000e+00
   endloop
 endfacet
 facet normal  6.814169e-01 -7.318955e-01  0.000000e+00
   outer loop
     vertex  5.337734e+00  4.953333e+00  1.510000e+00
     vertex  5.365098e+00  4.978810e+00  1.545000e+00
     vertex  5.337734e+00  4.953333e+00  1.545000e+00
   endloop
 endfacet
 facet normal  6.814169e-01 -7.318955e-01  0.000000e+00
   outer loop
     vertex  5.337734e+00  4.953333e+00  1.510000e+00
     vertex  5.365098e+00  4.978810e+00  1.510000e+00
     vertex  5.365098e+00  4.978810e+00  1.545000e+00
   endloop
 endfacet
 facet normal  4.792481e-01 -8.776795e-01  0.000000e+00
   outer loop
     vertex  5.304920e+00  4.935415e+00  1.510000e+00
     vertex  5.337734e+00  4.953333e+00  1.545000e+00
     vertex  5.304920e+00  4.935415e+00  1.545000e+00
   endloop
 endfacet
 facet normal  4.792481e-01 -8.776795e-01  0.000000e+00
   outer loop
     vertex  5.304920e+00  4.935415e+00  1.510000e+00
     vertex  5.337734e+00  4.953333e+00  1.510000e+00
     vertex  5.337734e+00  4.953333e+00  1.545000e+00
   endloop
 endfacet
 facet normal  2.473060e-01 -9.689374e-01  0.000000e+00
   outer loop
     vertex  5.268694e+00  4.926169e+00  1.510000e+00
     vertex  5.304920e+00  4.935415e+00  1.545000e+00
     vertex  5.268694e+00  4.926169e+00  1.545000e+00
   endloop
 endfacet
 facet normal  2.473060e-01 -9.689374e-01  0.000000e+00
   outer loop
     vertex  5.268694e+00  4.926169e+00  1.510000e+00
     vertex  5.304920e+00  4.935415e+00  1.510000e+00
     vertex  5.304920e+00  4.935415e+00  1.545000e+00
   endloop
 endfacet
 facet normal  0.000000e+00 -1.000000e+00  0.000000e+00
   outer loop
     vertex  5.231306e+00  4.926169e+00  1.510000e+00
     vertex  5.268694e+00  4.926169e+00  1.545000e+00
     vertex  5.231306e+00  4.926169e+00  1.545000e+00
   endloop
 endfacet
 facet normal  0.000000e+00 -1.000000e+00  0.000000e+00
   outer loop
     vertex  5.231306e+00  4.926169e+00  1.510000e+00
     vertex  5.268694e+00  4.926169e+00  1.510000e+00
     vertex  5.268694e+00  4.926169e+00  1.545000e+00
   endloop
 endfacet
 facet normal -2.473060e-01 -9.689374e-01  0.000000e+00
   outer loop
     vertex  5.195080e+00  4.935415e+00  1.510000e+00
     vertex  5.231306e+00  4.926169e+00  1.545000e+00
     vertex  5.195080e+00  4.935415e+00  1.545000e+00
   endloop
 endfacet
 facet normal -2.473060e-01 -9.689374e-01  0.000000e+00
   outer loop
     vertex  5.195080e+00  4.935415e+00  1.510000e+00
     vertex  5.231306e+00  4.926169e+00  1.510000e+00
     vertex  5.231306e+00  4.926169e+00  1.545000e+00
   endloop
 endfacet
 facet normal -4.792481e-01 -8.776795e-01  0.000000e+00
   outer loop
     vertex  5.162266e+00  4.953333e+00  1.510000e+00
     vertex  5.195080e+00  4.935415e+00  1.545000e+00
     vertex  5.162266e+00  4.953333e+00  1.545000e+00
   endloop
 endfacet
 facet normal -4.792481e-01 -8.776795e-01  0.000000e+00
   outer loop
     vertex  5.162266e+00  4.953333e+00  1.510000e+00
     vertex  5.195080e+00  4.935415e+00  1.510000e+00
     vertex  5.195080e+00  4.935415e+00  1.545000e+00
   endloop
 endfacet
 facet normal -6.814169e-01 -7.318955e-01  0.000000e+00
   outer loop
     vertex  5.134902e+00  4.978810e+00  1.510000e+00
     vertex  5.162266e+00  4.953333e+00  1.545000e+00
     vertex  5.134902e+00  4.978810e+00  1.545000e+00
   endloop
 endfacet
 facet normal -6.814169e-01 -7.318955e-01  0.000000e+00
   outer loop
     vertex  5.134902e+00  4.978810e+00  1.510000e+00
     vertex  5.162266e+00  4.953333e+00  1.510000e+00
     vertex  5.162266e+00  4.953333e+00  1.545000e+00
   endloop
 endfacet
 facet normal -8.412525e-01 -5.406425e-01  0.000000e+00
   outer loop
     vertex  5.114689e+00  5.010262e+00  1.510000e+00
     vertex  5.134902e+00  4.978810e+00  1.545000e+00
     vertex  5.114689e+00  5.010262e+00  1.545000e+00
   endloop
 endfacet
 facet normal -8.412525e-01 -5.406425e-01  0.000000e+00
   outer loop
     vertex  5.114689e+00  5.010262e+00  1.510000e+00
     vertex  5.134902e+00  4.978810e+00  1.510000e+00
     vertex  5.134902e+00  4.978810e+00  1.545000e+00
   endloop
 endfacet
 facet normal -9.488251e-01 -3.158019e-01  0.000000e+00
   outer loop
     vertex  5.102882e+00  5.045736e+00  1.510000e+00
     vertex  5.114689e+00  5.010262e+00  1.545000e+00
     vertex  5.102882e+00  5.045736e+00  1.545000e+00
   endloop
 endfacet
 facet normal -9.488251e-01 -3.158019e-01  0.000000e+00
   outer loop
     vertex  5.102882e+00  5.045736e+00  1.510000e+00
     vertex  5.114689e+00  5.010262e+00  1.510000e+00
     vertex  5.114689e+00  5.010262e+00  1.545000e+00
   endloop
 endfacet
 facet normal -9.999948e-01 -3.230447e-03  0.000000e+00
   outer loop
     vertex  5.100000e+00  5.937868e+00  1.510000e+00
     vertex  5.102882e+00  5.045736e+00  1.510000e+00
     vertex  5.102882e+00  5.045736e+00  1.545000e+00
   endloop
 endfacet
 facet normal -9.999948e-01 -3.230447e-03  0.000000e+00
   outer loop
     vertex  5.100000e+00  5.937868e+00  1.510000e+00
     vertex  5.102882e+00  5.045736e+00  1.545000e+00
     vertex  5.100000e+00  5.937868e+00  1.545000e+00
   endloop
 endfacet
 facet normal -7.101230e-01 -7.040777e-01  0.000000e+00
   outer loop
     vertex  4.625279e+00  6.416665e+00  1.510000e+00
     vertex  5.100000e+00  5.937868e+00  1.510000e+00
     vertex  5.100000e+00  5.937868e+00  1.545000e+00
   endloop
 endfacet
 facet normal -7.101230e-01 -7.040777e-01  0.000000e+00
   outer loop
     vertex  4.625279e+00  6.416665e+00  1.510000e+00
     vertex  5.100000e+00  5.937868e+00  1.545000e+00
     vertex  4.625279e+00  6.416665e+00  1.545000e+00
   endloop
 endfacet
 facet normal -9.238817e-01 -3.826782e-01  0.000000e+00
   outer loop
     vertex  4.602882e+00  6.470737e+00  1.510000e+00
     vertex  4.625279e+00  6.416665e+00  1.510000e+00
     vertex  4.625279e+00  6.416665e+00  1.545000e+00
   endloop
 endfacet
 facet normal -9.238817e-01 -3.826782e-01  0.000000e+00
   outer loop
     vertex  4.602882e+00  6.470737e+00  1.510000e+00
     vertex  4.625279e+00  6.416665e+00  1.545000e+00
     vertex  4.602882e+00  6.470737e+00  1.545000e+00
   endloop
 endfacet
 facet normal -9.999997e-01 -7.753289e-04  0.000000e+00
   outer loop
     vertex  4.600000e+00  1.018787e+01  1.510000e+00
     vertex  4.602882e+00  6.470737e+00  1.510000e+00
     vertex  4.602882e+00  6.470737e+00  1.545000e+00
   endloop
 endfacet
 facet normal -9.999997e-01 -7.753289e-04  0.000000e+00
   outer loop
     vertex  4.600000e+00  1.018787e+01  1.510000e+00
     vertex  4.602882e+00  6.470737e+00  1.545000e+00
     vertex  4.600000e+00  1.018787e+01  1.545000e+00
   endloop
 endfacet
 facet normal -7.071068e-01 -7.071068e-01  0.000000e+00
   outer loop
     vertex  2.937868e+00  1.185000e+01  1.510000e+00
     vertex  4.600000e+00  1.018787e+01  1.510000e+00
     vertex  4.600000e+00  1.018787e+01  1.545000e+00
   endloop
 endfacet
 facet normal -7.071068e-01 -7.071068e-01  0.000000e+00
   outer loop
     vertex  2.937868e+00  1.185000e+01  1.510000e+00
     vertex  4.600000e+00  1.018787e+01  1.545000e+00
     vertex  2.937868e+00  1.185000e+01  1.545000e+00
   endloop
 endfacet
 facet normal -1.678378e-03 -9.999986e-01  0.000000e+00
   outer loop
     vertex  1.220736e+00  1.185288e+01  1.510000e+00
     vertex  2.937868e+00  1.185000e+01  1.510000e+00
     vertex  2.937868e+00  1.185000e+01  1.545000e+00
   endloop
 endfacet
 facet normal -1.678378e-03 -9.999986e-01  0.000000e+00
   outer loop
     vertex  1.220736e+00  1.185288e+01  1.510000e+00
     vertex  2.937868e+00  1.185000e+01  1.545000e+00
     vertex  1.220736e+00  1.185288e+01  1.545000e+00
   endloop
 endfacet
 facet normal -3.826843e-01 -9.238792e-01  0.000000e+00
   outer loop
     vertex  1.166665e+00  1.187528e+01  1.510000e+00
     vertex  1.220736e+00  1.185288e+01  1.510000e+00
     vertex  1.220736e+00  1.185288e+01  1.545000e+00
   endloop
 endfacet
 facet normal -3.826843e-01 -9.238792e-01  0.000000e+00
   outer loop
     vertex  1.166665e+00  1.187528e+01  1.510000e+00
     vertex  1.220736e+00  1.185288e+01  1.545000e+00
     vertex  1.166665e+00  1.187528e+01  1.545000e+00
   endloop
 endfacet
 facet normal -7.071068e-01 -7.071068e-01  0.000000e+00
   outer loop
     vertex  6.252790e-01  1.241667e+01  1.510000e+00
     vertex  1.166665e+00  1.187528e+01  1.510000e+00
     vertex  1.166665e+00  1.187528e+01  1.545000e+00
   endloop
 endfacet
 facet normal -7.071068e-01 -7.071068e-01  0.000000e+00
   outer loop
     vertex  6.252790e-01  1.241667e+01  1.510000e+00
     vertex  1.166665e+00  1.187528e+01  1.545000e+00
     vertex  6.252790e-01  1.241667e+01  1.545000e+00
   endloop
 endfacet
 facet normal -9.238817e-01 -3.826782e-01  0.000000e+00
   outer loop
     vertex  6.028820e-01  1.247074e+01  1.510000e+00
     vertex  6.252790e-01  1.241667e+01  1.510000e+00
     vertex  6.252790e-01  1.241667e+01  1.545000e+00
   endloop
 endfacet
 facet normal -9.238817e-01 -3.826782e-01  0.000000e+00
   outer loop
     vertex  6.028820e-01  1.247074e+01  1.510000e+00
     vertex  6.252790e-01  1.241667e+01  1.545000e+00
     vertex  6.028820e-01  1.247074e+01  1.545000e+00
   endloop
 endfacet
 facet normal -1.000000e+00  0.000000e+00  0.000000e+00
   outer loop
     vertex  6.028820e-01  1.527926e+01  1.510000e+00
     vertex  6.028820e-01  1.247074e+01  1.510000e+00
     vertex  6.028820e-01  1.247074e+01  1.545000e+00
   endloop
 endfacet
 facet normal -1.000000e+00  0.000000e+00  0.000000e+00
   outer loop
     vertex  6.028820e-01  1.527926e+01  1.510000e+00
     vertex  6.028820e-01  1.247074e+01  1.545000e+00
     vertex  6.028820e-01  1.527926e+01  1.545000e+00
   endloop
 endfacet
 facet normal -9.238792e-01  3.826843e-01  0.000000e+00
   outer loop
     vertex  6.252790e-01  1.533333e+01  1.510000e+00
     vertex  6.028820e-01  1.527926e+01  1.510000e+00
     vertex  6.028820e-01  1.527926e+01  1.545000e+00
   endloop
 endfacet
 facet normal -9.238792e-01  3.826843e-01  0.000000e+00
   outer loop
     vertex  6.252790e-01  1.533333e+01  1.510000e+00
     vertex  6.028820e-01  1.527926e+01  1.545000e+00
     vertex  6.252790e-01  1.533333e+01  1.545000e+00
   endloop
 endfacet
 facet normal -7.090869e-01  7.051211e-01  0.000000e+00
   outer loop
     vertex  1.350000e+00  1.606213e+01  1.510000e+00
     vertex  6.252790e-01  1.533333e+01  1.510000e+00
     vertex  6.252790e-01  1.533333e+01  1.545000e+00
   endloop
 endfacet
 facet normal -7.090869e-01  7.051211e-01  0.000000e+00
   outer loop
     vertex  1.350000e+00  1.606213e+01  1.510000e+00
     vertex  6.252790e-01  1.533333e+01  1.545000e+00
     vertex  1.350000e+00  1.606213e+01  1.545000e+00
   endloop
 endfacet
 facet normal -9.999810e-01  6.169445e-03  0.000000e+00
   outer loop
     vertex  1.352882e+00  1.652926e+01  1.510000e+00
     vertex  1.350000e+00  1.606213e+01  1.510000e+00
     vertex  1.350000e+00  1.606213e+01  1.545000e+00
   endloop
 endfacet
 facet normal -9.999810e-01  6.169445e-03  0.000000e+00
   outer loop
     vertex  1.352882e+00  1.652926e+01  1.510000e+00
     vertex  1.350000e+00  1.606213e+01  1.545000e+00
     vertex  1.352882e+00  1.652926e+01  1.545000e+00
   endloop
 endfacet
 facet normal  0.000000e+00  0.000000e+00 -1.000000e+00
   outer loop
     vertex  5.102882e+00  5.045736e+00  1.510000e+00
     vertex  5.195080e+00  4.935415e+00  1.510000e+00
     vertex  5.162266e+00  4.953333e+00  1.510000e+00
   endloop
 endfacet
 facet normal  0.000000e+00  0.000000e+00 -1.000000e+00
   outer loop
     vertex  5.102882e+00  5.045736e+00  1.510000e+00
     vertex  5.162266e+00  4.953333e+00  1.510000e+00
     vertex  5.134902e+00  4.978810e+00  1.510000e+00
   endloop
 endfacet
 facet normal  0.000000e+00  0.000000e+00 -1.000000e+00
   outer loop
     vertex  5.102882e+00  5.045736e+00  1.510000e+00
     vertex  5.134902e+00  4.978810e+00  1.510000e+00
     vertex  5.114689e+00  5.010262e+00  1.510000e+00
   endloop
 endfacet
 facet normal  0.000000e+00  0.000000e+00 -1.000000e+00
   outer loop
     vertex  5.268694e+00  4.926169e+00  1.510000e+00
     vertex  5.231306e+00  4.926169e+00  1.510000e+00
     vertex  5.195080e+00  4.935415e+00  1.510000e+00
   endloop
 endfacet
 facet normal  0.000000e+00  0.000000e+00 -1.000000e+00
   outer loop
     vertex  5.268694e+00  4.926169e+00  1.510000e+00
     vertex  5.195080e+00  4.935415e+00  1.510000e+00
     vertex  5.102882e+00  5.045736e+00  1.510000e+00
   endloop
 endfacet
 facet normal  0.000000e+00  0.000000e+00 -1.000000e+00
   outer loop
     vertex  5.337734e+00  4.953333e+00  1.510000e+00
     vertex  5.304920e+00  4.935415e+00  1.510000e+00
     vertex  5.268694e+00  4.926169e+00  1.510000e+00
   endloop
 endfacet
 facet normal  0.000000e+00  0.000000e+00 -1.000000e+00
   outer loop
     vertex  5.385311e+00  5.010262e+00  1.510000e+00
     vertex  5.365098e+00  4.978810e+00  1.510000e+00
     vertex  5.337734e+00  4.953333e+00  1.510000e+00
   endloop
 endfacet
 facet normal  0.000000e+00  0.000000e+00 -1.000000e+00
   outer loop
     vertex  5.385311e+00  5.010262e+00  1.510000e+00
     vertex  5.337734e+00  4.953333e+00  1.510000e+00
     vertex  5.268694e+00  4.926169e+00  1.510000e+00
   endloop
 endfacet
 facet normal -0.000000e+00  0.000000e+00 -1.000000e+00
   outer loop
     vertex  5.397118e+00  5.045736e+00  1.510000e+00
     vertex  5.268694e+00  4.926169e+00  1.510000e+00
     vertex  5.102882e+00  5.045736e+00  1.510000e+00
   endloop
 endfacet
 facet normal  0.000000e+00  0.000000e+00 -1.000000e+00
   outer loop
     vertex  5.397118e+00  5.045736e+00  1.510000e+00
     vertex  5.385311e+00  5.010262e+00  1.510000e+00
     vertex  5.268694e+00  4.926169e+00  1.510000e+00
   endloop
 endfacet
 facet normal  0.000000e+00  0.000000e+00 -1.000000e+00
   outer loop
     vertex  5.100000e+00  5.937868e+00  1.510000e+00
     vertex  5.397118e+00  5.045736e+00  1.510000e+00
     vertex  5.102882e+00  5.045736e+00  1.510000e+00
   endloop
 endfacet
 facet normal  0.000000e+00 -0.000000e+00 -1.000000e+00
   outer loop
     vertex  5.397118e+00  6.029264e+00  1.510000e+00
     vertex  5.397118e+00  5.045736e+00  1.510000e+00
     vertex  5.100000e+00  5.937868e+00  1.510000e+00
   endloop
 endfacet
 facet normal  0.000000e+00 -0.000000e+00 -1.000000e+00
   outer loop
     vertex  5.374721e+00  6.083335e+00  1.510000e+00
     vertex  5.397118e+00  6.029264e+00  1.510000e+00
     vertex  5.100000e+00  5.937868e+00  1.510000e+00
   endloop
 endfacet
 facet normal  0.000000e+00  0.000000e+00 -1.000000e+00
   outer loop
     vertex  4.900000e+00  6.562132e+00  1.510000e+00
     vertex  4.625279e+00  6.416665e+00  1.510000e+00
     vertex  4.602882e+00  6.470737e+00  1.510000e+00
   endloop
 endfacet
 facet normal  0.000000e+00 -0.000000e+00 -1.000000e+00
   outer loop
     vertex  4.900000e+00  6.562132e+00  1.510000e+00
     vertex  5.100000e+00  5.937868e+00  1.510000e+00
     vertex  4.625279e+00  6.416665e+00  1.510000e+00
   endloop
 endfacet
 facet normal  0.000000e+00  0.000000e+00 -1.000000e+00
   outer loop
     vertex  4.900000e+00  6.562132e+00  1.510000e+00
     vertex  5.374721e+00  6.083335e+00  1.510000e+00
     vertex  5.100000e+00  5.937868e+00  1.510000e+00
   endloop
 endfacet
 facet normal  0.000000e+00  0.000000e+00 -1.000000e+00
   outer loop
     vertex  1.312132e+00  1.215000e+01  1.510000e+00
     vertex  1.220736e+00  1.185288e+01  1.510000e+00
     vertex  1.166665e+00  1.187528e+01  1.510000e+00
   endloop
 endfacet
 facet normal  0.000000e+00  0.000000e+00 -1.000000e+00
   outer loop
     vertex  9.000000e-01  1.256213e+01  1.510000e+00
     vertex  6.252790e-01  1.241667e+01  1.510000e+00
     vertex  6.028820e-01  1.247074e+01  1.510000e+00
   endloop
 endfacet
 facet normal  0.000000e+00 -0.000000e+00 -1.000000e+00
   outer loop
     vertex  9.000000e-01  1.256213e+01  1.510000e+00
     vertex  1.166665e+00  1.187528e+01  1.510000e+00
     vertex  6.252790e-01  1.241667e+01  1.510000e+00
   endloop
 endfacet
 facet normal  0.000000e+00  0.000000e+00 -1.000000e+00
   outer loop
     vertex  9.000000e-01  1.256213e+01  1.510000e+00
     vertex  1.312132e+00  1.215000e+01  1.510000e+00
     vertex  1.166665e+00  1.187528e+01  1.510000e+00
   endloop
 endfacet
 facet normal  0.000000e+00  0.000000e+00 -1.000000e+00
   outer loop
     vertex  4.600000e+00  1.018787e+01  1.510000e+00
     vertex  4.900000e+00  6.562132e+00  1.510000e+00
     vertex  4.602882e+00  6.470737e+00  1.510000e+00
   endloop
 endfacet
 facet normal  0.000000e+00  0.000000e+00 -1.000000e+00
   outer loop
     vertex  2.937868e+00  1.185000e+01  1.510000e+00
     vertex  1.220736e+00  1.185288e+01  1.510000e+00
     vertex  1.312132e+00  1.215000e+01  1.510000e+00
   endloop
 endfacet
 facet normal  0.000000e+00 -0.000000e+00 -1.000000e+00
   outer loop
     vertex  4.897118e+00  1.027926e+01  1.510000e+00
     vertex  4.900000e+00  6.562132e+00  1.510000e+00
     vertex  4.600000e+00  1.018787e+01  1.510000e+00
   endloop
 endfacet
 facet normal -0.000000e+00  0.000000e+00 -1.000000e+00
   outer loop
     vertex  3.029264e+00  1.214712e+01  1.510000e+00
     vertex  2.937868e+00  1.185000e+01  1.510000e+00
     vertex  1.312132e+00  1.215000e+01  1.510000e+00
   endloop
 endfacet
 facet normal  0.000000e+00 -0.000000e+00 -1.000000e+00
   outer loop
     vertex  4.874721e+00  1.033333e+01  1.510000e+00
     vertex  4.897118e+00  1.027926e+01  1.510000e+00
     vertex  4.600000e+00  1.018787e+01  1.510000e+00
   endloop
 endfacet
 facet normal  0.000000e+00  0.000000e+00 -1.000000e+00
   outer loop
     vertex  3.083335e+00  1.212472e+01  1.510000e+00
     vertex  4.874721e+00  1.033333e+01  1.510000e+00
     vertex  4.600000e+00  1.018787e+01  1.510000e+00
   endloop
 endfacet
 facet normal  0.000000e+00 -0.000000e+00 -1.000000e+00
   outer loop
     vertex  3.083335e+00  1.212472e+01  1.510000e+00
     vertex  4.600000e+00  1.018787e+01  1.510000e+00
     vertex  2.937868e+00  1.185000e+01  1.510000e+00
   endloop
 endfacet
 facet normal -0.000000e+00  0.000000e+00 -1.000000e+00
   outer loop
     vertex  3.083335e+00  1.212472e+01  1.510000e+00
     vertex  2.937868e+00  1.185000e+01  1.510000e+00
     vertex  3.029264e+00  1.214712e+01  1.510000e+00
   endloop
 endfacet
 facet normal  0.000000e+00  0.000000e+00 -1.000000e+00
   outer loop
     vertex  9.000000e-01  1.518787e+01  1.510000e+00
     vertex  6.028820e-01  1.527926e+01  1.510000e+00
     vertex  6.252790e-01  1.533333e+01  1.510000e+00
   endloop
 endfacet
 facet normal -0.000000e+00  0.000000e+00 -1.000000e+00
   outer loop
     vertex  9.000000e-01  1.518787e+01  1.510000e+00
     vertex  6.028820e-01  1.247074e+01  1.510000e+00
     vertex  6.028820e-01  1.527926e+01  1.510000e+00
   endloop
 endfacet
 facet normal  0.000000e+00 -0.000000e+00 -1.000000e+00
   outer loop
     vertex  9.000000e-01  1.518787e+01  1.510000e+00
     vertex  9.000000e-01  1.256213e+01  1.510000e+00
     vertex  6.028820e-01  1.247074e+01  1.510000e+00
   endloop
 endfacet
 facet normal  0.000000e+00  0.000000e+00 -1.000000e+00
   outer loop
     vertex  1.350000e+00  1.606213e+01  1.510000e+00
     vertex  9.000000e-01  1.518787e+01  1.510000e+00
     vertex  6.252790e-01  1.533333e+01  1.510000e+00
   endloop
 endfacet
 facet normal -0.000000e+00  0.000000e+00 -1.000000e+00
   outer loop
     vertex  1.624721e+00  1.591667e+01  1.510000e+00
     vertex  9.000000e-01  1.518787e+01  1.510000e+00
     vertex  1.350000e+00  1.606213e+01  1.510000e+00
   endloop
 endfacet
 facet normal -0.000000e+00  0.000000e+00 -1.000000e+00
   outer loop
     vertex  1.647118e+00  1.597074e+01  1.510000e+00
     vertex  1.624721e+00  1.591667e+01  1.510000e+00
     vertex  1.350000e+00  1.606213e+01  1.510000e+00
   endloop
 endfacet
 facet normal -0.000000e+00  0.000000e+00 -1.000000e+00
   outer loop
     vertex  1.650000e+00  1.643787e+01  1.510000e+00
     vertex  1.350000e+00  1.606213e+01  1.510000e+00
     vertex  1.352882e+00  1.652926e+01  1.510000e+00
   endloop
 endfacet
 facet normal  0.000000e+00  0.000000e+00 -1.000000e+00
   outer loop
     vertex  1.650000e+00  1.643787e+01  1.510000e+00
     vertex  1.647118e+00  1.597074e+01  1.510000e+00
     vertex  1.350000e+00  1.606213e+01  1.510000e+00
   endloop
 endfacet
 facet normal  0.000000e+00  0.000000e+00 -1.000000e+00
   outer loop
     vertex  1.650000e+00  1.643787e+01  1.510000e+00
     vertex  1.352882e+00  1.652926e+01  1.510000e+00
     vertex  1.375279e+00  1.658334e+01  1.510000e+00
   endloop
 endfacet
 facet normal  0.000000e+00  0.000000e+00 -1.000000e+00
   outer loop
     vertex  2.639564e+00  1.771006e+01  1.510000e+00
     vertex  1.650000e+00  1.643787e+01  1.510000e+00
     vertex  1.375279e+00  1.658334e+01  1.510000e+00
   endloop
 endfacet
 facet normal -0.000000e+00  0.000000e+00 -1.000000e+00
   outer loop
     vertex  2.710571e+00  1.763913e+01  1.510000e+00
     vertex  1.650000e+00  1.643787e+01  1.510000e+00
     vertex  2.639564e+00  1.771006e+01  1.510000e+00
   endloop
 endfacet
 facet normal  0.000000e+00 -0.000000e+00 -1.000000e+00
   outer loop
     vertex  2.588246e+00  1.779630e+01  1.510000e+00
     vertex  2.639564e+00  1.771006e+01  1.510000e+00
     vertex  1.375279e+00  1.658334e+01  1.510000e+00
   endloop
 endfacet
 facet normal -0.000000e+00  0.000000e+00 -1.000000e+00
   outer loop
     vertex  2.796878e+00  1.758792e+01  1.510000e+00
     vertex  1.650000e+00  1.643787e+01  1.510000e+00
     vertex  2.710571e+00  1.763913e+01  1.510000e+00
   endloop
 endfacet
 facet normal  0.000000e+00  0.000000e+00  1.000000e+00
   outer loop
     vertex  5.102882e+00  5.045736e+00  1.545000e+00
     vertex  5.162266e+00  4.953333e+00  1.545000e+00
     vertex  5.195080e+00  4.935415e+00  1.545000e+00
   endloop
 endfacet
 facet normal  0.000000e+00  0.000000e+00  1.000000e+00
   outer loop
     vertex  5.102882e+00  5.045736e+00  1.545000e+00
     vertex  5.134902e+00  4.978810e+00  1.545000e+00
     vertex  5.162266e+00  4.953333e+00  1.545000e+00
   endloop
 endfacet
 facet normal  0.000000e+00  0.000000e+00  1.000000e+00
   outer loop
     vertex  5.102882e+00  5.045736e+00  1.545000e+00
     vertex  5.114689e+00  5.010262e+00  1.545000e+00
     vertex  5.134902e+00  4.978810e+00  1.545000e+00
   endloop
 endfacet
 facet normal  0.000000e+00  0.000000e+00  1.000000e+00
   outer loop
     vertex  5.268694e+00  4.926169e+00  1.545000e+00
     vertex  5.195080e+00  4.935415e+00  1.545000e+00
     vertex  5.231306e+00  4.926169e+00  1.545000e+00
   endloop
 endfacet
 facet normal  0.000000e+00  0.000000e+00  1.000000e+00
   outer loop
     vertex  5.268694e+00  4.926169e+00  1.545000e+00
     vertex  5.102882e+00  5.045736e+00  1.545000e+00
     vertex  5.195080e+00  4.935415e+00  1.545000e+00
   endloop
 endfacet
 facet normal  0.000000e+00  0.000000e+00  1.000000e+00
   outer loop
     vertex  5.337734e+00  4.953333e+00  1.545000e+00
     vertex  5.268694e+00  4.926169e+00  1.545000e+00
     vertex  5.304920e+00  4.935415e+00  1.545000e+00
   endloop
 endfacet
 facet normal  0.000000e+00  0.000000e+00  1.000000e+00
   outer loop
     vertex  5.385311e+00  5.010262e+00  1.545000e+00
     vertex  5.337734e+00  4.953333e+00  1.545000e+00
     vertex  5.365098e+00  4.978810e+00  1.545000e+00
   endloop
 endfacet
 facet normal  0.000000e+00  0.000000e+00  1.000000e+00
   outer loop
     vertex  5.385311e+00  5.010262e+00  1.545000e+00
     vertex  5.268694e+00  4.926169e+00  1.545000e+00
     vertex  5.337734e+00  4.953333e+00  1.545000e+00
   endloop
 endfacet
 facet normal  0.000000e+00  0.000000e+00  1.000000e+00
   outer loop
     vertex  5.397118e+00  5.045736e+00  1.545000e+00
     vertex  5.102882e+00  5.045736e+00  1.545000e+00
     vertex  5.268694e+00  4.926169e+00  1.545000e+00
   endloop
 endfacet
 facet normal  0.000000e+00  0.000000e+00  1.000000e+00
   outer loop
     vertex  5.397118e+00  5.045736e+00  1.545000e+00
     vertex  5.268694e+00  4.926169e+00  1.545000e+00
     vertex  5.385311e+00  5.010262e+00  1.545000e+00
   endloop
 endfacet
 facet normal  0.000000e+00  0.000000e+00  1.000000e+00
   outer loop
     vertex  5.100000e+00  5.937868e+00  1.545000e+00
     vertex  5.102882e+00  5.045736e+00  1.545000e+00
     vertex  5.397118e+00  5.045736e+00  1.545000e+00
   endloop
 endfacet
 facet normal  0.000000e+00  0.000000e+00  1.000000e+00
   outer loop
     vertex  5.397118e+00  6.029264e+00  1.545000e+00
     vertex  5.100000e+00  5.937868e+00  1.545000e+00
     vertex  5.397118e+00  5.045736e+00  1.545000e+00
   endloop
 endfacet
 facet normal  0.000000e+00  0.000000e+00  1.000000e+00
   outer loop
     vertex  5.374721e+00  6.083335e+00  1.545000e+00
     vertex  5.100000e+00  5.937868e+00  1.545000e+00
     vertex  5.397118e+00  6.029264e+00  1.545000e+00
   endloop
 endfacet
 facet normal  0.000000e+00  0.000000e+00  1.000000e+00
   outer loop
     vertex  4.900000e+00  6.562132e+00  1.545000e+00
     vertex  4.602882e+00  6.470737e+00  1.545000e+00
     vertex  4.625279e+00  6.416665e+00  1.545000e+00
   endloop
 endfacet
 facet normal  0.000000e+00  0.000000e+00  1.000000e+00
   outer loop
     vertex  4.900000e+00  6.562132e+00  1.545000e+00
     vertex  4.625279e+00  6.416665e+00  1.545000e+00
     vertex  5.100000e+00  5.937868e+00  1.545000e+00
   endloop
 endfacet
 facet normal  0.000000e+00  0.000000e+00  1.000000e+00
   outer loop
     vertex  4.900000e+00  6.562132e+00  1.545000e+00
     vertex  5.100000e+00  5.937868e+00  1.545000e+00
     vertex  5.374721e+00  6.083335e+00  1.545000e+00
   endloop
 endfacet
 facet normal  0.000000e+00  0.000000e+00  1.000000e+00
   outer loop
     vertex  1.312132e+00  1.215000e+01  1.545000e+00
     vertex  1.166665e+00  1.187528e+01  1.545000e+00
     vertex  1.220736e+00  1.185288e+01  1.545000e+00
   endloop
 endfacet
 facet normal  0.000000e+00  0.000000e+00  1.000000e+00
   outer loop
     vertex  9.000000e-01  1.256213e+01  1.545000e+00
     vertex  6.028820e-01  1.247074e+01  1.545000e+00
     vertex  6.252790e-01  1.241667e+01  1.545000e+00
   endloop
 endfacet
 facet normal  0.000000e+00  0.000000e+00  1.000000e+00
   outer loop
     vertex  9.000000e-01  1.256213e+01  1.545000e+00
     vertex  6.252790e-01  1.241667e+01  1.545000e+00
     vertex  1.166665e+00  1.187528e+01  1.545000e+00
   endloop
 endfacet
 facet normal  0.000000e+00  0.000000e+00  1.000000e+00
   outer loop
     vertex  9.000000e-01  1.256213e+01  1.545000e+00
     vertex  1.166665e+00  1.187528e+01  1.545000e+00
     vertex  1.312132e+00  1.215000e+01  1.545000e+00
   endloop
 endfacet
 facet normal  0.000000e+00  0.000000e+00  1.000000e+00
   outer loop
     vertex  4.600000e+00  1.018787e+01  1.545000e+00
     vertex  4.602882e+00  6.470737e+00  1.545000e+00
     vertex  4.900000e+00  6.562132e+00  1.545000e+00
   endloop
 endfacet
 facet normal  0.000000e+00  0.000000e+00  1.000000e+00
   outer loop
     vertex  2.937868e+00  1.185000e+01  1.545000e+00
     vertex  1.312132e+00  1.215000e+01  1.545000e+00
     vertex  1.220736e+00  1.185288e+01  1.545000e+00
   endloop
 endfacet
 facet normal  0.000000e+00  0.000000e+00  1.000000e+00
   outer loop
     vertex  4.897118e+00  1.027926e+01  1.545000e+00
     vertex  4.600000e+00  1.018787e+01  1.545000e+00
     vertex  4.900000e+00  6.562132e+00  1.545000e+00
   endloop
 endfacet
 facet normal  0.000000e+00  0.000000e+00  1.000000e+00
   outer loop
     vertex  3.029264e+00  1.214712e+01  1.545000e+00
     vertex  1.312132e+00  1.215000e+01  1.545000e+00
     vertex  2.937868e+00  1.185000e+01  1.545000e+00
   endloop
 endfacet
 facet normal  0.000000e+00  0.000000e+00  1.000000e+00
   outer loop
     vertex  4.874721e+00  1.033333e+01  1.545000e+00
     vertex  4.600000e+00  1.018787e+01  1.545000e+00
     vertex  4.897118e+00  1.027926e+01  1.545000e+00
   endloop
 endfacet
 facet normal  0.000000e+00  0.000000e+00  1.000000e+00
   outer loop
     vertex  3.083335e+00  1.212472e+01  1.545000e+00
     vertex  4.600000e+00  1.018787e+01  1.545000e+00
     vertex  4.874721e+00  1.033333e+01  1.545000e+00
   endloop
 endfacet
 facet normal  0.000000e+00  0.000000e+00  1.000000e+00
   outer loop
     vertex  3.083335e+00  1.212472e+01  1.545000e+00
     vertex  2.937868e+00  1.185000e+01  1.545000e+00
     vertex  4.600000e+00  1.018787e+01  1.545000e+00
   endloop
 endfacet
 facet normal  0.000000e+00  0.000000e+00  1.000000e+00
   outer loop
     vertex  3.083335e+00  1.212472e+01  1.545000e+00
     vertex  3.029264e+00  1.214712e+01  1.545000e+00
     vertex  2.937868e+00  1.185000e+01  1.545000e+00
   endloop
 endfacet
 facet normal  0.000000e+00  0.000000e+00  1.000000e+00
   outer loop
     vertex  9.000000e-01  1.518787e+01  1.545000e+00
     vertex  6.252790e-01  1.533333e+01  1.545000e+00
     vertex  6.028820e-01  1.527926e+01  1.545000e+00
   endloop
 endfacet
 facet normal  0.000000e+00  0.000000e+00  1.000000e+00
   outer loop
     vertex  9.000000e-01  1.518787e+01  1.545000e+00
     vertex  6.028820e-01  1.527926e+01  1.545000e+00
     vertex  6.028820e-01  1.247074e+01  1.545000e+00
   endloop
 endfacet
 facet normal  0.000000e+00  0.000000e+00  1.000000e+00
   outer loop
     vertex  9.000000e-01  1.518787e+01  1.545000e+00
     vertex  6.028820e-01  1.247074e+01  1.545000e+00
     vertex  9.000000e-01  1.256213e+01  1.545000e+00
   endloop
 endfacet
 facet normal  0.000000e+00  0.000000e+00  1.000000e+00
   outer loop
     vertex  1.350000e+00  1.606213e+01  1.545000e+00
     vertex  6.252790e-01  1.533333e+01  1.545000e+00
     vertex  9.000000e-01  1.518787e+01  1.545000e+00
   endloop
 endfacet
 facet normal  0.000000e+00  0.000000e+00  1.000000e+00
   outer loop
     vertex  1.624721e+00  1.591667e+01  1.545000e+00
     vertex  1.350000e+00  1.606213e+01  1.545000e+00
     vertex  9.000000e-01  1.518787e+01  1.545000e+00
   endloop
 endfacet
 facet normal  0.000000e+00  0.000000e+00  1.000000e+00
   outer loop
     vertex  1.647118e+00  1.597074e+01  1.545000e+00
     vertex  1.350000e+00  1.606213e+01  1.545000e+00
     vertex  1.624721e+00  1.591667e+01  1.545000e+00
   endloop
 endfacet
 facet normal  0.000000e+00  0.000000e+00  1.000000e+00
   outer loop
     vertex  1.650000e+00  1.643787e+01  1.545000e+00
     vertex  1.352882e+00  1.652926e+01  1.545000e+00
     vertex  1.350000e+00  1.606213e+01  1.545000e+00
   endloop
 endfacet
 facet normal  0.000000e+00  0.000000e+00  1.000000e+00
   outer loop
     vertex  1.650000e+00  1.643787e+01  1.545000e+00
     vertex  1.350000e+00  1.606213e+01  1.545000e+00
     vertex  1.647118e+00  1.597074e+01  1.545000e+00
   endloop
 endfacet
 facet normal  0.000000e+00  0.000000e+00  1.000000e+00
   outer loop
     vertex  1.650000e+00  1.643787e+01  1.545000e+00
     vertex  1.375279e+00  1.658334e+01  1.545000e+00
     vertex  1.352882e+00  1.652926e+01  1.545000e+00
   endloop
 endfacet
 facet normal  0.000000e+00  0.000000e+00  1.000000e+00
   outer loop
     vertex  2.639564e+00  1.771006e+01  1.545000e+00
     vertex  1.375279e+00  1.658334e+01  1.545000e+00
     vertex  1.650000e+00  1.643787e+01  1.545000e+00
   endloop
 endfacet
 facet normal  0.000000e+00  0.000000e+00  1.000000e+00
   outer loop
     vertex  2.710571e+00  1.763913e+01  1.545000e+00
     vertex  2.639564e+00  1.771006e+01  1.545000e+00
     vertex  1.650000e+00  1.643787e+01  1.545000e+00
   endloop
 endfacet
 facet normal  0.000000e+00  0.000000e+00  1.000000e+00
   outer loop
     vertex  2.588246e+00  1.779630e+01  1.545000e+00
     vertex  1.375279e+00  1.658334e+01  1.545000e+00
     vertex  2.639564e+00  1.771006e+01  1.545000e+00
   endloop
 endfacet
 facet normal  0.000000e+00  0.000000e+00  1.000000e+00
   outer loop
     vertex  2.796878e+00  1.758792e+01  1.545000e+00
     vertex  2.710571e+00  1.763913e+01  1.545000e+00
     vertex  1.650000e+00  1.643787e+01  1.545000e+00
   endloop
 endfacet
 facet normal -3.157978e-01 -9.488265e-01  0.000000e+00
   outer loop
     vertex  1.446052e+00  2.738724e+01  1.510000e+00
     vertex  1.475614e+00  2.737740e+01  1.510000e+00
     vertex  1.475614e+00  2.737740e+01  1.545000e+00
   endloop
 endfacet
 facet normal -3.157978e-01 -9.488265e-01  0.000000e+00
   outer loop
     vertex  1.446052e+00  2.738724e+01  1.510000e+00
     vertex  1.475614e+00  2.737740e+01  1.545000e+00
     vertex  1.446052e+00  2.738724e+01  1.545000e+00
   endloop
 endfacet
 facet normal -5.406396e-01 -8.412543e-01  0.000000e+00
   outer loop
     vertex  1.419842e+00  2.740409e+01  1.510000e+00
     vertex  1.446052e+00  2.738724e+01  1.545000e+00
     vertex  1.419842e+00  2.740409e+01  1.545000e+00
   endloop
 endfacet
 facet normal -5.406396e-01 -8.412543e-01  0.000000e+00
   outer loop
     vertex  1.419842e+00  2.740409e+01  1.510000e+00
     vertex  1.446052e+00  2.738724e+01  1.510000e+00
     vertex  1.446052e+00  2.738724e+01  1.545000e+00
   endloop
 endfacet
 facet normal -7.318938e-01 -6.814187e-01  0.000000e+00
   outer loop
     vertex  1.398611e+00  2.742689e+01  1.510000e+00
     vertex  1.419842e+00  2.740409e+01  1.545000e+00
     vertex  1.398611e+00  2.742689e+01  1.545000e+00
   endloop
 endfacet
 facet normal -7.318938e-01 -6.814187e-01  0.000000e+00
   outer loop
     vertex  1.398611e+00  2.742689e+01  1.510000e+00
     vertex  1.419842e+00  2.740409e+01  1.510000e+00
     vertex  1.419842e+00  2.740409e+01  1.545000e+00
   endloop
 endfacet
 facet normal -8.776786e-01 -4.792496e-01  0.000000e+00
   outer loop
     vertex  1.383680e+00  2.745423e+01  1.510000e+00
     vertex  1.398611e+00  2.742689e+01  1.545000e+00
     vertex  1.383680e+00  2.745423e+01  1.545000e+00
   endloop
 endfacet
 facet normal -8.776786e-01 -4.792496e-01  0.000000e+00
   outer loop
     vertex  1.383680e+00  2.745423e+01  1.510000e+00
     vertex  1.398611e+00  2.742689e+01  1.510000e+00
     vertex  1.398611e+00  2.742689e+01  1.545000e+00
   endloop
 endfacet
 facet normal -9.689372e-01 -2.473069e-01  0.000000e+00
   outer loop
     vertex  1.375975e+00  2.748442e+01  1.510000e+00
     vertex  1.383680e+00  2.745423e+01  1.545000e+00
     vertex  1.375975e+00  2.748442e+01  1.545000e+00
   endloop
 endfacet
 facet normal -9.689372e-01 -2.473069e-01  0.000000e+00
   outer loop
     vertex  1.375975e+00  2.748442e+01  1.510000e+00
     vertex  1.383680e+00  2.745423e+01  1.510000e+00
     vertex  1.383680e+00  2.745423e+01  1.545000e+00
   endloop
 endfacet
 facet normal -1.000000e+00  0.000000e+00  0.000000e+00
   outer loop
     vertex  1.375975e+00  2.751558e+01  1.510000e+00
     vertex  1.375975e+00  2.748442e+01  1.545000e+00
     vertex  1.375975e+00  2.751558e+01  1.545000e+00
   endloop
 endfacet
 facet normal -1.000000e+00  0.000000e+00  0.000000e+00
   outer loop
     vertex  1.375975e+00  2.751558e+01  1.510000e+00
     vertex  1.375975e+00  2.748442e+01  1.510000e+00
     vertex  1.375975e+00  2.748442e+01  1.545000e+00
   endloop
 endfacet
 facet normal -9.689372e-01  2.473069e-01  0.000000e+00
   outer loop
     vertex  1.383680e+00  2.754577e+01  1.510000e+00
     vertex  1.375975e+00  2.751558e+01  1.545000e+00
     vertex  1.383680e+00  2.754577e+01  1.545000e+00
   endloop
 endfacet
 facet normal -9.689372e-01  2.473069e-01  0.000000e+00
   outer loop
     vertex  1.383680e+00  2.754577e+01  1.510000e+00
     vertex  1.375975e+00  2.751558e+01  1.510000e+00
     vertex  1.375975e+00  2.751558e+01  1.545000e+00
   endloop
 endfacet
 facet normal -8.776786e-01  4.792496e-01  0.000000e+00
   outer loop
     vertex  1.398611e+00  2.757311e+01  1.510000e+00
     vertex  1.383680e+00  2.754577e+01  1.545000e+00
     vertex  1.398611e+00  2.757311e+01  1.545000e+00
   endloop
 endfacet
 facet normal -8.776786e-01  4.792496e-01  0.000000e+00
   outer loop
     vertex  1.398611e+00  2.757311e+01  1.510000e+00
     vertex  1.383680e+00  2.754577e+01  1.510000e+00
     vertex  1.383680e+00  2.754577e+01  1.545000e+00
   endloop
 endfacet
 facet normal -7.318938e-01  6.814187e-01  0.000000e+00
   outer loop
     vertex  1.419842e+00  2.759591e+01  1.510000e+00
     vertex  1.398611e+00  2.757311e+01  1.545000e+00
     vertex  1.419842e+00  2.759591e+01  1.545000e+00
   endloop
 endfacet
 facet normal -7.318938e-01  6.814187e-01  0.000000e+00
   outer loop
     vertex  1.419842e+00  2.759591e+01  1.510000e+00
     vertex  1.398611e+00  2.757311e+01  1.510000e+00
     vertex  1.398611e+00  2.757311e+01  1.545000e+00
   endloop
 endfacet
 facet normal -5.406396e-01  8.412543e-01  0.000000e+00
   outer loop
     vertex  1.446052e+00  2.761276e+01  1.510000e+00
     vertex  1.419842e+00  2.759591e+01  1.545000e+00
     vertex  1.446052e+00  2.761276e+01  1.545000e+00
   endloop
 endfacet
 facet normal -5.406396e-01  8.412543e-01  0.000000e+00
   outer loop
     vertex  1.446052e+00  2.761276e+01  1.510000e+00
     vertex  1.419842e+00  2.759591e+01  1.510000e+00
     vertex  1.419842e+00  2.759591e+01  1.545000e+00
   endloop
 endfacet
 facet normal -3.157978e-01  9.488265e-01  0.000000e+00
   outer loop
     vertex  1.475614e+00  2.762260e+01  1.510000e+00
     vertex  1.446052e+00  2.761276e+01  1.545000e+00
     vertex  1.475614e+00  2.762260e+01  1.545000e+00
   endloop
 endfacet
 facet normal -3.157978e-01  9.488265e-01  0.000000e+00
   outer loop
     vertex  1.475614e+00  2.762260e+01  1.510000e+00
     vertex  1.446052e+00  2.761276e+01  1.510000e+00
     vertex  1.446052e+00  2.761276e+01  1.545000e+00
   endloop
 endfacet
 facet normal  0.000000e+00  1.000000e+00  0.000000e+00
   outer loop
     vertex  3.093135e+00  2.762260e+01  1.510000e+00
     vertex  1.475614e+00  2.762260e+01  1.510000e+00
     vertex  1.475614e+00  2.762260e+01  1.545000e+00
   endloop
 endfacet
 facet normal  0.000000e+00  1.000000e+00 -0.000000e+00
   outer loop
     vertex  3.093135e+00  2.762260e+01  1.510000e+00
     vertex  1.475614e+00  2.762260e+01  1.545000e+00
     vertex  3.093135e+00  2.762260e+01  1.545000e+00
   endloop
 endfacet
 facet normal  3.157978e-01  9.488265e-01  0.000000e+00
   outer loop
     vertex  3.122697e+00  2.761276e+01  1.510000e+00
     vertex  3.093135e+00  2.762260e+01  1.510000e+00
     vertex  3.093135e+00  2.762260e+01  1.545000e+00
   endloop
 endfacet
 facet normal  3.157978e-01  9.488265e-01 -0.000000e+00
   outer loop
     vertex  3.122697e+00  2.761276e+01  1.510000e+00
     vertex  3.093135e+00  2.762260e+01  1.545000e+00
     vertex  3.122697e+00  2.761276e+01  1.545000e+00
   endloop
 endfacet
 facet normal  5.406396e-01  8.412543e-01 -0.000000e+00
   outer loop
     vertex  3.148907e+00  2.759591e+01  1.510000e+00
     vertex  3.122697e+00  2.761276e+01  1.545000e+00
     vertex  3.148907e+00  2.759591e+01  1.545000e+00
   endloop
 endfacet
 facet normal  5.406396e-01  8.412543e-01  0.000000e+00
   outer loop
     vertex  3.148907e+00  2.759591e+01  1.510000e+00
     vertex  3.122697e+00  2.761276e+01  1.510000e+00
     vertex  3.122697e+00  2.761276e+01  1.545000e+00
   endloop
 endfacet
 facet normal  7.318938e-01  6.814187e-01 -0.000000e+00
   outer loop
     vertex  3.170138e+00  2.757311e+01  1.510000e+00
     vertex  3.148907e+00  2.759591e+01  1.545000e+00
     vertex  3.170138e+00  2.757311e+01  1.545000e+00
   endloop
 endfacet
 facet normal  7.318938e-01  6.814187e-01  0.000000e+00
   outer loop
     vertex  3.170138e+00  2.757311e+01  1.510000e+00
     vertex  3.148907e+00  2.759591e+01  1.510000e+00
     vertex  3.148907e+00  2.759591e+01  1.545000e+00
   endloop
 endfacet
 facet normal  8.776786e-01  4.792496e-01 -0.000000e+00
   outer loop
     vertex  3.185069e+00  2.754577e+01  1.510000e+00
     vertex  3.170138e+00  2.757311e+01  1.545000e+00
     vertex  3.185069e+00  2.754577e+01  1.545000e+00
   endloop
 endfacet
 facet normal  8.776786e-01  4.792496e-01  0.000000e+00
   outer loop
     vertex  3.185069e+00  2.754577e+01  1.510000e+00
     vertex  3.170138e+00  2.757311e+01  1.510000e+00
     vertex  3.170138e+00  2.757311e+01  1.545000e+00
   endloop
 endfacet
 facet normal  9.689372e-01  2.473069e-01 -0.000000e+00
   outer loop
     vertex  3.192774e+00  2.751558e+01  1.510000e+00
     vertex  3.185069e+00  2.754577e+01  1.545000e+00
     vertex  3.192774e+00  2.751558e+01  1.545000e+00
   endloop
 endfacet
 facet normal  9.689372e-01  2.473069e-01  0.000000e+00
   outer loop
     vertex  3.192774e+00  2.751558e+01  1.510000e+00
     vertex  3.185069e+00  2.754577e+01  1.510000e+00
     vertex  3.185069e+00  2.754577e+01  1.545000e+00
   endloop
 endfacet
 facet normal  1.000000e+00  0.000000e+00  0.000000e+00
   outer loop
     vertex  3.192774e+00  2.748442e+01  1.510000e+00
     vertex  3.192774e+00  2.751558e+01  1.545000e+00
     vertex  3.192774e+00  2.748442e+01  1.545000e+00
   endloop
 endfacet
 facet normal  1.000000e+00  0.000000e+00  0.000000e+00
   outer loop
     vertex  3.192774e+00  2.748442e+01  1.510000e+00
     vertex  3.192774e+00  2.751558e+01  1.510000e+00
     vertex  3.192774e+00  2.751558e+01  1.545000e+00
   endloop
 endfacet
 facet normal  9.689372e-01 -2.473069e-01  0.000000e+00
   outer loop
     vertex  3.185069e+00  2.745423e+01  1.510000e+00
     vertex  3.192774e+00  2.748442e+01  1.545000e+00
     vertex  3.185069e+00  2.745423e+01  1.545000e+00
   endloop
 endfacet
 facet normal  9.689372e-01 -2.473069e-01  0.000000e+00
   outer loop
     vertex  3.185069e+00  2.745423e+01  1.510000e+00
     vertex  3.192774e+00  2.748442e+01  1.510000e+00
     vertex  3.192774e+00  2.748442e+01  1.545000e+00
   endloop
 endfacet
 facet normal  8.776786e-01 -4.792496e-01  0.000000e+00
   outer loop
     vertex  3.170138e+00  2.742689e+01  1.510000e+00
     vertex  3.185069e+00  2.745423e+01  1.545000e+00
     vertex  3.170138e+00  2.742689e+01  1.545000e+00
   endloop
 endfacet
 facet normal  8.776786e-01 -4.792496e-01  0.000000e+00
   outer loop
     vertex  3.170138e+00  2.742689e+01  1.510000e+00
     vertex  3.185069e+00  2.745423e+01  1.510000e+00
     vertex  3.185069e+00  2.745423e+01  1.545000e+00
   endloop
 endfacet
 facet normal  7.318938e-01 -6.814187e-01  0.000000e+00
   outer loop
     vertex  3.148907e+00  2.740409e+01  1.510000e+00
     vertex  3.170138e+00  2.742689e+01  1.545000e+00
     vertex  3.148907e+00  2.740409e+01  1.545000e+00
   endloop
 endfacet
 facet normal  7.318938e-01 -6.814187e-01  0.000000e+00
   outer loop
     vertex  3.148907e+00  2.740409e+01  1.510000e+00
     vertex  3.170138e+00  2.742689e+01  1.510000e+00
     vertex  3.170138e+00  2.742689e+01  1.545000e+00
   endloop
 endfacet
 facet normal  5.406396e-01 -8.412543e-01  0.000000e+00
   outer loop
     vertex  3.122697e+00  2.738724e+01  1.510000e+00
     vertex  3.148907e+00  2.740409e+01  1.545000e+00
     vertex  3.122697e+00  2.738724e+01  1.545000e+00
   endloop
 endfacet
 facet normal  5.406396e-01 -8.412543e-01  0.000000e+00
   outer loop
     vertex  3.122697e+00  2.738724e+01  1.510000e+00
     vertex  3.148907e+00  2.740409e+01  1.510000e+00
     vertex  3.148907e+00  2.740409e+01  1.545000e+00
   endloop
 endfacet
 facet normal  3.157978e-01 -9.488265e-01  0.000000e+00
   outer loop
     vertex  3.093135e+00  2.737740e+01  1.510000e+00
     vertex  3.122697e+00  2.738724e+01  1.545000e+00
     vertex  3.093135e+00  2.737740e+01  1.545000e+00
   endloop
 endfacet
 facet normal  3.157978e-01 -9.488265e-01  0.000000e+00
   outer loop
     vertex  3.093135e+00  2.737740e+01  1.510000e+00
     vertex  3.122697e+00  2.738724e+01  1.510000e+00
     vertex  3.122697e+00  2.738724e+01  1.545000e+00
   endloop
 endfacet
 facet normal  0.000000e+00 -1.000000e+00  0.000000e+00
   outer loop
     vertex  1.475614e+00  2.737740e+01  1.510000e+00
     vertex  3.093135e+00  2.737740e+01  1.510000e+00
     vertex  3.093135e+00  2.737740e+01  1.545000e+00
   endloop
 endfacet
 facet normal  0.000000e+00 -1.000000e+00  0.000000e+00
   outer loop
     vertex  1.475614e+00  2.737740e+01  1.510000e+00
     vertex  3.093135e+00  2.737740e+01  1.545000e+00
     vertex  1.475614e+00  2.737740e+01  1.545000e+00
   endloop
 endfacet
 facet normal  0.000000e+00  0.000000e+00 -1.000000e+00
   outer loop
     vertex  1.383680e+00  2.745423e+01  1.510000e+00
     vertex  1.446052e+00  2.738724e+01  1.510000e+00
     vertex  1.419842e+00  2.740409e+01  1.510000e+00
   endloop
 endfacet
 facet normal  0.000000e+00  0.000000e+00 -1.000000e+00
   outer loop
     vertex  1.383680e+00  2.745423e+01  1.510000e+00
     vertex  1.419842e+00  2.740409e+01  1.510000e+00
     vertex  1.398611e+00  2.742689e+01  1.510000e+00
   endloop
 endfacet
 facet normal  0.000000e+00 -0.000000e+00 -1.000000e+00
   outer loop
     vertex  1.383680e+00  2.754577e+01  1.510000e+00
     vertex  1.383680e+00  2.745423e+01  1.510000e+00
     vertex  1.375975e+00  2.748442e+01  1.510000e+00
   endloop
 endfacet
 facet normal  0.000000e+00  0.000000e+00 -1.000000e+00
   outer loop
     vertex  1.383680e+00  2.754577e+01  1.510000e+00
     vertex  1.375975e+00  2.748442e+01  1.510000e+00
     vertex  1.375975e+00  2.751558e+01  1.510000e+00
   endloop
 endfacet
 facet normal  0.000000e+00  0.000000e+00 -1.000000e+00
   outer loop
     vertex  1.446052e+00  2.761276e+01  1.510000e+00
     vertex  1.383680e+00  2.754577e+01  1.510000e+00
     vertex  1.398611e+00  2.757311e+01  1.510000e+00
   endloop
 endfacet
 facet normal  0.000000e+00  0.000000e+00 -1.000000e+00
   outer loop
     vertex  1.446052e+00  2.761276e+01  1.510000e+00
     vertex  1.398611e+00  2.757311e+01  1.510000e+00
     vertex  1.419842e+00  2.759591e+01  1.510000e+00
   endloop
 endfacet
 facet normal  0.000000e+00 -0.000000e+00 -1.000000e+00
   outer loop
     vertex  1.446052e+00  2.761276e+01  1.510000e+00
     vertex  1.446052e+00  2.738724e+01  1.510000e+00
     vertex  1.383680e+00  2.745423e+01  1.510000e+00
   endloop
 endfacet
 facet normal  0.000000e+00  0.000000e+00 -1.000000e+00
   outer loop
     vertex  1.446052e+00  2.761276e+01  1.510000e+00
     vertex  1.383680e+00  2.745423e+01  1.510000e+00
     vertex  1.383680e+00  2.754577e+01  1.510000e+00
   endloop
 endfacet
 facet normal  0.000000e+00 -0.000000e+00 -1.000000e+00
   outer loop
     vertex  1.475614e+00  2.762260e+01  1.510000e+00
     vertex  1.475614e+00  2.737740e+01  1.510000e+00
     vertex  1.446052e+00  2.738724e+01  1.510000e+00
   endloop
 endfacet
 facet normal  0.000000e+00  0.000000e+00 -1.000000e+00
   outer loop
     vertex  1.475614e+00  2.762260e+01  1.510000e+00
     vertex  1.446052e+00  2.738724e+01  1.510000e+00
     vertex  1.446052e+00  2.761276e+01  1.510000e+00
   endloop
 endfacet
 facet normal  0.000000e+00 -0.000000e+00 -1.000000e+00
   outer loop
     vertex  3.093135e+00  2.762260e+01  1.510000e+00
     vertex  3.093135e+00  2.737740e+01  1.510000e+00
     vertex  1.475614e+00  2.737740e+01  1.510000e+00
   endloop
 endfacet
 facet normal  0.000000e+00  0.000000e+00 -1.000000e+00
   outer loop
     vertex  3.093135e+00  2.762260e+01  1.510000e+00
     vertex  3.148907e+00  2.740409e+01  1.510000e+00
     vertex  3.122697e+00  2.738724e+01  1.510000e+00
   endloop
 endfacet
 facet normal  0.000000e+00  0.000000e+00 -1.000000e+00
   outer loop
     vertex  3.093135e+00  2.762260e+01  1.510000e+00
     vertex  3.122697e+00  2.738724e+01  1.510000e+00
     vertex  3.093135e+00  2.737740e+01  1.510000e+00
   endloop
 endfacet
 facet normal -0.000000e+00  0.000000e+00 -1.000000e+00
   outer loop
     vertex  3.093135e+00  2.762260e+01  1.510000e+00
     vertex  1.475614e+00  2.737740e+01  1.510000e+00
     vertex  1.475614e+00  2.762260e+01  1.510000e+00
   endloop
 endfacet
 facet normal  0.000000e+00  0.000000e+00 -1.000000e+00
   outer loop
     vertex  3.185069e+00  2.754577e+01  1.510000e+00
     vertex  3.192774e+00  2.751558e+01  1.510000e+00
     vertex  3.192774e+00  2.748442e+01  1.510000e+00
   endloop
 endfacet
 facet normal  0.000000e+00  0.000000e+00 -1.000000e+00
   outer loop
     vertex  3.185069e+00  2.754577e+01  1.510000e+00
     vertex  3.192774e+00  2.748442e+01  1.510000e+00
     vertex  3.185069e+00  2.745423e+01  1.510000e+00
   endloop
 endfacet
 facet normal  0.000000e+00 -0.000000e+00 -1.000000e+00
   outer loop
     vertex  3.185069e+00  2.754577e+01  1.510000e+00
     vertex  3.185069e+00  2.745423e+01  1.510000e+00
     vertex  3.170138e+00  2.742689e+01  1.510000e+00
   endloop
 endfacet
 facet normal  0.000000e+00  0.000000e+00 -1.000000e+00
   outer loop
     vertex  3.185069e+00  2.754577e+01  1.510000e+00
     vertex  3.170138e+00  2.742689e+01  1.510000e+00
     vertex  3.148907e+00  2.740409e+01  1.510000e+00
   endloop
 endfacet
 facet normal  0.000000e+00  0.000000e+00 -1.000000e+00
   outer loop
     vertex  3.148907e+00  2.759591e+01  1.510000e+00
     vertex  3.093135e+00  2.762260e+01  1.510000e+00
     vertex  3.122697e+00  2.761276e+01  1.510000e+00
   endloop
 endfacet
 facet normal  0.000000e+00  0.000000e+00 -1.000000e+00
   outer loop
     vertex  3.148907e+00  2.759591e+01  1.510000e+00
     vertex  3.170138e+00  2.757311e+01  1.510000e+00
     vertex  3.185069e+00  2.754577e+01  1.510000e+00
   endloop
 endfacet
 facet normal  0.000000e+00  0.000000e+00 -1.000000e+00
   outer loop
     vertex  3.148907e+00  2.759591e+01  1.510000e+00
     vertex  3.185069e+00  2.754577e+01  1.510000e+00
     vertex  3.148907e+00  2.740409e+01  1.510000e+00
   endloop
 endfacet
 facet normal -0.000000e+00 -0.000000e+00 -1.000000e+00
   outer loop
     vertex  3.148907e+00  2.759591e+01  1.510000e+00
     vertex  3.148907e+00  2.740409e+01  1.510000e+00
     vertex  3.093135e+00  2.762260e+01  1.510000e+00
   endloop
 endfacet
 facet normal  0.000000e+00  0.000000e+00  1.000000e+00
   outer loop
     vertex  1.383680e+00  2.745423e+01  1.545000e+00
     vertex  1.419842e+00  2.740409e+01  1.545000e+00
     vertex  1.446052e+00  2.738724e+01  1.545000e+00
   endloop
 endfacet
 facet normal  0.000000e+00  0.000000e+00  1.000000e+00
   outer loop
     vertex  1.383680e+00  2.745423e+01  1.545000e+00
     vertex  1.398611e+00  2.742689e+01  1.545000e+00
     vertex  1.419842e+00  2.740409e+01  1.545000e+00
   endloop
 endfacet
 facet normal  0.000000e+00  0.000000e+00  1.000000e+00
   outer loop
     vertex  1.383680e+00  2.754577e+01  1.545000e+00
     vertex  1.375975e+00  2.748442e+01  1.545000e+00
     vertex  1.383680e+00  2.745423e+01  1.545000e+00
   endloop
 endfacet
 facet normal  0.000000e+00  0.000000e+00  1.000000e+00
   outer loop
     vertex  1.383680e+00  2.754577e+01  1.545000e+00
     vertex  1.375975e+00  2.751558e+01  1.545000e+00
     vertex  1.375975e+00  2.748442e+01  1.545000e+00
   endloop
 endfacet
 facet normal  0.000000e+00  0.000000e+00  1.000000e+00
   outer loop
     vertex  1.446052e+00  2.761276e+01  1.545000e+00
     vertex  1.398611e+00  2.757311e+01  1.545000e+00
     vertex  1.383680e+00  2.754577e+01  1.545000e+00
   endloop
 endfacet
 facet normal  0.000000e+00  0.000000e+00  1.000000e+00
   outer loop
     vertex  1.446052e+00  2.761276e+01  1.545000e+00
     vertex  1.419842e+00  2.759591e+01  1.545000e+00
     vertex  1.398611e+00  2.757311e+01  1.545000e+00
   endloop
 endfacet
 facet normal  0.000000e+00  0.000000e+00  1.000000e+00
   outer loop
     vertex  1.446052e+00  2.761276e+01  1.545000e+00
     vertex  1.383680e+00  2.745423e+01  1.545000e+00
     vertex  1.446052e+00  2.738724e+01  1.545000e+00
   endloop
 endfacet
 facet normal  0.000000e+00  0.000000e+00  1.000000e+00
   outer loop
     vertex  1.446052e+00  2.761276e+01  1.545000e+00
     vertex  1.383680e+00  2.754577e+01  1.545000e+00
     vertex  1.383680e+00  2.745423e+01  1.545000e+00
   endloop
 endfacet
 facet normal  0.000000e+00  0.000000e+00  1.000000e+00
   outer loop
     vertex  1.475614e+00  2.762260e+01  1.545000e+00
     vertex  1.446052e+00  2.738724e+01  1.545000e+00
     vertex  1.475614e+00  2.737740e+01  1.545000e+00
   endloop
 endfacet
 facet normal  0.000000e+00  0.000000e+00  1.000000e+00
   outer loop
     vertex  1.475614e+00  2.762260e+01  1.545000e+00
     vertex  1.446052e+00  2.761276e+01  1.545000e+00
     vertex  1.446052e+00  2.738724e+01  1.545000e+00
   endloop
 endfacet
 facet normal  0.000000e+00  0.000000e+00  1.000000e+00
   outer loop
     vertex  3.093135e+00  2.762260e+01  1.545000e+00
     vertex  1.475614e+00  2.737740e+01  1.545000e+00
     vertex  3.093135e+00  2.737740e+01  1.545000e+00
   endloop
 endfacet
 facet normal  0.000000e+00  0.000000e+00  1.000000e+00
   outer loop
     vertex  3.093135e+00  2.762260e+01  1.545000e+00
     vertex  3.122697e+00  2.738724e+01  1.545000e+00
     vertex  3.148907e+00  2.740409e+01  1.545000e+00
   endloop
 endfacet
 facet normal  0.000000e+00  0.000000e+00  1.000000e+00
   outer loop
     vertex  3.093135e+00  2.762260e+01  1.545000e+00
     vertex  3.093135e+00  2.737740e+01  1.545000e+00
     vertex  3.122697e+00  2.738724e+01  1.545000e+00
   endloop
 endfacet
 facet normal  0.000000e+00  0.000000e+00  1.000000e+00
   outer loop
     vertex  3.093135e+00  2.762260e+01  1.545000e+00
     vertex  1.475614e+00  2.762260e+01  1.545000e+00
     vertex  1.475614e+00  2.737740e+01  1.545000e+00
   endloop
 endfacet
 facet normal  0.000000e+00  0.000000e+00  1.000000e+00
   outer loop
     vertex  3.185069e+00  2.754577e+01  1.545000e+00
     vertex  3.192774e+00  2.748442e+01  1.545000e+00
     vertex  3.192774e+00  2.751558e+01  1.545000e+00
   endloop
 endfacet
 facet normal  0.000000e+00  0.000000e+00  1.000000e+00
   outer loop
     vertex  3.185069e+00  2.754577e+01  1.545000e+00
     vertex  3.185069e+00  2.745423e+01  1.545000e+00
     vertex  3.192774e+00  2.748442e+01  1.545000e+00
   endloop
 endfacet
 facet normal  0.000000e+00  0.000000e+00  1.000000e+00
   outer loop
     vertex  3.185069e+00  2.754577e+01  1.545000e+00
     vertex  3.170138e+00  2.742689e+01  1.545000e+00
     vertex  3.185069e+00  2.745423e+01  1.545000e+00
   endloop
 endfacet
 facet normal  0.000000e+00  0.000000e+00  1.000000e+00
   outer loop
     vertex  3.185069e+00  2.754577e+01  1.545000e+00
     vertex  3.148907e+00  2.740409e+01  1.545000e+00
     vertex  3.170138e+00  2.742689e+01  1.545000e+00
   endloop
 endfacet
 facet normal  0.000000e+00  0.000000e+00  1.000000e+00
   outer loop
     vertex  3.148907e+00  2.759591e+01  1.545000e+00
     vertex  3.122697e+00  2.761276e+01  1.545000e+00
     vertex  3.093135e+00  2.762260e+01  1.545000e+00
   endloop
 endfacet
 facet normal  0.000000e+00  0.000000e+00  1.000000e+00
   outer loop
     vertex  3.148907e+00  2.759591e+01  1.545000e+00
     vertex  3.185069e+00  2.754577e+01  1.545000e+00
     vertex  3.170138e+00  2.757311e+01  1.545000e+00
   endloop
 endfacet
 facet normal  0.000000e+00  0.000000e+00  1.000000e+00
   outer loop
     vertex  3.148907e+00  2.759591e+01  1.545000e+00
     vertex  3.148907e+00  2.740409e+01  1.545000e+00
     vertex  3.185069e+00  2.754577e+01  1.545000e+00
   endloop
 endfacet
 facet normal  0.000000e+00  0.000000e+00  1.000000e+00
   outer loop
     vertex  3.148907e+00  2.759591e+01  1.545000e+00
     vertex  3.093135e+00  2.762260e+01  1.545000e+00
     vertex  3.148907e+00  2.740409e+01  1.545000e+00
   endloop
 endfacet
 facet normal  7.730065e-01  6.343981e-01  0.000000e+00
   outer loop
     vertex  4.207867e+00  9.213894e+00  1.510000e+00
     vertex  4.176776e+00  9.251778e+00  1.510000e+00
     vertex  4.176776e+00  9.251778e+00  1.545000e+00
   endloop
 endfacet
 facet normal  7.730065e-01  6.343981e-01 -0.000000e+00
   outer loop
     vertex  4.207867e+00  9.213894e+00  1.510000e+00
     vertex  4.176776e+00  9.251778e+00  1.545000e+00
     vertex  4.207867e+00  9.213894e+00  1.545000e+00
   endloop
 endfacet
 facet normal  8.819194e-01  4.714002e-01 -0.000000e+00
   outer loop
     vertex  4.230970e+00  9.170672e+00  1.510000e+00
     vertex  4.207867e+00  9.213894e+00  1.545000e+00
     vertex  4.230970e+00  9.170672e+00  1.545000e+00
   endloop
 endfacet
 facet normal  8.819194e-01  4.714002e-01  0.000000e+00
   outer loop
     vertex  4.230970e+00  9.170672e+00  1.510000e+00
     vertex  4.207867e+00  9.213894e+00  1.510000e+00
     vertex  4.207867e+00  9.213894e+00  1.545000e+00
   endloop
 endfacet
 facet normal  9.569399e-01  2.902862e-01 -0.000000e+00
   outer loop
     vertex  4.245196e+00  9.123774e+00  1.510000e+00
     vertex  4.230970e+00  9.170672e+00  1.545000e+00
     vertex  4.245196e+00  9.123774e+00  1.545000e+00
   endloop
 endfacet
 facet normal  9.569399e-01  2.902862e-01  0.000000e+00
   outer loop
     vertex  4.245196e+00  9.123774e+00  1.510000e+00
     vertex  4.230970e+00  9.170672e+00  1.510000e+00
     vertex  4.230970e+00  9.170672e+00  1.545000e+00
   endloop
 endfacet
 facet normal  9.951848e-01  9.801643e-02 -0.000000e+00
   outer loop
     vertex  4.250000e+00  9.075001e+00  1.510000e+00
     vertex  4.245196e+00  9.123774e+00  1.545000e+00
     vertex  4.250000e+00  9.075001e+00  1.545000e+00
   endloop
 endfacet
 facet normal  9.951848e-01  9.801643e-02  0.000000e+00
   outer loop
     vertex  4.250000e+00  9.075001e+00  1.510000e+00
     vertex  4.245196e+00  9.123774e+00  1.510000e+00
     vertex  4.245196e+00  9.123774e+00  1.545000e+00
   endloop
 endfacet
 facet normal  1.000000e+00  0.000000e+00  0.000000e+00
   outer loop
     vertex  4.250000e+00  4.490741e+00  1.510000e+00
     vertex  4.250000e+00  9.075001e+00  1.510000e+00
     vertex  4.250000e+00  9.075001e+00  1.545000e+00
   endloop
 endfacet
 facet normal  1.000000e+00  0.000000e+00  0.000000e+00
   outer loop
     vertex  4.250000e+00  4.490741e+00  1.510000e+00
     vertex  4.250000e+00  9.075001e+00  1.545000e+00
     vertex  4.250000e+00  4.490741e+00  1.545000e+00
   endloop
 endfacet
 facet normal  7.071068e-01  7.071068e-01  0.000000e+00
   outer loop
     vertex  4.277674e+00  4.463067e+00  1.510000e+00
     vertex  4.250000e+00  4.490741e+00  1.510000e+00
     vertex  4.250000e+00  4.490741e+00  1.545000e+00
   endloop
 endfacet
 facet normal  7.071068e-01  7.071068e-01 -0.000000e+00
   outer loop
     vertex  4.277674e+00  4.463067e+00  1.510000e+00
     vertex  4.250000e+00  4.490741e+00  1.545000e+00
     vertex  4.277674e+00  4.463067e+00  1.545000e+00
   endloop
 endfacet
 facet normal  8.623664e-01  5.062848e-01  0.000000e+00
   outer loop
     vertex  4.321376e+00  4.388628e+00  1.510000e+00
     vertex  4.277674e+00  4.463067e+00  1.510000e+00
     vertex  4.277674e+00  4.463067e+00  1.545000e+00
   endloop
 endfacet
 facet normal  8.623664e-01  5.062848e-01 -0.000000e+00
   outer loop
     vertex  4.321376e+00  4.388628e+00  1.510000e+00
     vertex  4.277674e+00  4.463067e+00  1.545000e+00
     vertex  4.321376e+00  4.388628e+00  1.545000e+00
   endloop
 endfacet
 facet normal  9.600498e-01  2.798291e-01 -0.000000e+00
   outer loop
     vertex  4.345531e+00  4.305758e+00  1.510000e+00
     vertex  4.321376e+00  4.388628e+00  1.545000e+00
     vertex  4.345531e+00  4.305758e+00  1.545000e+00
   endloop
 endfacet
 facet normal  9.600498e-01  2.798291e-01  0.000000e+00
   outer loop
     vertex  4.345531e+00  4.305758e+00  1.510000e+00
     vertex  4.321376e+00  4.388628e+00  1.510000e+00
     vertex  4.321376e+00  4.388628e+00  1.545000e+00
   endloop
 endfacet
 facet normal  9.993390e-01  3.635312e-02 -0.000000e+00
   outer loop
     vertex  4.348669e+00  4.219496e+00  1.510000e+00
     vertex  4.345531e+00  4.305758e+00  1.545000e+00
     vertex  4.348669e+00  4.219496e+00  1.545000e+00
   endloop
 endfacet
 facet normal  9.993390e-01  3.635312e-02  0.000000e+00
   outer loop
     vertex  4.348669e+00  4.219496e+00  1.510000e+00
     vertex  4.345531e+00  4.305758e+00  1.510000e+00
     vertex  4.345531e+00  4.305758e+00  1.545000e+00
   endloop
 endfacet
 facet normal  9.778442e-01 -2.093340e-01  0.000000e+00
   outer loop
     vertex  4.330599e+00  4.135089e+00  1.510000e+00
     vertex  4.348669e+00  4.219496e+00  1.545000e+00
     vertex  4.330599e+00  4.135089e+00  1.545000e+00
   endloop
 endfacet
 facet normal  9.778442e-01 -2.093340e-01  0.000000e+00
   outer loop
     vertex  4.330599e+00  4.135089e+00  1.510000e+00
     vertex  4.348669e+00  4.219496e+00  1.510000e+00
     vertex  4.348669e+00  4.219496e+00  1.545000e+00
   endloop
 endfacet
 facet normal  8.968728e-01 -4.422886e-01  0.000000e+00
   outer loop
     vertex  4.292421e+00  4.057672e+00  1.510000e+00
     vertex  4.330599e+00  4.135089e+00  1.545000e+00
     vertex  4.292421e+00  4.057672e+00  1.545000e+00
   endloop
 endfacet
 facet normal  8.968728e-01 -4.422886e-01  0.000000e+00
   outer loop
     vertex  4.292421e+00  4.057672e+00  1.510000e+00
     vertex  4.330599e+00  4.135089e+00  1.510000e+00
     vertex  4.330599e+00  4.135089e+00  1.545000e+00
   endloop
 endfacet
 facet normal  7.613498e-01 -6.483414e-01  0.000000e+00
   outer loop
     vertex  4.236457e+00  3.991953e+00  1.510000e+00
     vertex  4.292421e+00  4.057672e+00  1.545000e+00
     vertex  4.236457e+00  3.991953e+00  1.545000e+00
   endloop
 endfacet
 facet normal  7.613498e-01 -6.483414e-01  0.000000e+00
   outer loop
     vertex  4.236457e+00  3.991953e+00  1.510000e+00
     vertex  4.292421e+00  4.057672e+00  1.510000e+00
     vertex  4.292421e+00  4.057672e+00  1.545000e+00
   endloop
 endfacet
 facet normal  5.795183e-01 -8.149592e-01  0.000000e+00
   outer loop
     vertex  4.166110e+00  3.941929e+00  1.510000e+00
     vertex  4.236457e+00  3.991953e+00  1.545000e+00
     vertex  4.166110e+00  3.941929e+00  1.545000e+00
   endloop
 endfacet
 facet normal  5.795183e-01 -8.149592e-01  0.000000e+00
   outer loop
     vertex  4.166110e+00  3.941929e+00  1.510000e+00
     vertex  4.236457e+00  3.991953e+00  1.510000e+00
     vertex  4.236457e+00  3.991953e+00  1.545000e+00
   endloop
 endfacet
 facet normal  3.624381e-01 -9.320079e-01  0.000000e+00
   outer loop
     vertex  4.085660e+00  3.910644e+00  1.510000e+00
     vertex  4.166110e+00  3.941929e+00  1.545000e+00
     vertex  4.085660e+00  3.910644e+00  1.545000e+00
   endloop
 endfacet
 facet normal  3.624381e-01 -9.320079e-01  0.000000e+00
   outer loop
     vertex  4.085660e+00  3.910644e+00  1.510000e+00
     vertex  4.166110e+00  3.941929e+00  1.510000e+00
     vertex  4.166110e+00  3.941929e+00  1.545000e+00
   endloop
 endfacet
 facet normal  1.233128e-01 -9.923678e-01  0.000000e+00
   outer loop
     vertex  4.000000e+00  3.900000e+00  1.510000e+00
     vertex  4.085660e+00  3.910644e+00  1.545000e+00
     vertex  4.000000e+00  3.900000e+00  1.545000e+00
   endloop
 endfacet
 facet normal  1.233128e-01 -9.923678e-01  0.000000e+00
   outer loop
     vertex  4.000000e+00  3.900000e+00  1.510000e+00
     vertex  4.085660e+00  3.910644e+00  1.510000e+00
     vertex  4.085660e+00  3.910644e+00  1.545000e+00
   endloop
 endfacet
 facet normal -1.233128e-01 -9.923678e-01  0.000000e+00
   outer loop
     vertex  3.914340e+00  3.910644e+00  1.510000e+00
     vertex  4.000000e+00  3.900000e+00  1.545000e+00
     vertex  3.914340e+00  3.910644e+00  1.545000e+00
   endloop
 endfacet
 facet normal -1.233128e-01 -9.923678e-01  0.000000e+00
   outer loop
     vertex  3.914340e+00  3.910644e+00  1.510000e+00
     vertex  4.000000e+00  3.900000e+00  1.510000e+00
     vertex  4.000000e+00  3.900000e+00  1.545000e+00
   endloop
 endfacet
 facet normal -3.624381e-01 -9.320079e-01  0.000000e+00
   outer loop
     vertex  3.833890e+00  3.941929e+00  1.510000e+00
     vertex  3.914340e+00  3.910644e+00  1.545000e+00
     vertex  3.833890e+00  3.941929e+00  1.545000e+00
   endloop
 endfacet
 facet normal -3.624381e-01 -9.320079e-01  0.000000e+00
   outer loop
     vertex  3.833890e+00  3.941929e+00  1.510000e+00
     vertex  3.914340e+00  3.910644e+00  1.510000e+00
     vertex  3.914340e+00  3.910644e+00  1.545000e+00
   endloop
 endfacet
 facet normal -5.795183e-01 -8.149592e-01  0.000000e+00
   outer loop
     vertex  3.763543e+00  3.991953e+00  1.510000e+00
     vertex  3.833890e+00  3.941929e+00  1.545000e+00
     vertex  3.763543e+00  3.991953e+00  1.545000e+00
   endloop
 endfacet
 facet normal -5.795183e-01 -8.149592e-01  0.000000e+00
   outer loop
     vertex  3.763543e+00  3.991953e+00  1.510000e+00
     vertex  3.833890e+00  3.941929e+00  1.510000e+00
     vertex  3.833890e+00  3.941929e+00  1.545000e+00
   endloop
 endfacet
 facet normal -7.613498e-01 -6.483414e-01  0.000000e+00
   outer loop
     vertex  3.707579e+00  4.057672e+00  1.510000e+00
     vertex  3.763543e+00  3.991953e+00  1.545000e+00
     vertex  3.707579e+00  4.057672e+00  1.545000e+00
   endloop
 endfacet
 facet normal -7.613498e-01 -6.483414e-01  0.000000e+00
   outer loop
     vertex  3.707579e+00  4.057672e+00  1.510000e+00
     vertex  3.763543e+00  3.991953e+00  1.510000e+00
     vertex  3.763543e+00  3.991953e+00  1.545000e+00
   endloop
 endfacet
 facet normal -8.968728e-01 -4.422886e-01  0.000000e+00
   outer loop
     vertex  3.669401e+00  4.135089e+00  1.510000e+00
     vertex  3.707579e+00  4.057672e+00  1.545000e+00
     vertex  3.669401e+00  4.135089e+00  1.545000e+00
   endloop
 endfacet
 facet normal -8.968728e-01 -4.422886e-01  0.000000e+00
   outer loop
     vertex  3.669401e+00  4.135089e+00  1.510000e+00
     vertex  3.707579e+00  4.057672e+00  1.510000e+00
     vertex  3.707579e+00  4.057672e+00  1.545000e+00
   endloop
 endfacet
 facet normal -9.778442e-01 -2.093340e-01  0.000000e+00
   outer loop
     vertex  3.651331e+00  4.219496e+00  1.510000e+00
     vertex  3.669401e+00  4.135089e+00  1.510000e+00
     vertex  3.669401e+00  4.135089e+00  1.545000e+00
   endloop
 endfacet
 facet normal -9.778442e-01 -2.093340e-01  0.000000e+00
   outer loop
     vertex  3.651331e+00  4.219496e+00  1.510000e+00
     vertex  3.669401e+00  4.135089e+00  1.545000e+00
     vertex  3.651331e+00  4.219496e+00  1.545000e+00
   endloop
 endfacet
 facet normal -9.993390e-01  3.635312e-02  0.000000e+00
   outer loop
     vertex  3.654469e+00  4.305758e+00  1.510000e+00
     vertex  3.651331e+00  4.219496e+00  1.510000e+00
     vertex  3.651331e+00  4.219496e+00  1.545000e+00
   endloop
 endfacet
 facet normal -9.993390e-01  3.635312e-02  0.000000e+00
   outer loop
     vertex  3.654469e+00  4.305758e+00  1.510000e+00
     vertex  3.651331e+00  4.219496e+00  1.545000e+00
     vertex  3.654469e+00  4.305758e+00  1.545000e+00
   endloop
 endfacet
 facet normal -9.600498e-01  2.798291e-01  0.000000e+00
   outer loop
     vertex  3.678624e+00  4.388628e+00  1.510000e+00
     vertex  3.654469e+00  4.305758e+00  1.510000e+00
     vertex  3.654469e+00  4.305758e+00  1.545000e+00
   endloop
 endfacet
 facet normal -9.600498e-01  2.798291e-01  0.000000e+00
   outer loop
     vertex  3.678624e+00  4.388628e+00  1.510000e+00
     vertex  3.654469e+00  4.305758e+00  1.545000e+00
     vertex  3.678624e+00  4.388628e+00  1.545000e+00
   endloop
 endfacet
 facet normal -8.623664e-01  5.062848e-01  0.000000e+00
   outer loop
     vertex  3.722326e+00  4.463067e+00  1.510000e+00
     vertex  3.678624e+00  4.388628e+00  1.510000e+00
     vertex  3.678624e+00  4.388628e+00  1.545000e+00
   endloop
 endfacet
 facet normal -8.623664e-01  5.062848e-01  0.000000e+00
   outer loop
     vertex  3.722326e+00  4.463067e+00  1.510000e+00
     vertex  3.678624e+00  4.388628e+00  1.545000e+00
     vertex  3.722326e+00  4.463067e+00  1.545000e+00
   endloop
 endfacet
 facet normal -7.071068e-01  7.071068e-01  0.000000e+00
   outer loop
     vertex  3.750000e+00  4.490741e+00  1.510000e+00
     vertex  3.722326e+00  4.463067e+00  1.510000e+00
     vertex  3.722326e+00  4.463067e+00  1.545000e+00
   endloop
 endfacet
 facet normal -7.071068e-01  7.071068e-01  0.000000e+00
   outer loop
     vertex  3.750000e+00  4.490741e+00  1.510000e+00
     vertex  3.722326e+00  4.463067e+00  1.545000e+00
     vertex  3.750000e+00  4.490741e+00  1.545000e+00
   endloop
 endfacet
 facet normal -1.000000e+00  0.000000e+00  0.000000e+00
   outer loop
     vertex  3.750000e+00  8.971448e+00  1.510000e+00
     vertex  3.750000e+00  4.490741e+00  1.510000e+00
     vertex  3.750000e+00  4.490741e+00  1.545000e+00
   endloop
 endfacet
 facet normal -1.000000e+00  0.000000e+00  0.000000e+00
   outer loop
     vertex  3.750000e+00  8.971448e+00  1.510000e+00
     vertex  3.750000e+00  4.490741e+00  1.545000e+00
     vertex  3.750000e+00  8.971448e+00  1.545000e+00
   endloop
 endfacet
 facet normal -7.071063e-01 -7.071072e-01  0.000000e+00
   outer loop
     vertex  2.948224e+00  9.773223e+00  1.510000e+00
     vertex  3.750000e+00  8.971448e+00  1.510000e+00
     vertex  3.750000e+00  8.971448e+00  1.545000e+00
   endloop
 endfacet
 facet normal -7.071063e-01 -7.071072e-01  0.000000e+00
   outer loop
     vertex  2.948224e+00  9.773223e+00  1.510000e+00
     vertex  3.750000e+00  8.971448e+00  1.545000e+00
     vertex  2.948224e+00  9.773223e+00  1.545000e+00
   endloop
 endfacet
 facet normal -7.933568e-01 -6.087569e-01  0.000000e+00
   outer loop
     vertex  2.908495e+00  9.825000e+00  1.510000e+00
     vertex  2.948224e+00  9.773223e+00  1.510000e+00
     vertex  2.948224e+00  9.773223e+00  1.545000e+00
   endloop
 endfacet
 facet normal -7.933568e-01 -6.087569e-01  0.000000e+00
   outer loop
     vertex  2.908495e+00  9.825000e+00  1.510000e+00
     vertex  2.948224e+00  9.773223e+00  1.545000e+00
     vertex  2.908495e+00  9.825000e+00  1.545000e+00
   endloop
 endfacet
 facet normal -9.238813e-01 -3.826792e-01  0.000000e+00
   outer loop
     vertex  2.883520e+00  9.885295e+00  1.510000e+00
     vertex  2.908495e+00  9.825000e+00  1.545000e+00
     vertex  2.883520e+00  9.885295e+00  1.545000e+00
   endloop
 endfacet
 facet normal -9.238813e-01 -3.826792e-01  0.000000e+00
   outer loop
     vertex  2.883520e+00  9.885295e+00  1.510000e+00
     vertex  2.908495e+00  9.825000e+00  1.510000e+00
     vertex  2.908495e+00  9.825000e+00  1.545000e+00
   endloop
 endfacet
 facet normal -9.914453e-01 -1.305226e-01  0.000000e+00
   outer loop
     vertex  2.875002e+00  9.950000e+00  1.510000e+00
     vertex  2.883520e+00  9.885295e+00  1.545000e+00
     vertex  2.875002e+00  9.950000e+00  1.545000e+00
   endloop
 endfacet
 facet normal -9.914453e-01 -1.305226e-01  0.000000e+00
   outer loop
     vertex  2.875002e+00  9.950000e+00  1.510000e+00
     vertex  2.883520e+00  9.885295e+00  1.510000e+00
     vertex  2.883520e+00  9.885295e+00  1.545000e+00
   endloop
 endfacet
 facet normal -9.914445e-01  1.305287e-01  0.000000e+00
   outer loop
     vertex  2.883520e+00  1.001470e+01  1.510000e+00
     vertex  2.875002e+00  9.950000e+00  1.545000e+00
     vertex  2.883520e+00  1.001470e+01  1.545000e+00
   endloop
 endfacet
 facet normal -9.914445e-01  1.305287e-01  0.000000e+00
   outer loop
     vertex  2.883520e+00  1.001470e+01  1.510000e+00
     vertex  2.875002e+00  9.950000e+00  1.510000e+00
     vertex  2.875002e+00  9.950000e+00  1.545000e+00
   endloop
 endfacet
 facet normal -9.238789e-01  3.826849e-01  0.000000e+00
   outer loop
     vertex  2.908495e+00  1.007500e+01  1.510000e+00
     vertex  2.883520e+00  1.001470e+01  1.545000e+00
     vertex  2.908495e+00  1.007500e+01  1.545000e+00
   endloop
 endfacet
 facet normal -9.238789e-01  3.826849e-01  0.000000e+00
   outer loop
     vertex  2.908495e+00  1.007500e+01  1.510000e+00
     vertex  2.883520e+00  1.001470e+01  1.510000e+00
     vertex  2.883520e+00  1.001470e+01  1.545000e+00
   endloop
 endfacet
 facet normal -7.933530e-01  6.087618e-01  0.000000e+00
   outer loop
     vertex  2.948225e+00  1.012678e+01  1.510000e+00
     vertex  2.908495e+00  1.007500e+01  1.545000e+00
     vertex  2.948225e+00  1.012678e+01  1.545000e+00
   endloop
 endfacet
 facet normal -7.933530e-01  6.087618e-01  0.000000e+00
   outer loop
     vertex  2.948225e+00  1.012678e+01  1.510000e+00
     vertex  2.908495e+00  1.007500e+01  1.510000e+00
     vertex  2.908495e+00  1.007500e+01  1.545000e+00
   endloop
 endfacet
 facet normal -6.087618e-01  7.933530e-01  0.000000e+00
   outer loop
     vertex  3.000002e+00  1.016651e+01  1.510000e+00
     vertex  2.948225e+00  1.012678e+01  1.545000e+00
     vertex  3.000002e+00  1.016651e+01  1.545000e+00
   endloop
 endfacet
 facet normal -6.087618e-01  7.933530e-01  0.000000e+00
   outer loop
     vertex  3.000002e+00  1.016651e+01  1.510000e+00
     vertex  2.948225e+00  1.012678e+01  1.510000e+00
     vertex  2.948225e+00  1.012678e+01  1.545000e+00
   endloop
 endfacet
 facet normal -3.826849e-01  9.238789e-01  0.000000e+00
   outer loop
     vertex  3.060297e+00  1.019148e+01  1.510000e+00
     vertex  3.000002e+00  1.016651e+01  1.545000e+00
     vertex  3.060297e+00  1.019148e+01  1.545000e+00
   endloop
 endfacet
 facet normal -3.826849e-01  9.238789e-01  0.000000e+00
   outer loop
     vertex  3.060297e+00  1.019148e+01  1.510000e+00
     vertex  3.000002e+00  1.016651e+01  1.510000e+00
     vertex  3.000002e+00  1.016651e+01  1.545000e+00
   endloop
 endfacet
 facet normal -1.305287e-01  9.914445e-01  0.000000e+00
   outer loop
     vertex  3.125001e+00  1.020000e+01  1.510000e+00
     vertex  3.060297e+00  1.019148e+01  1.545000e+00
     vertex  3.125001e+00  1.020000e+01  1.545000e+00
   endloop
 endfacet
 facet normal -1.305287e-01  9.914445e-01  0.000000e+00
   outer loop
     vertex  3.125001e+00  1.020000e+01  1.510000e+00
     vertex  3.060297e+00  1.019148e+01  1.510000e+00
     vertex  3.060297e+00  1.019148e+01  1.545000e+00
   endloop
 endfacet
 facet normal  1.305226e-01  9.914453e-01 -0.000000e+00
   outer loop
     vertex  3.189706e+00  1.019148e+01  1.510000e+00
     vertex  3.125001e+00  1.020000e+01  1.545000e+00
     vertex  3.189706e+00  1.019148e+01  1.545000e+00
   endloop
 endfacet
 facet normal  1.305226e-01  9.914453e-01  0.000000e+00
   outer loop
     vertex  3.189706e+00  1.019148e+01  1.510000e+00
     vertex  3.125001e+00  1.020000e+01  1.510000e+00
     vertex  3.125001e+00  1.020000e+01  1.545000e+00
   endloop
 endfacet
 facet normal  3.826792e-01  9.238813e-01 -0.000000e+00
   outer loop
     vertex  3.250001e+00  1.016651e+01  1.510000e+00
     vertex  3.189706e+00  1.019148e+01  1.545000e+00
     vertex  3.250001e+00  1.016651e+01  1.545000e+00
   endloop
 endfacet
 facet normal  3.826792e-01  9.238813e-01  0.000000e+00
   outer loop
     vertex  3.250001e+00  1.016651e+01  1.510000e+00
     vertex  3.189706e+00  1.019148e+01  1.510000e+00
     vertex  3.189706e+00  1.019148e+01  1.545000e+00
   endloop
 endfacet
 facet normal  6.087569e-01  7.933568e-01 -0.000000e+00
   outer loop
     vertex  3.301778e+00  1.012678e+01  1.510000e+00
     vertex  3.250001e+00  1.016651e+01  1.545000e+00
     vertex  3.301778e+00  1.012678e+01  1.545000e+00
   endloop
 endfacet
 facet normal  6.087569e-01  7.933568e-01  0.000000e+00
   outer loop
     vertex  3.301778e+00  1.012678e+01  1.510000e+00
     vertex  3.250001e+00  1.016651e+01  1.510000e+00
     vertex  3.250001e+00  1.016651e+01  1.545000e+00
   endloop
 endfacet
 facet normal  7.071072e-01  7.071064e-01  0.000000e+00
   outer loop
     vertex  4.176776e+00  9.251778e+00  1.510000e+00
     vertex  3.301778e+00  1.012678e+01  1.510000e+00
     vertex  3.301778e+00  1.012678e+01  1.545000e+00
   endloop
 endfacet
 facet normal  7.071072e-01  7.071064e-01 -0.000000e+00
   outer loop
     vertex  4.176776e+00  9.251778e+00  1.510000e+00
     vertex  3.301778e+00  1.012678e+01  1.545000e+00
     vertex  4.176776e+00  9.251778e+00  1.545000e+00
   endloop
 endfacet
 facet normal -9.914449e-01 -1.305262e-01  0.000000e+00
   outer loop
     vertex  4.180873e+00  4.298465e+00  1.510000e+00
     vertex  4.187254e+00  4.250000e+00  1.510000e+00
     vertex  4.187254e+00  4.250000e+00  1.545000e+00
   endloop
 endfacet
 facet normal -9.914449e-01 -1.305262e-01  0.000000e+00
   outer loop
     vertex  4.180873e+00  4.298465e+00  1.510000e+00
     vertex  4.187254e+00  4.250000e+00  1.545000e+00
     vertex  4.180873e+00  4.298465e+00  1.545000e+00
   endloop
 endfacet
 facet normal -9.238795e-01 -3.826834e-01  0.000000e+00
   outer loop
     vertex  4.162167e+00  4.343627e+00  1.510000e+00
     vertex  4.180873e+00  4.298465e+00  1.545000e+00
     vertex  4.162167e+00  4.343627e+00  1.545000e+00
   endloop
 endfacet
 facet normal -9.238795e-01 -3.826834e-01  0.000000e+00
   outer loop
     vertex  4.162167e+00  4.343627e+00  1.510000e+00
     vertex  4.180873e+00  4.298465e+00  1.510000e+00
     vertex  4.180873e+00  4.298465e+00  1.545000e+00
   endloop
 endfacet
 facet normal -7.933533e-01 -6.087614e-01  0.000000e+00
   outer loop
     vertex  4.132409e+00  4.382409e+00  1.510000e+00
     vertex  4.162167e+00  4.343627e+00  1.545000e+00
     vertex  4.132409e+00  4.382409e+00  1.545000e+00
   endloop
 endfacet
 facet normal -7.933533e-01 -6.087614e-01  0.000000e+00
   outer loop
     vertex  4.132409e+00  4.382409e+00  1.510000e+00
     vertex  4.162167e+00  4.343627e+00  1.510000e+00
     vertex  4.162167e+00  4.343627e+00  1.545000e+00
   endloop
 endfacet
 facet normal -6.087614e-01 -7.933533e-01  0.000000e+00
   outer loop
     vertex  4.093627e+00  4.412167e+00  1.510000e+00
     vertex  4.132409e+00  4.382409e+00  1.545000e+00
     vertex  4.093627e+00  4.412167e+00  1.545000e+00
   endloop
 endfacet
 facet normal -6.087614e-01 -7.933533e-01  0.000000e+00
   outer loop
     vertex  4.093627e+00  4.412167e+00  1.510000e+00
     vertex  4.132409e+00  4.382409e+00  1.510000e+00
     vertex  4.132409e+00  4.382409e+00  1.545000e+00
   endloop
 endfacet
 facet normal -3.826834e-01 -9.238795e-01  0.000000e+00
   outer loop
     vertex  4.048465e+00  4.430873e+00  1.510000e+00
     vertex  4.093627e+00  4.412167e+00  1.545000e+00
     vertex  4.048465e+00  4.430873e+00  1.545000e+00
   endloop
 endfacet
 facet normal -3.826834e-01 -9.238795e-01  0.000000e+00
   outer loop
     vertex  4.048465e+00  4.430873e+00  1.510000e+00
     vertex  4.093627e+00  4.412167e+00  1.510000e+00
     vertex  4.093627e+00  4.412167e+00  1.545000e+00
   endloop
 endfacet
 facet normal -1.305262e-01 -9.914449e-01  0.000000e+00
   outer loop
     vertex  4.000000e+00  4.437254e+00  1.510000e+00
     vertex  4.048465e+00  4.430873e+00  1.545000e+00
     vertex  4.000000e+00  4.437254e+00  1.545000e+00
   endloop
 endfacet
 facet normal -1.305262e-01 -9.914449e-01  0.000000e+00
   outer loop
     vertex  4.000000e+00  4.437254e+00  1.510000e+00
     vertex  4.048465e+00  4.430873e+00  1.510000e+00
     vertex  4.048465e+00  4.430873e+00  1.545000e+00
   endloop
 endfacet
 facet normal  1.305262e-01 -9.914449e-01  0.000000e+00
   outer loop
     vertex  3.951535e+00  4.430873e+00  1.510000e+00
     vertex  4.000000e+00  4.437254e+00  1.545000e+00
     vertex  3.951535e+00  4.430873e+00  1.545000e+00
   endloop
 endfacet
 facet normal  1.305262e-01 -9.914449e-01  0.000000e+00
   outer loop
     vertex  3.951535e+00  4.430873e+00  1.510000e+00
     vertex  4.000000e+00  4.437254e+00  1.510000e+00
     vertex  4.000000e+00  4.437254e+00  1.545000e+00
   endloop
 endfacet
 facet normal  3.826834e-01 -9.238795e-01  0.000000e+00
   outer loop
     vertex  3.906373e+00  4.412167e+00  1.510000e+00
     vertex  3.951535e+00  4.430873e+00  1.545000e+00
     vertex  3.906373e+00  4.412167e+00  1.545000e+00
   endloop
 endfacet
 facet normal  3.826834e-01 -9.238795e-01  0.000000e+00
   outer loop
     vertex  3.906373e+00  4.412167e+00  1.510000e+00
     vertex  3.951535e+00  4.430873e+00  1.510000e+00
     vertex  3.951535e+00  4.430873e+00  1.545000e+00
   endloop
 endfacet
 facet normal  6.087614e-01 -7.933533e-01  0.000000e+00
   outer loop
     vertex  3.867591e+00  4.382409e+00  1.510000e+00
     vertex  3.906373e+00  4.412167e+00  1.545000e+00
     vertex  3.867591e+00  4.382409e+00  1.545000e+00
   endloop
 endfacet
 facet normal  6.087614e-01 -7.933533e-01  0.000000e+00
   outer loop
     vertex  3.867591e+00  4.382409e+00  1.510000e+00
     vertex  3.906373e+00  4.412167e+00  1.510000e+00
     vertex  3.906373e+00  4.412167e+00  1.545000e+00
   endloop
 endfacet
 facet normal  7.933533e-01 -6.087614e-01  0.000000e+00
   outer loop
     vertex  3.837833e+00  4.343627e+00  1.510000e+00
     vertex  3.867591e+00  4.382409e+00  1.545000e+00
     vertex  3.837833e+00  4.343627e+00  1.545000e+00
   endloop
 endfacet
 facet normal  7.933533e-01 -6.087614e-01  0.000000e+00
   outer loop
     vertex  3.837833e+00  4.343627e+00  1.510000e+00
     vertex  3.867591e+00  4.382409e+00  1.510000e+00
     vertex  3.867591e+00  4.382409e+00  1.545000e+00
   endloop
 endfacet
 facet normal  9.238795e-01 -3.826834e-01  0.000000e+00
   outer loop
     vertex  3.819127e+00  4.298465e+00  1.510000e+00
     vertex  3.837833e+00  4.343627e+00  1.545000e+00
     vertex  3.819127e+00  4.298465e+00  1.545000e+00
   endloop
 endfacet
 facet normal  9.238795e-01 -3.826834e-01  0.000000e+00
   outer loop
     vertex  3.819127e+00  4.298465e+00  1.510000e+00
     vertex  3.837833e+00  4.343627e+00  1.510000e+00
     vertex  3.837833e+00  4.343627e+00  1.545000e+00
   endloop
 endfacet
 facet normal  9.914449e-01 -1.305262e-01  0.000000e+00
   outer loop
     vertex  3.812746e+00  4.250000e+00  1.510000e+00
     vertex  3.819127e+00  4.298465e+00  1.510000e+00
     vertex  3.819127e+00  4.298465e+00  1.545000e+00
   endloop
 endfacet
 facet normal  9.914449e-01 -1.305262e-01  0.000000e+00
   outer loop
     vertex  3.812746e+00  4.250000e+00  1.510000e+00
     vertex  3.819127e+00  4.298465e+00  1.545000e+00
     vertex  3.812746e+00  4.250000e+00  1.545000e+00
   endloop
 endfacet
 facet normal  9.914449e-01  1.305262e-01  0.000000e+00
   outer loop
     vertex  3.819127e+00  4.201535e+00  1.510000e+00
     vertex  3.812746e+00  4.250000e+00  1.510000e+00
     vertex  3.812746e+00  4.250000e+00  1.545000e+00
   endloop
 endfacet
 facet normal  9.914449e-01  1.305262e-01 -0.000000e+00
   outer loop
     vertex  3.819127e+00  4.201535e+00  1.510000e+00
     vertex  3.812746e+00  4.250000e+00  1.545000e+00
     vertex  3.819127e+00  4.201535e+00  1.545000e+00
   endloop
 endfacet
 facet normal  9.238795e-01  3.826834e-01  0.000000e+00
   outer loop
     vertex  3.837833e+00  4.156373e+00  1.510000e+00
     vertex  3.819127e+00  4.201535e+00  1.510000e+00
     vertex  3.819127e+00  4.201535e+00  1.545000e+00
   endloop
 endfacet
 facet normal  9.238795e-01  3.826834e-01 -0.000000e+00
   outer loop
     vertex  3.837833e+00  4.156373e+00  1.510000e+00
     vertex  3.819127e+00  4.201535e+00  1.545000e+00
     vertex  3.837833e+00  4.156373e+00  1.545000e+00
   endloop
 endfacet
 facet normal  7.933533e-01  6.087614e-01 -0.000000e+00
   outer loop
     vertex  3.867591e+00  4.117591e+00  1.510000e+00
     vertex  3.837833e+00  4.156373e+00  1.545000e+00
     vertex  3.867591e+00  4.117591e+00  1.545000e+00
   endloop
 endfacet
 facet normal  7.933533e-01  6.087614e-01  0.000000e+00
   outer loop
     vertex  3.867591e+00  4.117591e+00  1.510000e+00
     vertex  3.837833e+00  4.156373e+00  1.510000e+00
     vertex  3.837833e+00  4.156373e+00  1.545000e+00
   endloop
 endfacet
 facet normal  6.087614e-01  7.933533e-01 -0.000000e+00
   outer loop
     vertex  3.906373e+00  4.087833e+00  1.510000e+00
     vertex  3.867591e+00  4.117591e+00  1.545000e+00
     vertex  3.906373e+00  4.087833e+00  1.545000e+00
   endloop
 endfacet
 facet normal  6.087614e-01  7.933533e-01  0.000000e+00
   outer loop
     vertex  3.906373e+00  4.087833e+00  1.510000e+00
     vertex  3.867591e+00  4.117591e+00  1.510000e+00
     vertex  3.867591e+00  4.117591e+00  1.545000e+00
   endloop
 endfacet
 facet normal  3.826834e-01  9.238795e-01 -0.000000e+00
   outer loop
     vertex  3.951535e+00  4.069127e+00  1.510000e+00
     vertex  3.906373e+00  4.087833e+00  1.545000e+00
     vertex  3.951535e+00  4.069127e+00  1.545000e+00
   endloop
 endfacet
 facet normal  3.826834e-01  9.238795e-01  0.000000e+00
   outer loop
     vertex  3.951535e+00  4.069127e+00  1.510000e+00
     vertex  3.906373e+00  4.087833e+00  1.510000e+00
     vertex  3.906373e+00  4.087833e+00  1.545000e+00
   endloop
 endfacet
 facet normal  1.305262e-01  9.914449e-01 -0.000000e+00
   outer loop
     vertex  4.000000e+00  4.062746e+00  1.510000e+00
     vertex  3.951535e+00  4.069127e+00  1.545000e+00
     vertex  4.000000e+00  4.062746e+00  1.545000e+00
   endloop
 endfacet
 facet normal  1.305262e-01  9.914449e-01  0.000000e+00
   outer loop
     vertex  4.000000e+00  4.062746e+00  1.510000e+00
     vertex  3.951535e+00  4.069127e+00  1.510000e+00
     vertex  3.951535e+00  4.069127e+00  1.545000e+00
   endloop
 endfacet
 facet normal -1.305262e-01  9.914449e-01  0.000000e+00
   outer loop
     vertex  4.048465e+00  4.069127e+00  1.510000e+00
     vertex  4.000000e+00  4.062746e+00  1.510000e+00
     vertex  4.000000e+00  4.062746e+00  1.545000e+00
   endloop
 endfacet
 facet normal -1.305262e-01  9.914449e-01  0.000000e+00
   outer loop
     vertex  4.048465e+00  4.069127e+00  1.510000e+00
     vertex  4.000000e+00  4.062746e+00  1.545000e+00
     vertex  4.048465e+00  4.069127e+00  1.545000e+00
   endloop
 endfacet
 facet normal -3.826834e-01  9.238795e-01  0.000000e+00
   outer loop
     vertex  4.093627e+00  4.087833e+00  1.510000e+00
     vertex  4.048465e+00  4.069127e+00  1.545000e+00
     vertex  4.093627e+00  4.087833e+00  1.545000e+00
   endloop
 endfacet
 facet normal -3.826834e-01  9.238795e-01  0.000000e+00
   outer loop
     vertex  4.093627e+00  4.087833e+00  1.510000e+00
     vertex  4.048465e+00  4.069127e+00  1.510000e+00
     vertex  4.048465e+00  4.069127e+00  1.545000e+00
   endloop
 endfacet
 facet normal -6.087614e-01  7.933533e-01  0.000000e+00
   outer loop
     vertex  4.132409e+00  4.117591e+00  1.510000e+00
     vertex  4.093627e+00  4.087833e+00  1.545000e+00
     vertex  4.132409e+00  4.117591e+00  1.545000e+00
   endloop
 endfacet
 facet normal -6.087614e-01  7.933533e-01  0.000000e+00
   outer loop
     vertex  4.132409e+00  4.117591e+00  1.510000e+00
     vertex  4.093627e+00  4.087833e+00  1.510000e+00
     vertex  4.093627e+00  4.087833e+00  1.545000e+00
   endloop
 endfacet
 facet normal -7.933533e-01  6.087614e-01  0.000000e+00
   outer loop
     vertex  4.162167e+00  4.156373e+00  1.510000e+00
     vertex  4.132409e+00  4.117591e+00  1.545000e+00
     vertex  4.162167e+00  4.156373e+00  1.545000e+00
   endloop
 endfacet
 facet normal -7.933533e-01  6.087614e-01  0.000000e+00
   outer loop
     vertex  4.162167e+00  4.156373e+00  1.510000e+00
     vertex  4.132409e+00  4.117591e+00  1.510000e+00
     vertex  4.132409e+00  4.117591e+00  1.545000e+00
   endloop
 endfacet
 facet normal -9.238795e-01  3.826834e-01  0.000000e+00
   outer loop
     vertex  4.180873e+00  4.201535e+00  1.510000e+00
     vertex  4.162167e+00  4.156373e+00  1.545000e+00
     vertex  4.180873e+00  4.201535e+00  1.545000e+00
   endloop
 endfacet
 facet normal -9.238795e-01  3.826834e-01  0.000000e+00
   outer loop
     vertex  4.180873e+00  4.201535e+00  1.510000e+00
     vertex  4.162167e+00  4.156373e+00  1.510000e+00
     vertex  4.162167e+00  4.156373e+00  1.545000e+00
   endloop
 endfacet
 facet normal -9.914449e-01  1.305262e-01  0.000000e+00
   outer loop
     vertex  4.187254e+00  4.250000e+00  1.510000e+00
     vertex  4.180873e+00  4.201535e+00  1.545000e+00
     vertex  4.187254e+00  4.250000e+00  1.545000e+00
   endloop
 endfacet
 facet normal -9.914449e-01  1.305262e-01  0.000000e+00
   outer loop
     vertex  4.187254e+00  4.250000e+00  1.510000e+00
     vertex  4.180873e+00  4.201535e+00  1.510000e+00
     vertex  4.180873e+00  4.201535e+00  1.545000e+00
   endloop
 endfacet
 facet normal  0.000000e+00  0.000000e+00 -1.000000e+00
   outer loop
     vertex  3.867591e+00  4.117591e+00  1.510000e+00
     vertex  3.763543e+00  3.991953e+00  1.510000e+00
     vertex  3.707579e+00  4.057672e+00  1.510000e+00
   endloop
 endfacet
 facet normal  0.000000e+00  0.000000e+00 -1.000000e+00
   outer loop
     vertex  3.837833e+00  4.156373e+00  1.510000e+00
     vertex  3.707579e+00  4.057672e+00  1.510000e+00
     vertex  3.669401e+00  4.135089e+00  1.510000e+00
   endloop
 endfacet
 facet normal  0.000000e+00 -0.000000e+00 -1.000000e+00
   outer loop
     vertex  3.837833e+00  4.156373e+00  1.510000e+00
     vertex  3.867591e+00  4.117591e+00  1.510000e+00
     vertex  3.707579e+00  4.057672e+00  1.510000e+00
   endloop
 endfacet
 facet normal  0.000000e+00  0.000000e+00 -1.000000e+00
   outer loop
     vertex  3.906373e+00  4.087833e+00  1.510000e+00
     vertex  3.833890e+00  3.941929e+00  1.510000e+00
     vertex  3.763543e+00  3.991953e+00  1.510000e+00
   endloop
 endfacet
 facet normal -0.000000e+00  0.000000e+00 -1.000000e+00
   outer loop
     vertex  3.906373e+00  4.087833e+00  1.510000e+00
     vertex  3.763543e+00  3.991953e+00  1.510000e+00
     vertex  3.867591e+00  4.117591e+00  1.510000e+00
   endloop
 endfacet
 facet normal  0.000000e+00  0.000000e+00 -1.000000e+00
   outer loop
     vertex  3.951535e+00  4.069127e+00  1.510000e+00
     vertex  3.914340e+00  3.910644e+00  1.510000e+00
     vertex  3.833890e+00  3.941929e+00  1.510000e+00
   endloop
 endfacet
 facet normal -0.000000e+00  0.000000e+00 -1.000000e+00
   outer loop
     vertex  3.951535e+00  4.069127e+00  1.510000e+00
     vertex  3.833890e+00  3.941929e+00  1.510000e+00
     vertex  3.906373e+00  4.087833e+00  1.510000e+00
   endloop
 endfacet
 facet normal -0.000000e+00  0.000000e+00 -1.000000e+00
   outer loop
     vertex  3.819127e+00  4.201535e+00  1.510000e+00
     vertex  3.669401e+00  4.135089e+00  1.510000e+00
     vertex  3.651331e+00  4.219496e+00  1.510000e+00
   endloop
 endfacet
 facet normal  0.000000e+00 -0.000000e+00 -1.000000e+00
   outer loop
     vertex  3.819127e+00  4.201535e+00  1.510000e+00
     vertex  3.837833e+00  4.156373e+00  1.510000e+00
     vertex  3.669401e+00  4.135089e+00  1.510000e+00
   endloop
 endfacet
 facet normal  0.000000e+00  0.000000e+00 -1.000000e+00
   outer loop
     vertex  4.000000e+00  4.062746e+00  1.510000e+00
     vertex  4.085660e+00  3.910644e+00  1.510000e+00
     vertex  4.000000e+00  3.900000e+00  1.510000e+00
   endloop
 endfacet
 facet normal  0.000000e+00 -0.000000e+00 -1.000000e+00
   outer loop
     vertex  4.000000e+00  4.062746e+00  1.510000e+00
     vertex  4.000000e+00  3.900000e+00  1.510000e+00
     vertex  3.914340e+00  3.910644e+00  1.510000e+00
   endloop
 endfacet
 facet normal -0.000000e+00  0.000000e+00 -1.000000e+00
   outer loop
     vertex  4.000000e+00  4.062746e+00  1.510000e+00
     vertex  3.914340e+00  3.910644e+00  1.510000e+00
     vertex  3.951535e+00  4.069127e+00  1.510000e+00
   endloop
 endfacet
 facet normal -0.000000e+00  0.000000e+00 -1.000000e+00
   outer loop
     vertex  3.812746e+00  4.250000e+00  1.510000e+00
     vertex  3.651331e+00  4.219496e+00  1.510000e+00
     vertex  3.654469e+00  4.305758e+00  1.510000e+00
   endloop
 endfacet
 facet normal  0.000000e+00 -0.000000e+00 -1.000000e+00
   outer loop
     vertex  3.812746e+00  4.250000e+00  1.510000e+00
     vertex  3.819127e+00  4.201535e+00  1.510000e+00
     vertex  3.651331e+00  4.219496e+00  1.510000e+00
   endloop
 endfacet
 facet normal  0.000000e+00  0.000000e+00 -1.000000e+00
   outer loop
     vertex  4.048465e+00  4.069127e+00  1.510000e+00
     vertex  4.166110e+00  3.941929e+00  1.510000e+00
     vertex  4.085660e+00  3.910644e+00  1.510000e+00
   endloop
 endfacet
 facet normal  0.000000e+00 -0.000000e+00 -1.000000e+00
   outer loop
     vertex  4.048465e+00  4.069127e+00  1.510000e+00
     vertex  4.085660e+00  3.910644e+00  1.510000e+00
     vertex  4.000000e+00  4.062746e+00  1.510000e+00
   endloop
 endfacet
 facet normal  0.000000e+00  0.000000e+00 -1.000000e+00
   outer loop
     vertex  3.819127e+00  4.298465e+00  1.510000e+00
     vertex  3.654469e+00  4.305758e+00  1.510000e+00
     vertex  3.678624e+00  4.388628e+00  1.510000e+00
   endloop
 endfacet
 facet normal -0.000000e+00  0.000000e+00 -1.000000e+00
   outer loop
     vertex  3.819127e+00  4.298465e+00  1.510000e+00
     vertex  3.812746e+00  4.250000e+00  1.510000e+00
     vertex  3.654469e+00  4.305758e+00  1.510000e+00
   endloop
 endfacet
 facet normal  0.000000e+00 -0.000000e+00 -1.000000e+00
   outer loop
     vertex  4.093627e+00  4.087833e+00  1.510000e+00
     vertex  4.166110e+00  3.941929e+00  1.510000e+00
     vertex  4.048465e+00  4.069127e+00  1.510000e+00
   endloop
 endfacet
 facet normal -0.000000e+00  0.000000e+00 -1.000000e+00
   outer loop
     vertex  3.837833e+00  4.343627e+00  1.510000e+00
     vertex  3.819127e+00  4.298465e+00  1.510000e+00
     vertex  3.678624e+00  4.388628e+00  1.510000e+00
   endloop
 endfacet
 facet normal  0.000000e+00 -0.000000e+00 -1.000000e+00
   outer loop
     vertex  3.722326e+00  4.463067e+00  1.510000e+00
     vertex  3.837833e+00  4.343627e+00  1.510000e+00
     vertex  3.678624e+00  4.388628e+00  1.510000e+00
   endloop
 endfacet
 facet normal -0.000000e+00  0.000000e+00 -1.000000e+00
   outer loop
     vertex  4.236457e+00  3.991953e+00  1.510000e+00
     vertex  4.166110e+00  3.941929e+00  1.510000e+00
     vertex  4.093627e+00  4.087833e+00  1.510000e+00
   endloop
 endfacet
 facet normal  0.000000e+00 -0.000000e+00 -1.000000e+00
   outer loop
     vertex  4.132409e+00  4.117591e+00  1.510000e+00
     vertex  4.236457e+00  3.991953e+00  1.510000e+00
     vertex  4.093627e+00  4.087833e+00  1.510000e+00
   endloop
 endfacet
 facet normal -0.000000e+00  0.000000e+00 -1.000000e+00
   outer loop
     vertex  3.867591e+00  4.382409e+00  1.510000e+00
     vertex  3.837833e+00  4.343627e+00  1.510000e+00
     vertex  3.722326e+00  4.463067e+00  1.510000e+00
   endloop
 endfacet
 facet normal  0.000000e+00  0.000000e+00 -1.000000e+00
   outer loop
     vertex  3.867591e+00  4.382409e+00  1.510000e+00
     vertex  3.722326e+00  4.463067e+00  1.510000e+00
     vertex  3.750000e+00  4.490741e+00  1.510000e+00
   endloop
 endfacet
 facet normal -0.000000e+00  0.000000e+00 -1.000000e+00
   outer loop
     vertex  3.906373e+00  4.412167e+00  1.510000e+00
     vertex  3.867591e+00  4.382409e+00  1.510000e+00
     vertex  3.750000e+00  4.490741e+00  1.510000e+00
   endloop
 endfacet
 facet normal -0.000000e+00  0.000000e+00 -1.000000e+00
   outer loop
     vertex  4.292421e+00  4.057672e+00  1.510000e+00
     vertex  4.236457e+00  3.991953e+00  1.510000e+00
     vertex  4.132409e+00  4.117591e+00  1.510000e+00
   endloop
 endfacet
 facet normal  0.000000e+00  0.000000e+00 -1.000000e+00
   outer loop
     vertex  4.292421e+00  4.057672e+00  1.510000e+00
     vertex  4.132409e+00  4.117591e+00  1.510000e+00
     vertex  4.162167e+00  4.156373e+00  1.510000e+00
   endloop
 endfacet
 facet normal -0.000000e+00  0.000000e+00 -1.000000e+00
   outer loop
     vertex  3.951535e+00  4.430873e+00  1.510000e+00
     vertex  3.906373e+00  4.412167e+00  1.510000e+00
     vertex  3.750000e+00  4.490741e+00  1.510000e+00
   endloop
 endfacet
 facet normal -0.000000e+00  0.000000e+00 -1.000000e+00
   outer loop
     vertex  4.000000e+00  4.437254e+00  1.510000e+00
     vertex  3.951535e+00  4.430873e+00  1.510000e+00
     vertex  3.750000e+00  4.490741e+00  1.510000e+00
   endloop
 endfacet
 facet normal -0.000000e+00  0.000000e+00 -1.000000e+00
   outer loop
     vertex  4.330599e+00  4.135089e+00  1.510000e+00
     vertex  4.292421e+00  4.057672e+00  1.510000e+00
     vertex  4.162167e+00  4.156373e+00  1.510000e+00
   endloop
 endfacet
 facet normal  0.000000e+00  0.000000e+00 -1.000000e+00
   outer loop
     vertex  4.330599e+00  4.135089e+00  1.510000e+00
     vertex  4.162167e+00  4.156373e+00  1.510000e+00
     vertex  4.180873e+00  4.201535e+00  1.510000e+00
   endloop
 endfacet
 facet normal  0.000000e+00  0.000000e+00 -1.000000e+00
   outer loop
     vertex  4.348669e+00  4.219496e+00  1.510000e+00
     vertex  4.330599e+00  4.135089e+00  1.510000e+00
     vertex  4.180873e+00  4.201535e+00  1.510000e+00
   endloop
 endfacet
 facet normal -0.000000e+00  0.000000e+00 -1.000000e+00
   outer loop
     vertex  4.348669e+00  4.219496e+00  1.510000e+00
     vertex  4.180873e+00  4.201535e+00  1.510000e+00
     vertex  4.187254e+00  4.250000e+00  1.510000e+00
   endloop
 endfacet
 facet normal  0.000000e+00 -0.000000e+00 -1.000000e+00
   outer loop
     vertex  4.345531e+00  4.305758e+00  1.510000e+00
     vertex  4.348669e+00  4.219496e+00  1.510000e+00
     vertex  4.187254e+00  4.250000e+00  1.510000e+00
   endloop
 endfacet
 facet normal  0.000000e+00  0.000000e+00 -1.000000e+00
   outer loop
     vertex  4.345531e+00  4.305758e+00  1.510000e+00
     vertex  4.187254e+00  4.250000e+00  1.510000e+00
     vertex  4.180873e+00  4.298465e+00  1.510000e+00
   endloop
 endfacet
 facet normal  0.000000e+00  0.000000e+00 -1.000000e+00
   outer loop
     vertex  4.321376e+00  4.388628e+00  1.510000e+00
     vertex  4.180873e+00  4.298465e+00  1.510000e+00
     vertex  4.162167e+00  4.343627e+00  1.510000e+00
   endloop
 endfacet
 facet normal  0.000000e+00 -0.000000e+00 -1.000000e+00
   outer loop
     vertex  4.321376e+00  4.388628e+00  1.510000e+00
     vertex  4.345531e+00  4.305758e+00  1.510000e+00
     vertex  4.180873e+00  4.298465e+00  1.510000e+00
   endloop
 endfacet
 facet normal -0.000000e+00  0.000000e+00 -1.000000e+00
   outer loop
     vertex  4.250000e+00  4.490741e+00  1.510000e+00
     vertex  4.000000e+00  4.437254e+00  1.510000e+00
     vertex  3.750000e+00  4.490741e+00  1.510000e+00
   endloop
 endfacet
 facet normal  0.000000e+00  0.000000e+00 -1.000000e+00
   outer loop
     vertex  4.250000e+00  4.490741e+00  1.510000e+00
     vertex  4.132409e+00  4.382409e+00  1.510000e+00
     vertex  4.093627e+00  4.412167e+00  1.510000e+00
   endloop
 endfacet
 facet normal  0.000000e+00  0.000000e+00 -1.000000e+00
   outer loop
     vertex  4.250000e+00  4.490741e+00  1.510000e+00
     vertex  4.093627e+00  4.412167e+00  1.510000e+00
     vertex  4.048465e+00  4.430873e+00  1.510000e+00
   endloop
 endfacet
 facet normal  0.000000e+00  0.000000e+00 -1.000000e+00
   outer loop
     vertex  4.250000e+00  4.490741e+00  1.510000e+00
     vertex  4.048465e+00  4.430873e+00  1.510000e+00
     vertex  4.000000e+00  4.437254e+00  1.510000e+00
   endloop
 endfacet
 facet normal -0.000000e+00  0.000000e+00 -1.000000e+00
   outer loop
     vertex  4.277674e+00  4.463067e+00  1.510000e+00
     vertex  4.132409e+00  4.382409e+00  1.510000e+00
     vertex  4.250000e+00  4.490741e+00  1.510000e+00
   endloop
 endfacet
 facet normal  0.000000e+00  0.000000e+00 -1.000000e+00
   outer loop
     vertex  4.277674e+00  4.463067e+00  1.510000e+00
     vertex  4.162167e+00  4.343627e+00  1.510000e+00
     vertex  4.132409e+00  4.382409e+00  1.510000e+00
   endloop
 endfacet
 facet normal  0.000000e+00 -0.000000e+00 -1.000000e+00
   outer loop
     vertex  4.277674e+00  4.463067e+00  1.510000e+00
     vertex  4.321376e+00  4.388628e+00  1.510000e+00
     vertex  4.162167e+00  4.343627e+00  1.510000e+00
   endloop
 endfacet
 facet normal  0.000000e+00  0.000000e+00 -1.000000e+00
   outer loop
     vertex  3.750000e+00  8.971448e+00  1.510000e+00
     vertex  4.250000e+00  4.490741e+00  1.510000e+00
     vertex  3.750000e+00  4.490741e+00  1.510000e+00
   endloop
 endfacet
 facet normal  0.000000e+00 -0.000000e+00 -1.000000e+00
   outer loop
     vertex  2.908495e+00  1.007500e+01  1.510000e+00
     vertex  2.948224e+00  9.773223e+00  1.510000e+00
     vertex  2.908495e+00  9.825000e+00  1.510000e+00
   endloop
 endfacet
 facet normal  0.000000e+00  0.000000e+00 -1.000000e+00
   outer loop
     vertex  2.908495e+00  1.007500e+01  1.510000e+00
     vertex  2.908495e+00  9.825000e+00  1.510000e+00
     vertex  2.883520e+00  9.885295e+00  1.510000e+00
   endloop
 endfacet
 facet normal  0.000000e+00  0.000000e+00 -1.000000e+00
   outer loop
     vertex  2.908495e+00  1.007500e+01  1.510000e+00
     vertex  2.883520e+00  9.885295e+00  1.510000e+00
     vertex  2.875002e+00  9.950000e+00  1.510000e+00
   endloop
 endfacet
 facet normal  0.000000e+00  0.000000e+00 -1.000000e+00
   outer loop
     vertex  2.908495e+00  1.007500e+01  1.510000e+00
     vertex  2.875002e+00  9.950000e+00  1.510000e+00
     vertex  2.883520e+00  1.001470e+01  1.510000e+00
   endloop
 endfacet
 facet normal  0.000000e+00  0.000000e+00 -1.000000e+00
   outer loop
     vertex  3.000002e+00  1.016651e+01  1.510000e+00
     vertex  2.908495e+00  1.007500e+01  1.510000e+00
     vertex  2.948225e+00  1.012678e+01  1.510000e+00
   endloop
 endfacet
 facet normal  0.000000e+00  0.000000e+00 -1.000000e+00
   outer loop
     vertex  3.000002e+00  1.016651e+01  1.510000e+00
     vertex  2.948224e+00  9.773223e+00  1.510000e+00
     vertex  2.908495e+00  1.007500e+01  1.510000e+00
   endloop
 endfacet
 facet normal  0.000000e+00  0.000000e+00 -1.000000e+00
   outer loop
     vertex  3.060297e+00  1.019148e+01  1.510000e+00
     vertex  2.948224e+00  9.773223e+00  1.510000e+00
     vertex  3.000002e+00  1.016651e+01  1.510000e+00
   endloop
 endfacet
 facet normal  0.000000e+00 -0.000000e+00 -1.000000e+00
   outer loop
     vertex  4.250000e+00  9.075001e+00  1.510000e+00
     vertex  4.250000e+00  4.490741e+00  1.510000e+00
     vertex  3.750000e+00  8.971448e+00  1.510000e+00
   endloop
 endfacet
 facet normal -0.000000e+00  0.000000e+00 -1.000000e+00
   outer loop
     vertex  3.189706e+00  1.019148e+01  1.510000e+00
     vertex  3.060297e+00  1.019148e+01  1.510000e+00
     vertex  3.125001e+00  1.020000e+01  1.510000e+00
   endloop
 endfacet
 facet normal  0.000000e+00  0.000000e+00 -1.000000e+00
   outer loop
     vertex  4.230970e+00  9.170672e+00  1.510000e+00
     vertex  4.245196e+00  9.123774e+00  1.510000e+00
     vertex  4.250000e+00  9.075001e+00  1.510000e+00
   endloop
 endfacet
 facet normal  0.000000e+00  0.000000e+00 -1.000000e+00
   outer loop
     vertex  4.207867e+00  9.213894e+00  1.510000e+00
     vertex  4.230970e+00  9.170672e+00  1.510000e+00
     vertex  4.250000e+00  9.075001e+00  1.510000e+00
   endloop
 endfacet
 facet normal  0.000000e+00 -0.000000e+00 -1.000000e+00
   outer loop
     vertex  4.176776e+00  9.251778e+00  1.510000e+00
     vertex  4.250000e+00  9.075001e+00  1.510000e+00
     vertex  3.750000e+00  8.971448e+00  1.510000e+00
   endloop
 endfacet
 facet normal  0.000000e+00  0.000000e+00 -1.000000e+00
   outer loop
     vertex  4.176776e+00  9.251778e+00  1.510000e+00
     vertex  4.207867e+00  9.213894e+00  1.510000e+00
     vertex  4.250000e+00  9.075001e+00  1.510000e+00
   endloop
 endfacet
 facet normal  0.000000e+00  0.000000e+00 -1.000000e+00
   outer loop
     vertex  3.301778e+00  1.012678e+01  1.510000e+00
     vertex  3.189706e+00  1.019148e+01  1.510000e+00
     vertex  3.250001e+00  1.016651e+01  1.510000e+00
   endloop
 endfacet
 facet normal  0.000000e+00 -0.000000e+00 -1.000000e+00
   outer loop
     vertex  3.301778e+00  1.012678e+01  1.510000e+00
     vertex  3.750000e+00  8.971448e+00  1.510000e+00
     vertex  2.948224e+00  9.773223e+00  1.510000e+00
   endloop
 endfacet
 facet normal -0.000000e+00  0.000000e+00 -1.000000e+00
   outer loop
     vertex  3.301778e+00  1.012678e+01  1.510000e+00
     vertex  2.948224e+00  9.773223e+00  1.510000e+00
     vertex  3.060297e+00  1.019148e+01  1.510000e+00
   endloop
 endfacet
 facet normal  0.000000e+00  0.000000e+00 -1.000000e+00
   outer loop
     vertex  3.301778e+00  1.012678e+01  1.510000e+00
     vertex  3.060297e+00  1.019148e+01  1.510000e+00
     vertex  3.189706e+00  1.019148e+01  1.510000e+00
   endloop
 endfacet
 facet normal  0.000000e+00  0.000000e+00 -1.000000e+00
   outer loop
     vertex  3.301778e+00  1.012678e+01  1.510000e+00
     vertex  4.176776e+00  9.251778e+00  1.510000e+00
     vertex  3.750000e+00  8.971448e+00  1.510000e+00
   endloop
 endfacet
 facet normal  0.000000e+00  0.000000e+00  1.000000e+00
   outer loop
     vertex  3.867591e+00  4.117591e+00  1.545000e+00
     vertex  3.707579e+00  4.057672e+00  1.545000e+00
     vertex  3.763543e+00  3.991953e+00  1.545000e+00
   endloop
 endfacet
 facet normal  0.000000e+00  0.000000e+00  1.000000e+00
   outer loop
     vertex  3.837833e+00  4.156373e+00  1.545000e+00
     vertex  3.669401e+00  4.135089e+00  1.545000e+00
     vertex  3.707579e+00  4.057672e+00  1.545000e+00
   endloop
 endfacet
 facet normal  0.000000e+00  0.000000e+00  1.000000e+00
   outer loop
     vertex  3.837833e+00  4.156373e+00  1.545000e+00
     vertex  3.707579e+00  4.057672e+00  1.545000e+00
     vertex  3.867591e+00  4.117591e+00  1.545000e+00
   endloop
 endfacet
 facet normal  0.000000e+00  0.000000e+00  1.000000e+00
   outer loop
     vertex  3.906373e+00  4.087833e+00  1.545000e+00
     vertex  3.763543e+00  3.991953e+00  1.545000e+00
     vertex  3.833890e+00  3.941929e+00  1.545000e+00
   endloop
 endfacet
 facet normal  0.000000e+00  0.000000e+00  1.000000e+00
   outer loop
     vertex  3.906373e+00  4.087833e+00  1.545000e+00
     vertex  3.867591e+00  4.117591e+00  1.545000e+00
     vertex  3.763543e+00  3.991953e+00  1.545000e+00
   endloop
 endfacet
 facet normal  0.000000e+00  0.000000e+00  1.000000e+00
   outer loop
     vertex  3.951535e+00  4.069127e+00  1.545000e+00
     vertex  3.833890e+00  3.941929e+00  1.545000e+00
     vertex  3.914340e+00  3.910644e+00  1.545000e+00
   endloop
 endfacet
 facet normal  0.000000e+00  0.000000e+00  1.000000e+00
   outer loop
     vertex  3.951535e+00  4.069127e+00  1.545000e+00
     vertex  3.906373e+00  4.087833e+00  1.545000e+00
     vertex  3.833890e+00  3.941929e+00  1.545000e+00
   endloop
 endfacet
 facet normal  0.000000e+00  0.000000e+00  1.000000e+00
   outer loop
     vertex  3.819127e+00  4.201535e+00  1.545000e+00
     vertex  3.651331e+00  4.219496e+00  1.545000e+00
     vertex  3.669401e+00  4.135089e+00  1.545000e+00
   endloop
 endfacet
 facet normal  0.000000e+00  0.000000e+00  1.000000e+00
   outer loop
     vertex  3.819127e+00  4.201535e+00  1.545000e+00
     vertex  3.669401e+00  4.135089e+00  1.545000e+00
     vertex  3.837833e+00  4.156373e+00  1.545000e+00
   endloop
 endfacet
 facet normal  0.000000e+00  0.000000e+00  1.000000e+00
   outer loop
     vertex  4.000000e+00  4.062746e+00  1.545000e+00
     vertex  4.000000e+00  3.900000e+00  1.545000e+00
     vertex  4.085660e+00  3.910644e+00  1.545000e+00
   endloop
 endfacet
 facet normal  0.000000e+00  0.000000e+00  1.000000e+00
   outer loop
     vertex  4.000000e+00  4.062746e+00  1.545000e+00
     vertex  3.914340e+00  3.910644e+00  1.545000e+00
     vertex  4.000000e+00  3.900000e+00  1.545000e+00
   endloop
 endfacet
 facet normal  0.000000e+00  0.000000e+00  1.000000e+00
   outer loop
     vertex  4.000000e+00  4.062746e+00  1.545000e+00
     vertex  3.951535e+00  4.069127e+00  1.545000e+00
     vertex  3.914340e+00  3.910644e+00  1.545000e+00
   endloop
 endfacet
 facet normal  0.000000e+00  0.000000e+00  1.000000e+00
   outer loop
     vertex  3.812746e+00  4.250000e+00  1.545000e+00
     vertex  3.654469e+00  4.305758e+00  1.545000e+00
     vertex  3.651331e+00  4.219496e+00  1.545000e+00
   endloop
 endfacet
 facet normal  0.000000e+00  0.000000e+00  1.000000e+00
   outer loop
     vertex  3.812746e+00  4.250000e+00  1.545000e+00
     vertex  3.651331e+00  4.219496e+00  1.545000e+00
     vertex  3.819127e+00  4.201535e+00  1.545000e+00
   endloop
 endfacet
 facet normal  0.000000e+00  0.000000e+00  1.000000e+00
   outer loop
     vertex  4.048465e+00  4.069127e+00  1.545000e+00
     vertex  4.085660e+00  3.910644e+00  1.545000e+00
     vertex  4.166110e+00  3.941929e+00  1.545000e+00
   endloop
 endfacet
 facet normal  0.000000e+00  0.000000e+00  1.000000e+00
   outer loop
     vertex  4.048465e+00  4.069127e+00  1.545000e+00
     vertex  4.000000e+00  4.062746e+00  1.545000e+00
     vertex  4.085660e+00  3.910644e+00  1.545000e+00
   endloop
 endfacet
 facet normal  0.000000e+00  0.000000e+00  1.000000e+00
   outer loop
     vertex  3.819127e+00  4.298465e+00  1.545000e+00
     vertex  3.678624e+00  4.388628e+00  1.545000e+00
     vertex  3.654469e+00  4.305758e+00  1.545000e+00
   endloop
 endfacet
 facet normal  0.000000e+00  0.000000e+00  1.000000e+00
   outer loop
     vertex  3.819127e+00  4.298465e+00  1.545000e+00
     vertex  3.654469e+00  4.305758e+00  1.545000e+00
     vertex  3.812746e+00  4.250000e+00  1.545000e+00
   endloop
 endfacet
 facet normal  0.000000e+00  0.000000e+00  1.000000e+00
   outer loop
     vertex  4.093627e+00  4.087833e+00  1.545000e+00
     vertex  4.048465e+00  4.069127e+00  1.545000e+00
     vertex  4.166110e+00  3.941929e+00  1.545000e+00
   endloop
 endfacet
 facet normal  0.000000e+00  0.000000e+00  1.000000e+00
   outer loop
     vertex  3.837833e+00  4.343627e+00  1.545000e+00
     vertex  3.678624e+00  4.388628e+00  1.545000e+00
     vertex  3.819127e+00  4.298465e+00  1.545000e+00
   endloop
 endfacet
 facet normal  0.000000e+00  0.000000e+00  1.000000e+00
   outer loop
     vertex  3.722326e+00  4.463067e+00  1.545000e+00
     vertex  3.678624e+00  4.388628e+00  1.545000e+00
     vertex  3.837833e+00  4.343627e+00  1.545000e+00
   endloop
 endfacet
 facet normal  0.000000e+00  0.000000e+00  1.000000e+00
   outer loop
     vertex  4.236457e+00  3.991953e+00  1.545000e+00
     vertex  4.093627e+00  4.087833e+00  1.545000e+00
     vertex  4.166110e+00  3.941929e+00  1.545000e+00
   endloop
 endfacet
 facet normal  0.000000e+00  0.000000e+00  1.000000e+00
   outer loop
     vertex  4.132409e+00  4.117591e+00  1.545000e+00
     vertex  4.093627e+00  4.087833e+00  1.545000e+00
     vertex  4.236457e+00  3.991953e+00  1.545000e+00
   endloop
 endfacet
 facet normal  0.000000e+00  0.000000e+00  1.000000e+00
   outer loop
     vertex  3.867591e+00  4.382409e+00  1.545000e+00
     vertex  3.722326e+00  4.463067e+00  1.545000e+00
     vertex  3.837833e+00  4.343627e+00  1.545000e+00
   endloop
 endfacet
 facet normal  0.000000e+00  0.000000e+00  1.000000e+00
   outer loop
     vertex  3.867591e+00  4.382409e+00  1.545000e+00
     vertex  3.750000e+00  4.490741e+00  1.545000e+00
     vertex  3.722326e+00  4.463067e+00  1.545000e+00
   endloop
 endfacet
 facet normal  0.000000e+00  0.000000e+00  1.000000e+00
   outer loop
     vertex  3.906373e+00  4.412167e+00  1.545000e+00
     vertex  3.750000e+00  4.490741e+00  1.545000e+00
     vertex  3.867591e+00  4.382409e+00  1.545000e+00
   endloop
 endfacet
 facet normal  0.000000e+00  0.000000e+00  1.000000e+00
   outer loop
     vertex  4.292421e+00  4.057672e+00  1.545000e+00
     vertex  4.132409e+00  4.117591e+00  1.545000e+00
     vertex  4.236457e+00  3.991953e+00  1.545000e+00
   endloop
 endfacet
 facet normal  0.000000e+00  0.000000e+00  1.000000e+00
   outer loop
     vertex  4.292421e+00  4.057672e+00  1.545000e+00
     vertex  4.162167e+00  4.156373e+00  1.545000e+00
     vertex  4.132409e+00  4.117591e+00  1.545000e+00
   endloop
 endfacet
 facet normal  0.000000e+00  0.000000e+00  1.000000e+00
   outer loop
     vertex  3.951535e+00  4.430873e+00  1.545000e+00
     vertex  3.750000e+00  4.490741e+00  1.545000e+00
     vertex  3.906373e+00  4.412167e+00  1.545000e+00
   endloop
 endfacet
 facet normal  0.000000e+00  0.000000e+00  1.000000e+00
   outer loop
     vertex  4.000000e+00  4.437254e+00  1.545000e+00
     vertex  3.750000e+00  4.490741e+00  1.545000e+00
     vertex  3.951535e+00  4.430873e+00  1.545000e+00
   endloop
 endfacet
 facet normal  0.000000e+00  0.000000e+00  1.000000e+00
   outer loop
     vertex  4.330599e+00  4.135089e+00  1.545000e+00
     vertex  4.162167e+00  4.156373e+00  1.545000e+00
     vertex  4.292421e+00  4.057672e+00  1.545000e+00
   endloop
 endfacet
 facet normal  0.000000e+00  0.000000e+00  1.000000e+00
   outer loop
     vertex  4.330599e+00  4.135089e+00  1.545000e+00
     vertex  4.180873e+00  4.201535e+00  1.545000e+00
     vertex  4.162167e+00  4.156373e+00  1.545000e+00
   endloop
 endfacet
 facet normal  0.000000e+00  0.000000e+00  1.000000e+00
   outer loop
     vertex  4.348669e+00  4.219496e+00  1.545000e+00
     vertex  4.180873e+00  4.201535e+00  1.545000e+00
     vertex  4.330599e+00  4.135089e+00  1.545000e+00
   endloop
 endfacet
 facet normal  0.000000e+00  0.000000e+00  1.000000e+00
   outer loop
     vertex  4.348669e+00  4.219496e+00  1.545000e+00
     vertex  4.187254e+00  4.250000e+00  1.545000e+00
     vertex  4.180873e+00  4.201535e+00  1.545000e+00
   endloop
 endfacet
 facet normal  0.000000e+00  0.000000e+00  1.000000e+00
   outer loop
     vertex  4.345531e+00  4.305758e+00  1.545000e+00
     vertex  4.187254e+00  4.250000e+00  1.545000e+00
     vertex  4.348669e+00  4.219496e+00  1.545000e+00
   endloop
 endfacet
 facet normal  0.000000e+00  0.000000e+00  1.000000e+00
   outer loop
     vertex  4.345531e+00  4.305758e+00  1.545000e+00
     vertex  4.180873e+00  4.298465e+00  1.545000e+00
     vertex  4.187254e+00  4.250000e+00  1.545000e+00
   endloop
 endfacet
 facet normal  0.000000e+00  0.000000e+00  1.000000e+00
   outer loop
     vertex  4.321376e+00  4.388628e+00  1.545000e+00
     vertex  4.162167e+00  4.343627e+00  1.545000e+00
     vertex  4.180873e+00  4.298465e+00  1.545000e+00
   endloop
 endfacet
 facet normal  0.000000e+00  0.000000e+00  1.000000e+00
   outer loop
     vertex  4.321376e+00  4.388628e+00  1.545000e+00
     vertex  4.180873e+00  4.298465e+00  1.545000e+00
     vertex  4.345531e+00  4.305758e+00  1.545000e+00
   endloop
 endfacet
 facet normal  0.000000e+00  0.000000e+00  1.000000e+00
   outer loop
     vertex  4.250000e+00  4.490741e+00  1.545000e+00
     vertex  3.750000e+00  4.490741e+00  1.545000e+00
     vertex  4.000000e+00  4.437254e+00  1.545000e+00
   endloop
 endfacet
 facet normal  0.000000e+00  0.000000e+00  1.000000e+00
   outer loop
     vertex  4.250000e+00  4.490741e+00  1.545000e+00
     vertex  4.093627e+00  4.412167e+00  1.545000e+00
     vertex  4.132409e+00  4.382409e+00  1.545000e+00
   endloop
 endfacet
 facet normal  0.000000e+00  0.000000e+00  1.000000e+00
   outer loop
     vertex  4.250000e+00  4.490741e+00  1.545000e+00
     vertex  4.048465e+00  4.430873e+00  1.545000e+00
     vertex  4.093627e+00  4.412167e+00  1.545000e+00
   endloop
 endfacet
 facet normal  0.000000e+00  0.000000e+00  1.000000e+00
   outer loop
     vertex  4.250000e+00  4.490741e+00  1.545000e+00
     vertex  4.000000e+00  4.437254e+00  1.545000e+00
     vertex  4.048465e+00  4.430873e+00  1.545000e+00
   endloop
 endfacet
 facet normal  0.000000e+00  0.000000e+00  1.000000e+00
   outer loop
     vertex  4.277674e+00  4.463067e+00  1.545000e+00
     vertex  4.250000e+00  4.490741e+00  1.545000e+00
     vertex  4.132409e+00  4.382409e+00  1.545000e+00
   endloop
 endfacet
 facet normal  0.000000e+00  0.000000e+00  1.000000e+00
   outer loop
     vertex  4.277674e+00  4.463067e+00  1.545000e+00
     vertex  4.132409e+00  4.382409e+00  1.545000e+00
     vertex  4.162167e+00  4.343627e+00  1.545000e+00
   endloop
 endfacet
 facet normal  0.000000e+00  0.000000e+00  1.000000e+00
   outer loop
     vertex  4.277674e+00  4.463067e+00  1.545000e+00
     vertex  4.162167e+00  4.343627e+00  1.545000e+00
     vertex  4.321376e+00  4.388628e+00  1.545000e+00
   endloop
 endfacet
 facet normal  0.000000e+00  0.000000e+00  1.000000e+00
   outer loop
     vertex  3.750000e+00  8.971448e+00  1.545000e+00
     vertex  3.750000e+00  4.490741e+00  1.545000e+00
     vertex  4.250000e+00  4.490741e+00  1.545000e+00
   endloop
 endfacet
 facet normal  0.000000e+00  0.000000e+00  1.000000e+00
   outer loop
     vertex  2.908495e+00  1.007500e+01  1.545000e+00
     vertex  2.908495e+00  9.825000e+00  1.545000e+00
     vertex  2.948224e+00  9.773223e+00  1.545000e+00
   endloop
 endfacet
 facet normal  0.000000e+00  0.000000e+00  1.000000e+00
   outer loop
     vertex  2.908495e+00  1.007500e+01  1.545000e+00
     vertex  2.883520e+00  9.885295e+00  1.545000e+00
     vertex  2.908495e+00  9.825000e+00  1.545000e+00
   endloop
 endfacet
 facet normal  0.000000e+00  0.000000e+00  1.000000e+00
   outer loop
     vertex  2.908495e+00  1.007500e+01  1.545000e+00
     vertex  2.875002e+00  9.950000e+00  1.545000e+00
     vertex  2.883520e+00  9.885295e+00  1.545000e+00
   endloop
 endfacet
 facet normal  0.000000e+00  0.000000e+00  1.000000e+00
   outer loop
     vertex  2.908495e+00  1.007500e+01  1.545000e+00
     vertex  2.883520e+00  1.001470e+01  1.545000e+00
     vertex  2.875002e+00  9.950000e+00  1.545000e+00
   endloop
 endfacet
 facet normal  0.000000e+00  0.000000e+00  1.000000e+00
   outer loop
     vertex  3.000002e+00  1.016651e+01  1.545000e+00
     vertex  2.948225e+00  1.012678e+01  1.545000e+00
     vertex  2.908495e+00  1.007500e+01  1.545000e+00
   endloop
 endfacet
 facet normal  0.000000e+00  0.000000e+00  1.000000e+00
   outer loop
     vertex  3.000002e+00  1.016651e+01  1.545000e+00
     vertex  2.908495e+00  1.007500e+01  1.545000e+00
     vertex  2.948224e+00  9.773223e+00  1.545000e+00
   endloop
 endfacet
 facet normal  0.000000e+00  0.000000e+00  1.000000e+00
   outer loop
     vertex  3.060297e+00  1.019148e+01  1.545000e+00
     vertex  3.000002e+00  1.016651e+01  1.545000e+00
     vertex  2.948224e+00  9.773223e+00  1.545000e+00
   endloop
 endfacet
 facet normal  0.000000e+00  0.000000e+00  1.000000e+00
   outer loop
     vertex  4.250000e+00  9.075001e+00  1.545000e+00
     vertex  3.750000e+00  8.971448e+00  1.545000e+00
     vertex  4.250000e+00  4.490741e+00  1.545000e+00
   endloop
 endfacet
 facet normal  0.000000e+00  0.000000e+00  1.000000e+00
   outer loop
     vertex  3.189706e+00  1.019148e+01  1.545000e+00
     vertex  3.125001e+00  1.020000e+01  1.545000e+00
     vertex  3.060297e+00  1.019148e+01  1.545000e+00
   endloop
 endfacet
 facet normal  0.000000e+00  0.000000e+00  1.000000e+00
   outer loop
     vertex  4.230970e+00  9.170672e+00  1.545000e+00
     vertex  4.250000e+00  9.075001e+00  1.545000e+00
     vertex  4.245196e+00  9.123774e+00  1.545000e+00
   endloop
 endfacet
 facet normal  0.000000e+00  0.000000e+00  1.000000e+00
   outer loop
     vertex  4.207867e+00  9.213894e+00  1.545000e+00
     vertex  4.250000e+00  9.075001e+00  1.545000e+00
     vertex  4.230970e+00  9.170672e+00  1.545000e+00
   endloop
 endfacet
 facet normal  0.000000e+00  0.000000e+00  1.000000e+00
   outer loop
     vertex  4.176776e+00  9.251778e+00  1.545000e+00
     vertex  3.750000e+00  8.971448e+00  1.545000e+00
     vertex  4.250000e+00  9.075001e+00  1.545000e+00
   endloop
 endfacet
 facet normal  0.000000e+00  0.000000e+00  1.000000e+00
   outer loop
     vertex  4.176776e+00  9.251778e+00  1.545000e+00
     vertex  4.250000e+00  9.075001e+00  1.545000e+00
     vertex  4.207867e+00  9.213894e+00  1.545000e+00
   endloop
 endfacet
 facet normal  0.000000e+00  0.000000e+00  1.000000e+00
   outer loop
     vertex  3.301778e+00  1.012678e+01  1.545000e+00
     vertex  3.250001e+00  1.016651e+01  1.545000e+00
     vertex  3.189706e+00  1.019148e+01  1.545000e+00
   endloop
 endfacet
 facet normal  0.000000e+00  0.000000e+00  1.000000e+00
   outer loop
     vertex  3.301778e+00  1.012678e+01  1.545000e+00
     vertex  2.948224e+00  9.773223e+00  1.545000e+00
     vertex  3.750000e+00  8.971448e+00  1.545000e+00
   endloop
 endfacet
 facet normal  0.000000e+00  0.000000e+00  1.000000e+00
   outer loop
     vertex  3.301778e+00  1.012678e+01  1.545000e+00
     vertex  3.060297e+00  1.019148e+01  1.545000e+00
     vertex  2.948224e+00  9.773223e+00  1.545000e+00
   endloop
 endfacet
 facet normal  0.000000e+00  0.000000e+00  1.000000e+00
   outer loop
     vertex  3.301778e+00  1.012678e+01  1.545000e+00
     vertex  3.189706e+00  1.019148e+01  1.545000e+00
     vertex  3.060297e+00  1.019148e+01  1.545000e+00
   endloop
 endfacet
 facet normal  0.000000e+00  0.000000e+00  1.000000e+00
   outer loop
     vertex  3.301778e+00  1.012678e+01  1.545000e+00
     vertex  3.750000e+00  8.971448e+00  1.545000e+00
     vertex  4.176776e+00  9.251778e+00  1.545000e+00
   endloop
 endfacet
 facet normal  7.071069e-01  7.071067e-01  0.000000e+00
   outer loop
     vertex  7.176777e+00  1.426776e+00  0.000000e+00
     vertex  4.347006e+00  4.256548e+00 -3.500000e-02
     vertex  4.347006e+00  4.256548e+00  0.000000e+00
   endloop
 endfacet
 facet normal  7.071069e-01  7.071067e-01  0.000000e+00
   outer loop
     vertex  7.176777e+00  1.426776e+00  0.000000e+00
     vertex  7.176777e+00  1.426776e+00 -3.500000e-02
     vertex  4.347006e+00  4.256548e+00 -3.500000e-02
   endloop
 endfacet
 facet normal  7.730061e-01  6.343986e-01  0.000000e+00
   outer loop
     vertex  7.207868e+00  1.388892e+00  0.000000e+00
     vertex  7.176777e+00  1.426776e+00 -3.500000e-02
     vertex  7.176777e+00  1.426776e+00  0.000000e+00
   endloop
 endfacet
 facet normal  7.730061e-01  6.343986e-01  0.000000e+00
   outer loop
     vertex  7.207868e+00  1.388892e+00  0.000000e+00
     vertex  7.207868e+00  1.388892e+00 -3.500000e-02
     vertex  7.176777e+00  1.426776e+00 -3.500000e-02
   endloop
 endfacet
 facet normal  8.819202e-01  4.713987e-01  0.000000e+00
   outer loop
     vertex  7.230970e+00  1.345671e+00  0.000000e+00
     vertex  7.230970e+00  1.345671e+00 -3.500000e-02
     vertex  7.207868e+00  1.388892e+00 -3.500000e-02
   endloop
 endfacet
 facet normal  8.819202e-01  4.713987e-01  0.000000e+00
   outer loop
     vertex  7.230970e+00  1.345671e+00  0.000000e+00
     vertex  7.207868e+00  1.388892e+00 -3.500000e-02
     vertex  7.207868e+00  1.388892e+00  0.000000e+00
   endloop
 endfacet
 facet normal  9.569410e-01  2.902824e-01  0.000000e+00
   outer loop
     vertex  7.245197e+00  1.298772e+00  0.000000e+00
     vertex  7.245197e+00  1.298772e+00 -3.500000e-02
     vertex  7.230970e+00  1.345671e+00 -3.500000e-02
   endloop
 endfacet
 facet normal  9.569410e-01  2.902824e-01  0.000000e+00
   outer loop
     vertex  7.245197e+00  1.298772e+00  0.000000e+00
     vertex  7.230970e+00  1.345671e+00 -3.500000e-02
     vertex  7.230970e+00  1.345671e+00  0.000000e+00
   endloop
 endfacet
 facet normal  9.951854e-01  9.801019e-02  0.000000e+00
   outer loop
     vertex  7.250000e+00  1.250000e+00  0.000000e+00
     vertex  7.250000e+00  1.250000e+00 -3.500000e-02
     vertex  7.245197e+00  1.298772e+00 -3.500000e-02
   endloop
 endfacet
 facet normal  9.951854e-01  9.801019e-02  0.000000e+00
   outer loop
     vertex  7.250000e+00  1.250000e+00  0.000000e+00
     vertex  7.245197e+00  1.298772e+00 -3.500000e-02
     vertex  7.245197e+00  1.298772e+00  0.000000e+00
   endloop
 endfacet
 facet normal  1.000000e+00 -0.000000e+00  0.000000e+00
   outer loop
     vertex  7.250000e+00 -1.700000e+01  0.000000e+00
     vertex  7.250000e+00  1.250000e+00 -3.500000e-02
     vertex  7.250000e+00  1.250000e+00  0.000000e+00
   endloop
 endfacet
 facet normal  1.000000e+00  0.000000e+00  0.000000e+00
   outer loop
     vertex  7.250000e+00 -1.700000e+01  0.000000e+00
     vertex  7.250000e+00 -1.700000e+01 -3.500000e-02
     vertex  7.250000e+00  1.250000e+00 -3.500000e-02
   endloop
 endfacet
 facet normal  9.914442e-01 -1.305309e-01  0.000000e+00
   outer loop
     vertex  7.241481e+00 -1.706470e+01  0.000000e+00
     vertex  7.250000e+00 -1.700000e+01 -3.500000e-02
     vertex  7.250000e+00 -1.700000e+01  0.000000e+00
   endloop
 endfacet
 facet normal  9.914442e-01 -1.305309e-01  0.000000e+00
   outer loop
     vertex  7.241481e+00 -1.706470e+01  0.000000e+00
     vertex  7.241481e+00 -1.706470e+01 -3.500000e-02
     vertex  7.250000e+00 -1.700000e+01 -3.500000e-02
   endloop
 endfacet
 facet normal  9.238785e-01 -3.826860e-01  0.000000e+00
   outer loop
     vertex  7.216506e+00 -1.712500e+01  0.000000e+00
     vertex  7.216506e+00 -1.712500e+01 -3.500000e-02
     vertex  7.241481e+00 -1.706470e+01 -3.500000e-02
   endloop
 endfacet
 facet normal  9.238785e-01 -3.826860e-01  0.000000e+00
   outer loop
     vertex  7.216506e+00 -1.712500e+01  0.000000e+00
     vertex  7.241481e+00 -1.706470e+01 -3.500000e-02
     vertex  7.241481e+00 -1.706470e+01  0.000000e+00
   endloop
 endfacet
 facet normal  7.933529e-01 -6.087620e-01  0.000000e+00
   outer loop
     vertex  7.176776e+00 -1.717678e+01  0.000000e+00
     vertex  7.176776e+00 -1.717678e+01 -3.500000e-02
     vertex  7.216506e+00 -1.712500e+01 -3.500000e-02
   endloop
 endfacet
 facet normal  7.933529e-01 -6.087620e-01  0.000000e+00
   outer loop
     vertex  7.176776e+00 -1.717678e+01  0.000000e+00
     vertex  7.216506e+00 -1.712500e+01 -3.500000e-02
     vertex  7.216506e+00 -1.712500e+01  0.000000e+00
   endloop
 endfacet
 facet normal  7.071070e-01 -7.071065e-01  0.000000e+00
   outer loop
     vertex  5.676777e+00 -1.867678e+01  0.000000e+00
     vertex  7.176776e+00 -1.717678e+01 -3.500000e-02
     vertex  7.176776e+00 -1.717678e+01  0.000000e+00
   endloop
 endfacet
 facet normal  7.071070e-01 -7.071065e-01  0.000000e+00
   outer loop
     vertex  5.676777e+00 -1.867678e+01  0.000000e+00
     vertex  5.676777e+00 -1.867678e+01 -3.500000e-02
     vertex  7.176776e+00 -1.717678e+01 -3.500000e-02
   endloop
 endfacet
 facet normal  6.087539e-01 -7.933591e-01  0.000000e+00
   outer loop
     vertex  5.625000e+00 -1.871651e+01  0.000000e+00
     vertex  5.676777e+00 -1.867678e+01 -3.500000e-02
     vertex  5.676777e+00 -1.867678e+01  0.000000e+00
   endloop
 endfacet
 facet normal  6.087539e-01 -7.933591e-01  0.000000e+00
   outer loop
     vertex  5.625000e+00 -1.871651e+01  0.000000e+00
     vertex  5.625000e+00 -1.871651e+01 -3.500000e-02
     vertex  5.676777e+00 -1.867678e+01 -3.500000e-02
   endloop
 endfacet
 facet normal  3.826815e-01 -9.238803e-01  0.000000e+00
   outer loop
     vertex  5.564705e+00 -1.874148e+01  0.000000e+00
     vertex  5.564705e+00 -1.874148e+01 -3.500000e-02
     vertex  5.625000e+00 -1.871651e+01 -3.500000e-02
   endloop
 endfacet
 facet normal  3.826815e-01 -9.238803e-01  0.000000e+00
   outer loop
     vertex  5.564705e+00 -1.874148e+01  0.000000e+00
     vertex  5.625000e+00 -1.871651e+01 -3.500000e-02
     vertex  5.625000e+00 -1.871651e+01  0.000000e+00
   endloop
 endfacet
 facet normal  1.305315e-01 -9.914442e-01  0.000000e+00
   outer loop
     vertex  5.500000e+00 -1.875000e+01  0.000000e+00
     vertex  5.500000e+00 -1.875000e+01 -3.500000e-02
     vertex  5.564705e+00 -1.874148e+01 -3.500000e-02
   endloop
 endfacet
 facet normal  1.305315e-01 -9.914442e-01  0.000000e+00
   outer loop
     vertex  5.500000e+00 -1.875000e+01  0.000000e+00
     vertex  5.564705e+00 -1.874148e+01 -3.500000e-02
     vertex  5.564705e+00 -1.874148e+01  0.000000e+00
   endloop
 endfacet
 facet normal  0.000000e+00 -1.000000e+00  0.000000e+00
   outer loop
     vertex  4.813639e+00 -1.875000e+01  0.000000e+00
     vertex  5.500000e+00 -1.875000e+01 -3.500000e-02
     vertex  5.500000e+00 -1.875000e+01  0.000000e+00
   endloop
 endfacet
 facet normal  0.000000e+00 -1.000000e+00  0.000000e+00
   outer loop
     vertex  4.813639e+00 -1.875000e+01  0.000000e+00
     vertex  4.813639e+00 -1.875000e+01 -3.500000e-02
     vertex  5.500000e+00 -1.875000e+01 -3.500000e-02
   endloop
 endfacet
 facet normal -8.660250e-01  5.000007e-01  0.000000e+00
   outer loop
     vertex  4.850291e+00 -1.868652e+01  0.000000e+00
     vertex  4.813639e+00 -1.875000e+01 -3.500000e-02
     vertex  4.813639e+00 -1.875000e+01  0.000000e+00
   endloop
 endfacet
 facet normal -8.660250e-01  5.000007e-01  0.000000e+00
   outer loop
     vertex  4.850291e+00 -1.868652e+01  0.000000e+00
     vertex  4.850291e+00 -1.868652e+01 -3.500000e-02
     vertex  4.813639e+00 -1.875000e+01 -3.500000e-02
   endloop
 endfacet
 facet normal -9.569402e-01  2.902852e-01  0.000000e+00
   outer loop
     vertex  4.878027e+00 -1.859509e+01  0.000000e+00
     vertex  4.850291e+00 -1.868652e+01 -3.500000e-02
     vertex  4.850291e+00 -1.868652e+01  0.000000e+00
   endloop
 endfacet
 facet normal -9.569402e-01  2.902852e-01  0.000000e+00
   outer loop
     vertex  4.878027e+00 -1.859509e+01  0.000000e+00
     vertex  4.878027e+00 -1.859509e+01 -3.500000e-02
     vertex  4.850291e+00 -1.868652e+01 -3.500000e-02
   endloop
 endfacet
 facet normal -9.951847e-01  9.801732e-02  0.000000e+00
   outer loop
     vertex  4.887392e+00 -1.850000e+01  0.000000e+00
     vertex  4.887392e+00 -1.850000e+01 -3.500000e-02
     vertex  4.878027e+00 -1.859509e+01 -3.500000e-02
   endloop
 endfacet
 facet normal -9.951847e-01  9.801732e-02  0.000000e+00
   outer loop
     vertex  4.887392e+00 -1.850000e+01  0.000000e+00
     vertex  4.878027e+00 -1.859509e+01 -3.500000e-02
     vertex  4.878027e+00 -1.859509e+01  0.000000e+00
   endloop
 endfacet
 facet normal -9.951847e-01 -9.801732e-02 -0.000000e+00
   outer loop
     vertex  4.878027e+00 -1.840491e+01  0.000000e+00
     vertex  4.878027e+00 -1.840491e+01 -3.500000e-02
     vertex  4.887392e+00 -1.850000e+01 -3.500000e-02
   endloop
 endfacet
 facet normal -9.951847e-01 -9.801732e-02  0.000000e+00
   outer loop
     vertex  4.878027e+00 -1.840491e+01  0.000000e+00
     vertex  4.887392e+00 -1.850000e+01 -3.500000e-02
     vertex  4.887392e+00 -1.850000e+01  0.000000e+00
   endloop
 endfacet
 facet normal -9.569402e-01 -2.902852e-01 -0.000000e+00
   outer loop
     vertex  4.850291e+00 -1.831348e+01  0.000000e+00
     vertex  4.850291e+00 -1.831348e+01 -3.500000e-02
     vertex  4.878027e+00 -1.840491e+01 -3.500000e-02
   endloop
 endfacet
 facet normal -9.569402e-01 -2.902852e-01  0.000000e+00
   outer loop
     vertex  4.850291e+00 -1.831348e+01  0.000000e+00
     vertex  4.878027e+00 -1.840491e+01 -3.500000e-02
     vertex  4.878027e+00 -1.840491e+01  0.000000e+00
   endloop
 endfacet
 facet normal -8.660275e-01 -4.999964e-01  0.000000e+00
   outer loop
     vertex  4.813640e+00 -1.825000e+01  0.000000e+00
     vertex  4.850291e+00 -1.831348e+01 -3.500000e-02
     vertex  4.850291e+00 -1.831348e+01  0.000000e+00
   endloop
 endfacet
 facet normal -8.660275e-01 -4.999964e-01 -0.000000e+00
   outer loop
     vertex  4.813640e+00 -1.825000e+01  0.000000e+00
     vertex  4.813640e+00 -1.825000e+01 -3.500000e-02
     vertex  4.850291e+00 -1.831348e+01 -3.500000e-02
   endloop
 endfacet
 facet normal  0.000000e+00  1.000000e+00  0.000000e+00
   outer loop
     vertex  5.396446e+00 -1.825000e+01  0.000000e+00
     vertex  4.813640e+00 -1.825000e+01 -3.500000e-02
     vertex  4.813640e+00 -1.825000e+01  0.000000e+00
   endloop
 endfacet
 facet normal  0.000000e+00  1.000000e+00  0.000000e+00
   outer loop
     vertex  5.396446e+00 -1.825000e+01  0.000000e+00
     vertex  5.396446e+00 -1.825000e+01 -3.500000e-02
     vertex  4.813640e+00 -1.825000e+01 -3.500000e-02
   endloop
 endfacet
 facet normal -7.071068e-01  7.071068e-01  0.000000e+00
   outer loop
     vertex  6.750000e+00 -1.689645e+01  0.000000e+00
     vertex  5.396446e+00 -1.825000e+01 -3.500000e-02
     vertex  5.396446e+00 -1.825000e+01  0.000000e+00
   endloop
 endfacet
 facet normal -7.071068e-01  7.071068e-01  0.000000e+00
   outer loop
     vertex  6.750000e+00 -1.689645e+01  0.000000e+00
     vertex  6.750000e+00 -1.689645e+01 -3.500000e-02
     vertex  5.396446e+00 -1.825000e+01 -3.500000e-02
   endloop
 endfacet
 facet normal -1.000000e+00  0.000000e+00  0.000000e+00
   outer loop
     vertex  6.750000e+00  1.146447e+00 -3.500000e-02
     vertex  6.750000e+00 -1.689645e+01 -3.500000e-02
     vertex  6.750000e+00 -1.689645e+01  0.000000e+00
   endloop
 endfacet
 facet normal -1.000000e+00 -0.000000e+00 -0.000000e+00
   outer loop
     vertex  6.750000e+00  1.146447e+00  0.000000e+00
     vertex  6.750000e+00  1.146447e+00 -3.500000e-02
     vertex  6.750000e+00 -1.689645e+01  0.000000e+00
   endloop
 endfacet
 facet normal -7.071067e-01 -7.071069e-01  0.000000e+00
   outer loop
     vertex  3.993452e+00  3.902994e+00  0.000000e+00
     vertex  6.750000e+00  1.146447e+00 -3.500000e-02
     vertex  6.750000e+00  1.146447e+00  0.000000e+00
   endloop
 endfacet
 facet normal -7.071067e-01 -7.071069e-01 -0.000000e+00
   outer loop
     vertex  3.993452e+00  3.902994e+00  0.000000e+00
     vertex  3.993452e+00  3.902994e+00 -3.500000e-02
     vertex  6.750000e+00  1.146447e+00 -3.500000e-02
   endloop
 endfacet
 facet normal  0.000000e+00 -1.000000e+00  0.000000e+00
   outer loop
     vertex  3.954316e+00  3.902994e+00  0.000000e+00
     vertex  3.993452e+00  3.902994e+00 -3.500000e-02
     vertex  3.993452e+00  3.902994e+00  0.000000e+00
   endloop
 endfacet
 facet normal  0.000000e+00 -1.000000e+00  0.000000e+00
   outer loop
     vertex  3.954316e+00  3.902994e+00  0.000000e+00
     vertex  3.954316e+00  3.902994e+00 -3.500000e-02
     vertex  3.993452e+00  3.902994e+00 -3.500000e-02
   endloop
 endfacet
 facet normal -2.517873e-01 -9.677826e-01  0.000000e+00
   outer loop
     vertex  3.870778e+00  3.924728e+00  0.000000e+00
     vertex  3.954316e+00  3.902994e+00 -3.500000e-02
     vertex  3.954316e+00  3.902994e+00  0.000000e+00
   endloop
 endfacet
 facet normal -2.517873e-01 -9.677826e-01 -0.000000e+00
   outer loop
     vertex  3.870778e+00  3.924728e+00  0.000000e+00
     vertex  3.870778e+00  3.924728e+00 -3.500000e-02
     vertex  3.954316e+00  3.902994e+00 -3.500000e-02
   endloop
 endfacet
 facet normal -4.809883e-01 -8.767270e-01 -0.000000e+00
   outer loop
     vertex  3.795100e+00  3.966247e+00  0.000000e+00
     vertex  3.795100e+00  3.966247e+00 -3.500000e-02
     vertex  3.870778e+00  3.924728e+00 -3.500000e-02
   endloop
 endfacet
 facet normal -4.809883e-01 -8.767270e-01  0.000000e+00
   outer loop
     vertex  3.795100e+00  3.966247e+00  0.000000e+00
     vertex  3.870778e+00  3.924728e+00 -3.500000e-02
     vertex  3.870778e+00  3.924728e+00  0.000000e+00
   endloop
 endfacet
 facet normal -6.809336e-01 -7.323451e-01 -0.000000e+00
   outer loop
     vertex  3.731884e+00  4.025024e+00  0.000000e+00
     vertex  3.731884e+00  4.025024e+00 -3.500000e-02
     vertex  3.795100e+00  3.966247e+00 -3.500000e-02
   endloop
 endfacet
 facet normal -6.809336e-01 -7.323451e-01  0.000000e+00
   outer loop
     vertex  3.731884e+00  4.025024e+00  0.000000e+00
     vertex  3.795100e+00  3.966247e+00 -3.500000e-02
     vertex  3.795100e+00  3.966247e+00  0.000000e+00
   endloop
 endfacet
 facet normal -8.394616e-01 -5.434190e-01 -0.000000e+00
   outer loop
     vertex  3.684977e+00  4.097486e+00  0.000000e+00
     vertex  3.684977e+00  4.097486e+00 -3.500000e-02
     vertex  3.731884e+00  4.025024e+00 -3.500000e-02
   endloop
 endfacet
 facet normal -8.394616e-01 -5.434190e-01  0.000000e+00
   outer loop
     vertex  3.684977e+00  4.097486e+00  0.000000e+00
     vertex  3.731884e+00  4.025024e+00 -3.500000e-02
     vertex  3.731884e+00  4.025024e+00  0.000000e+00
   endloop
 endfacet
 facet normal -9.469300e-01 -3.214397e-01 -0.000000e+00
   outer loop
     vertex  3.657231e+00  4.179224e+00  0.000000e+00
     vertex  3.657231e+00  4.179224e+00 -3.500000e-02
     vertex  3.684977e+00  4.097486e+00 -3.500000e-02
   endloop
 endfacet
 facet normal -9.469300e-01 -3.214397e-01  0.000000e+00
   outer loop
     vertex  3.657231e+00  4.179224e+00  0.000000e+00
     vertex  3.684977e+00  4.097486e+00 -3.500000e-02
     vertex  3.684977e+00  4.097486e+00  0.000000e+00
   endloop
 endfacet
 facet normal -9.968021e-01 -7.990920e-02 -0.000000e+00
   outer loop
     vertex  3.650333e+00  4.265267e+00  0.000000e+00
     vertex  3.650333e+00  4.265267e+00 -3.500000e-02
     vertex  3.657231e+00  4.179224e+00 -3.500000e-02
   endloop
 endfacet
 facet normal -9.968021e-01 -7.990920e-02  0.000000e+00
   outer loop
     vertex  3.650333e+00  4.265267e+00  0.000000e+00
     vertex  3.657231e+00  4.179224e+00 -3.500000e-02
     vertex  3.657231e+00  4.179224e+00  0.000000e+00
   endloop
 endfacet
 facet normal -9.860445e-01  1.664818e-01  0.000000e+00
   outer loop
     vertex  3.664703e+00  4.350381e+00  0.000000e+00
     vertex  3.664703e+00  4.350381e+00 -3.500000e-02
     vertex  3.650333e+00  4.265267e+00 -3.500000e-02
   endloop
 endfacet
 facet normal -9.860445e-01  1.664818e-01  0.000000e+00
   outer loop
     vertex  3.664703e+00  4.350381e+00  0.000000e+00
     vertex  3.650333e+00  4.265267e+00 -3.500000e-02
     vertex  3.650333e+00  4.265267e+00  0.000000e+00
   endloop
 endfacet
 facet normal -9.153115e-01  4.027466e-01  0.000000e+00
   outer loop
     vertex  3.699468e+00  4.429390e+00  0.000000e+00
     vertex  3.699468e+00  4.429390e+00 -3.500000e-02
     vertex  3.664703e+00  4.350381e+00 -3.500000e-02
   endloop
 endfacet
 facet normal -9.153115e-01  4.027466e-01  0.000000e+00
   outer loop
     vertex  3.699468e+00  4.429390e+00  0.000000e+00
     vertex  3.664703e+00  4.350381e+00 -3.500000e-02
     vertex  3.664703e+00  4.350381e+00  0.000000e+00
   endloop
 endfacet
 facet normal -7.889054e-01  6.145147e-01  0.000000e+00
   outer loop
     vertex  3.752512e+00  4.497488e+00  0.000000e+00
     vertex  3.752512e+00  4.497488e+00 -3.500000e-02
     vertex  3.699468e+00  4.429390e+00 -3.500000e-02
   endloop
 endfacet
 facet normal -7.889054e-01  6.145147e-01  0.000000e+00
   outer loop
     vertex  3.752512e+00  4.497488e+00  0.000000e+00
     vertex  3.699468e+00  4.429390e+00 -3.500000e-02
     vertex  3.699468e+00  4.429390e+00  0.000000e+00
   endloop
 endfacet
 facet normal -6.145147e-01  7.889054e-01  0.000000e+00
   outer loop
     vertex  3.820610e+00  4.550532e+00  0.000000e+00
     vertex  3.820610e+00  4.550532e+00 -3.500000e-02
     vertex  3.752512e+00  4.497488e+00 -3.500000e-02
   endloop
 endfacet
 facet normal -6.145147e-01  7.889054e-01  0.000000e+00
   outer loop
     vertex  3.820610e+00  4.550532e+00  0.000000e+00
     vertex  3.752512e+00  4.497488e+00 -3.500000e-02
     vertex  3.752512e+00  4.497488e+00  0.000000e+00
   endloop
 endfacet
 facet normal -4.027466e-01  9.153115e-01  0.000000e+00
   outer loop
     vertex  3.899619e+00  4.585297e+00  0.000000e+00
     vertex  3.899619e+00  4.585297e+00 -3.500000e-02
     vertex  3.820610e+00  4.550532e+00 -3.500000e-02
   endloop
 endfacet
 facet normal -4.027466e-01  9.153115e-01  0.000000e+00
   outer loop
     vertex  3.899619e+00  4.585297e+00  0.000000e+00
     vertex  3.820610e+00  4.550532e+00 -3.500000e-02
     vertex  3.820610e+00  4.550532e+00  0.000000e+00
   endloop
 endfacet
 facet normal -1.664818e-01  9.860445e-01  0.000000e+00
   outer loop
     vertex  3.984733e+00  4.599667e+00  0.000000e+00
     vertex  3.984733e+00  4.599667e+00 -3.500000e-02
     vertex  3.899619e+00  4.585297e+00 -3.500000e-02
   endloop
 endfacet
 facet normal -1.664818e-01  9.860445e-01  0.000000e+00
   outer loop
     vertex  3.984733e+00  4.599667e+00  0.000000e+00
     vertex  3.899619e+00  4.585297e+00 -3.500000e-02
     vertex  3.899619e+00  4.585297e+00  0.000000e+00
   endloop
 endfacet
 facet normal  7.990920e-02  9.968021e-01  0.000000e+00
   outer loop
     vertex  4.070776e+00  4.592769e+00  0.000000e+00
     vertex  4.070776e+00  4.592769e+00 -3.500000e-02
     vertex  3.984733e+00  4.599667e+00 -3.500000e-02
   endloop
 endfacet
 facet normal  7.990920e-02  9.968021e-01  0.000000e+00
   outer loop
     vertex  4.070776e+00  4.592769e+00  0.000000e+00
     vertex  3.984733e+00  4.599667e+00 -3.500000e-02
     vertex  3.984733e+00  4.599667e+00  0.000000e+00
   endloop
 endfacet
 facet normal  3.214397e-01  9.469300e-01  0.000000e+00
   outer loop
     vertex  4.152514e+00  4.565023e+00  0.000000e+00
     vertex  4.152514e+00  4.565023e+00 -3.500000e-02
     vertex  4.070776e+00  4.592769e+00 -3.500000e-02
   endloop
 endfacet
 facet normal  3.214397e-01  9.469300e-01  0.000000e+00
   outer loop
     vertex  4.152514e+00  4.565023e+00  0.000000e+00
     vertex  4.070776e+00  4.592769e+00 -3.500000e-02
     vertex  4.070776e+00  4.592769e+00  0.000000e+00
   endloop
 endfacet
 facet normal  5.434190e-01  8.394616e-01  0.000000e+00
   outer loop
     vertex  4.224976e+00  4.518116e+00  0.000000e+00
     vertex  4.152514e+00  4.565023e+00 -3.500000e-02
     vertex  4.152514e+00  4.565023e+00  0.000000e+00
   endloop
 endfacet
 facet normal  5.434190e-01  8.394616e-01  0.000000e+00
   outer loop
     vertex  4.224976e+00  4.518116e+00  0.000000e+00
     vertex  4.224976e+00  4.518116e+00 -3.500000e-02
     vertex  4.152514e+00  4.565023e+00 -3.500000e-02
   endloop
 endfacet
 facet normal  7.323451e-01  6.809336e-01  0.000000e+00
   outer loop
     vertex  4.283753e+00  4.454900e+00  0.000000e+00
     vertex  4.224976e+00  4.518116e+00 -3.500000e-02
     vertex  4.224976e+00  4.518116e+00  0.000000e+00
   endloop
 endfacet
 facet normal  7.323451e-01  6.809336e-01  0.000000e+00
   outer loop
     vertex  4.283753e+00  4.454900e+00  0.000000e+00
     vertex  4.283753e+00  4.454900e+00 -3.500000e-02
     vertex  4.224976e+00  4.518116e+00 -3.500000e-02
   endloop
 endfacet
 facet normal  8.767270e-01  4.809883e-01  0.000000e+00
   outer loop
     vertex  4.325272e+00  4.379222e+00  0.000000e+00
     vertex  4.283753e+00  4.454900e+00 -3.500000e-02
     vertex  4.283753e+00  4.454900e+00  0.000000e+00
   endloop
 endfacet
 facet normal  8.767270e-01  4.809883e-01  0.000000e+00
   outer loop
     vertex  4.325272e+00  4.379222e+00  0.000000e+00
     vertex  4.325272e+00  4.379222e+00 -3.500000e-02
     vertex  4.283753e+00  4.454900e+00 -3.500000e-02
   endloop
 endfacet
 facet normal  9.677826e-01  2.517873e-01  0.000000e+00
   outer loop
     vertex  4.347006e+00  4.295684e+00  0.000000e+00
     vertex  4.325272e+00  4.379222e+00 -3.500000e-02
     vertex  4.325272e+00  4.379222e+00  0.000000e+00
   endloop
 endfacet
 facet normal  9.677826e-01  2.517873e-01  0.000000e+00
   outer loop
     vertex  4.347006e+00  4.295684e+00  0.000000e+00
     vertex  4.347006e+00  4.295684e+00 -3.500000e-02
     vertex  4.325272e+00  4.379222e+00 -3.500000e-02
   endloop
 endfacet
 facet normal  1.000000e+00 -0.000000e+00  0.000000e+00
   outer loop
     vertex  4.347006e+00  4.256548e+00  0.000000e+00
     vertex  4.347006e+00  4.295684e+00 -3.500000e-02
     vertex  4.347006e+00  4.295684e+00  0.000000e+00
   endloop
 endfacet
 facet normal  1.000000e+00  0.000000e+00  0.000000e+00
   outer loop
     vertex  4.347006e+00  4.256548e+00  0.000000e+00
     vertex  4.347006e+00  4.256548e+00 -3.500000e-02
     vertex  4.347006e+00  4.295684e+00 -3.500000e-02
   endloop
 endfacet
 facet normal -9.914449e-01 -1.305262e-01  0.000000e+00
   outer loop
     vertex  4.180873e+00  4.298465e+00  0.000000e+00
     vertex  4.187254e+00  4.250000e+00 -3.500000e-02
     vertex  4.187254e+00  4.250000e+00  0.000000e+00
   endloop
 endfacet
 facet normal -9.914449e-01 -1.305262e-01 -0.000000e+00
   outer loop
     vertex  4.180873e+00  4.298465e+00  0.000000e+00
     vertex  4.180873e+00  4.298465e+00 -3.500000e-02
     vertex  4.187254e+00  4.250000e+00 -3.500000e-02
   endloop
 endfacet
 facet normal -9.238795e-01 -3.826834e-01 -0.000000e+00
   outer loop
     vertex  4.162167e+00  4.343627e+00  0.000000e+00
     vertex  4.162167e+00  4.343627e+00 -3.500000e-02
     vertex  4.180873e+00  4.298465e+00 -3.500000e-02
   endloop
 endfacet
 facet normal -9.238795e-01 -3.826834e-01  0.000000e+00
   outer loop
     vertex  4.162167e+00  4.343627e+00  0.000000e+00
     vertex  4.180873e+00  4.298465e+00 -3.500000e-02
     vertex  4.180873e+00  4.298465e+00  0.000000e+00
   endloop
 endfacet
 facet normal -7.933533e-01 -6.087614e-01 -0.000000e+00
   outer loop
     vertex  4.132409e+00  4.382409e+00  0.000000e+00
     vertex  4.132409e+00  4.382409e+00 -3.500000e-02
     vertex  4.162167e+00  4.343627e+00 -3.500000e-02
   endloop
 endfacet
 facet normal -7.933533e-01 -6.087614e-01  0.000000e+00
   outer loop
     vertex  4.132409e+00  4.382409e+00  0.000000e+00
     vertex  4.162167e+00  4.343627e+00 -3.500000e-02
     vertex  4.162167e+00  4.343627e+00  0.000000e+00
   endloop
 endfacet
 facet normal -6.087614e-01 -7.933533e-01 -0.000000e+00
   outer loop
     vertex  4.093627e+00  4.412167e+00  0.000000e+00
     vertex  4.093627e+00  4.412167e+00 -3.500000e-02
     vertex  4.132409e+00  4.382409e+00 -3.500000e-02
   endloop
 endfacet
 facet normal -6.087614e-01 -7.933533e-01  0.000000e+00
   outer loop
     vertex  4.093627e+00  4.412167e+00  0.000000e+00
     vertex  4.132409e+00  4.382409e+00 -3.500000e-02
     vertex  4.132409e+00  4.382409e+00  0.000000e+00
   endloop
 endfacet
 facet normal -3.826834e-01 -9.238795e-01 -0.000000e+00
   outer loop
     vertex  4.048465e+00  4.430873e+00  0.000000e+00
     vertex  4.048465e+00  4.430873e+00 -3.500000e-02
     vertex  4.093627e+00  4.412167e+00 -3.500000e-02
   endloop
 endfacet
 facet normal -3.826834e-01 -9.238795e-01  0.000000e+00
   outer loop
     vertex  4.048465e+00  4.430873e+00  0.000000e+00
     vertex  4.093627e+00  4.412167e+00 -3.500000e-02
     vertex  4.093627e+00  4.412167e+00  0.000000e+00
   endloop
 endfacet
 facet normal -1.305262e-01 -9.914449e-01 -0.000000e+00
   outer loop
     vertex  4.000000e+00  4.437254e+00  0.000000e+00
     vertex  4.000000e+00  4.437254e+00 -3.500000e-02
     vertex  4.048465e+00  4.430873e+00 -3.500000e-02
   endloop
 endfacet
 facet normal -1.305262e-01 -9.914449e-01  0.000000e+00
   outer loop
     vertex  4.000000e+00  4.437254e+00  0.000000e+00
     vertex  4.048465e+00  4.430873e+00 -3.500000e-02
     vertex  4.048465e+00  4.430873e+00  0.000000e+00
   endloop
 endfacet
 facet normal  1.305262e-01 -9.914449e-01  0.000000e+00
   outer loop
     vertex  3.951535e+00  4.430873e+00  0.000000e+00
     vertex  3.951535e+00  4.430873e+00 -3.500000e-02
     vertex  4.000000e+00  4.437254e+00 -3.500000e-02
   endloop
 endfacet
 facet normal  1.305262e-01 -9.914449e-01  0.000000e+00
   outer loop
     vertex  3.951535e+00  4.430873e+00  0.000000e+00
     vertex  4.000000e+00  4.437254e+00 -3.500000e-02
     vertex  4.000000e+00  4.437254e+00  0.000000e+00
   endloop
 endfacet
 facet normal  3.826834e-01 -9.238795e-01  0.000000e+00
   outer loop
     vertex  3.906373e+00  4.412167e+00  0.000000e+00
     vertex  3.906373e+00  4.412167e+00 -3.500000e-02
     vertex  3.951535e+00  4.430873e+00 -3.500000e-02
   endloop
 endfacet
 facet normal  3.826834e-01 -9.238795e-01  0.000000e+00
   outer loop
     vertex  3.906373e+00  4.412167e+00  0.000000e+00
     vertex  3.951535e+00  4.430873e+00 -3.500000e-02
     vertex  3.951535e+00  4.430873e+00  0.000000e+00
   endloop
 endfacet
 facet normal  6.087614e-01 -7.933533e-01  0.000000e+00
   outer loop
     vertex  3.867591e+00  4.382409e+00  0.000000e+00
     vertex  3.867591e+00  4.382409e+00 -3.500000e-02
     vertex  3.906373e+00  4.412167e+00 -3.500000e-02
   endloop
 endfacet
 facet normal  6.087614e-01 -7.933533e-01  0.000000e+00
   outer loop
     vertex  3.867591e+00  4.382409e+00  0.000000e+00
     vertex  3.906373e+00  4.412167e+00 -3.500000e-02
     vertex  3.906373e+00  4.412167e+00  0.000000e+00
   endloop
 endfacet
 facet normal  7.933533e-01 -6.087614e-01  0.000000e+00
   outer loop
     vertex  3.837833e+00  4.343627e+00  0.000000e+00
     vertex  3.837833e+00  4.343627e+00 -3.500000e-02
     vertex  3.867591e+00  4.382409e+00 -3.500000e-02
   endloop
 endfacet
 facet normal  7.933533e-01 -6.087614e-01  0.000000e+00
   outer loop
     vertex  3.837833e+00  4.343627e+00  0.000000e+00
     vertex  3.867591e+00  4.382409e+00 -3.500000e-02
     vertex  3.867591e+00  4.382409e+00  0.000000e+00
   endloop
 endfacet
 facet normal  9.238795e-01 -3.826834e-01  0.000000e+00
   outer loop
     vertex  3.819127e+00  4.298465e+00  0.000000e+00
     vertex  3.819127e+00  4.298465e+00 -3.500000e-02
     vertex  3.837833e+00  4.343627e+00 -3.500000e-02
   endloop
 endfacet
 facet normal  9.238795e-01 -3.826834e-01  0.000000e+00
   outer loop
     vertex  3.819127e+00  4.298465e+00  0.000000e+00
     vertex  3.837833e+00  4.343627e+00 -3.500000e-02
     vertex  3.837833e+00  4.343627e+00  0.000000e+00
   endloop
 endfacet
 facet normal  9.914449e-01 -1.305262e-01  0.000000e+00
   outer loop
     vertex  3.812746e+00  4.250000e+00  0.000000e+00
     vertex  3.819127e+00  4.298465e+00 -3.500000e-02
     vertex  3.819127e+00  4.298465e+00  0.000000e+00
   endloop
 endfacet
 facet normal  9.914449e-01 -1.305262e-01  0.000000e+00
   outer loop
     vertex  3.812746e+00  4.250000e+00  0.000000e+00
     vertex  3.812746e+00  4.250000e+00 -3.500000e-02
     vertex  3.819127e+00  4.298465e+00 -3.500000e-02
   endloop
 endfacet
 facet normal  9.914449e-01  1.305262e-01  0.000000e+00
   outer loop
     vertex  3.819127e+00  4.201535e+00  0.000000e+00
     vertex  3.812746e+00  4.250000e+00 -3.500000e-02
     vertex  3.812746e+00  4.250000e+00  0.000000e+00
   endloop
 endfacet
 facet normal  9.914449e-01  1.305262e-01  0.000000e+00
   outer loop
     vertex  3.819127e+00  4.201535e+00  0.000000e+00
     vertex  3.819127e+00  4.201535e+00 -3.500000e-02
     vertex  3.812746e+00  4.250000e+00 -3.500000e-02
   endloop
 endfacet
 facet normal  9.238795e-01  3.826834e-01  0.000000e+00
   outer loop
     vertex  3.837833e+00  4.156373e+00  0.000000e+00
     vertex  3.819127e+00  4.201535e+00 -3.500000e-02
     vertex  3.819127e+00  4.201535e+00  0.000000e+00
   endloop
 endfacet
 facet normal  9.238795e-01  3.826834e-01  0.000000e+00
   outer loop
     vertex  3.837833e+00  4.156373e+00  0.000000e+00
     vertex  3.837833e+00  4.156373e+00 -3.500000e-02
     vertex  3.819127e+00  4.201535e+00 -3.500000e-02
   endloop
 endfacet
 facet normal  7.933533e-01  6.087614e-01  0.000000e+00
   outer loop
     vertex  3.867591e+00  4.117591e+00  0.000000e+00
     vertex  3.837833e+00  4.156373e+00 -3.500000e-02
     vertex  3.837833e+00  4.156373e+00  0.000000e+00
   endloop
 endfacet
 facet normal  7.933533e-01  6.087614e-01  0.000000e+00
   outer loop
     vertex  3.867591e+00  4.117591e+00  0.000000e+00
     vertex  3.867591e+00  4.117591e+00 -3.500000e-02
     vertex  3.837833e+00  4.156373e+00 -3.500000e-02
   endloop
 endfacet
 facet normal  6.087614e-01  7.933533e-01  0.000000e+00
   outer loop
     vertex  3.906373e+00  4.087833e+00  0.000000e+00
     vertex  3.906373e+00  4.087833e+00 -3.500000e-02
     vertex  3.867591e+00  4.117591e+00 -3.500000e-02
   endloop
 endfacet
 facet normal  6.087614e-01  7.933533e-01  0.000000e+00
   outer loop
     vertex  3.906373e+00  4.087833e+00  0.000000e+00
     vertex  3.867591e+00  4.117591e+00 -3.500000e-02
     vertex  3.867591e+00  4.117591e+00  0.000000e+00
   endloop
 endfacet
 facet normal  3.826834e-01  9.238795e-01  0.000000e+00
   outer loop
     vertex  3.951535e+00  4.069127e+00  0.000000e+00
     vertex  3.951535e+00  4.069127e+00 -3.500000e-02
     vertex  3.906373e+00  4.087833e+00 -3.500000e-02
   endloop
 endfacet
 facet normal  3.826834e-01  9.238795e-01  0.000000e+00
   outer loop
     vertex  3.951535e+00  4.069127e+00  0.000000e+00
     vertex  3.906373e+00  4.087833e+00 -3.500000e-02
     vertex  3.906373e+00  4.087833e+00  0.000000e+00
   endloop
 endfacet
 facet normal  1.305262e-01  9.914449e-01  0.000000e+00
   outer loop
     vertex  4.000000e+00  4.062746e+00  0.000000e+00
     vertex  4.000000e+00  4.062746e+00 -3.500000e-02
     vertex  3.951535e+00  4.069127e+00 -3.500000e-02
   endloop
 endfacet
 facet normal  1.305262e-01  9.914449e-01  0.000000e+00
   outer loop
     vertex  4.000000e+00  4.062746e+00  0.000000e+00
     vertex  3.951535e+00  4.069127e+00 -3.500000e-02
     vertex  3.951535e+00  4.069127e+00  0.000000e+00
   endloop
 endfacet
 facet normal -1.305262e-01  9.914449e-01  0.000000e+00
   outer loop
     vertex  4.048465e+00  4.069127e+00  0.000000e+00
     vertex  4.048465e+00  4.069127e+00 -3.500000e-02
     vertex  4.000000e+00  4.062746e+00 -3.500000e-02
   endloop
 endfacet
 facet normal -1.305262e-01  9.914449e-01  0.000000e+00
   outer loop
     vertex  4.048465e+00  4.069127e+00  0.000000e+00
     vertex  4.000000e+00  4.062746e+00 -3.500000e-02
     vertex  4.000000e+00  4.062746e+00  0.000000e+00
   endloop
 endfacet
 facet normal -3.826834e-01  9.238795e-01  0.000000e+00
   outer loop
     vertex  4.093627e+00  4.087833e+00  0.000000e+00
     vertex  4.093627e+00  4.087833e+00 -3.500000e-02
     vertex  4.048465e+00  4.069127e+00 -3.500000e-02
   endloop
 endfacet
 facet normal -3.826834e-01  9.238795e-01  0.000000e+00
   outer loop
     vertex  4.093627e+00  4.087833e+00  0.000000e+00
     vertex  4.048465e+00  4.069127e+00 -3.500000e-02
     vertex  4.048465e+00  4.069127e+00  0.000000e+00
   endloop
 endfacet
 facet normal -6.087614e-01  7.933533e-01  0.000000e+00
   outer loop
     vertex  4.132409e+00  4.117591e+00  0.000000e+00
     vertex  4.132409e+00  4.117591e+00 -3.500000e-02
     vertex  4.093627e+00  4.087833e+00 -3.500000e-02
   endloop
 endfacet
 facet normal -6.087614e-01  7.933533e-01  0.000000e+00
   outer loop
     vertex  4.132409e+00  4.117591e+00  0.000000e+00
     vertex  4.093627e+00  4.087833e+00 -3.500000e-02
     vertex  4.093627e+00  4.087833e+00  0.000000e+00
   endloop
 endfacet
 facet normal -7.933533e-01  6.087614e-01  0.000000e+00
   outer loop
     vertex  4.162167e+00  4.156373e+00  0.000000e+00
     vertex  4.162167e+00  4.156373e+00 -3.500000e-02
     vertex  4.132409e+00  4.117591e+00 -3.500000e-02
   endloop
 endfacet
 facet normal -7.933533e-01  6.087614e-01  0.000000e+00
   outer loop
     vertex  4.162167e+00  4.156373e+00  0.000000e+00
     vertex  4.132409e+00  4.117591e+00 -3.500000e-02
     vertex  4.132409e+00  4.117591e+00  0.000000e+00
   endloop
 endfacet
 facet normal -9.238795e-01  3.826834e-01  0.000000e+00
   outer loop
     vertex  4.180873e+00  4.201535e+00  0.000000e+00
     vertex  4.180873e+00  4.201535e+00 -3.500000e-02
     vertex  4.162167e+00  4.156373e+00 -3.500000e-02
   endloop
 endfacet
 facet normal -9.238795e-01  3.826834e-01  0.000000e+00
   outer loop
     vertex  4.180873e+00  4.201535e+00  0.000000e+00
     vertex  4.162167e+00  4.156373e+00 -3.500000e-02
     vertex  4.162167e+00  4.156373e+00  0.000000e+00
   endloop
 endfacet
 facet normal -9.914449e-01  1.305262e-01  0.000000e+00
   outer loop
     vertex  4.187254e+00  4.250000e+00  0.000000e+00
     vertex  4.187254e+00  4.250000e+00 -3.500000e-02
     vertex  4.180873e+00  4.201535e+00 -3.500000e-02
   endloop
 endfacet
 facet normal -9.914449e-01  1.305262e-01  0.000000e+00
   outer loop
     vertex  4.187254e+00  4.250000e+00  0.000000e+00
     vertex  4.180873e+00  4.201535e+00 -3.500000e-02
     vertex  4.180873e+00  4.201535e+00  0.000000e+00
   endloop
 endfacet
 facet normal  0.000000e+00  0.000000e+00  1.000000e+00
   outer loop
     vertex  7.241481e+00 -1.706470e+01  0.000000e+00
     vertex  7.176776e+00 -1.717678e+01  0.000000e+00
     vertex  7.216506e+00 -1.712500e+01  0.000000e+00
   endloop
 endfacet
 facet normal  0.000000e+00  0.000000e+00  1.000000e+00
   outer loop
     vertex  7.250000e+00 -1.700000e+01  0.000000e+00
     vertex  7.176776e+00 -1.717678e+01  0.000000e+00
     vertex  7.241481e+00 -1.706470e+01  0.000000e+00
   endloop
 endfacet
 facet normal  0.000000e+00  0.000000e+00  1.000000e+00
   outer loop
     vertex  5.500000e+00 -1.875000e+01  0.000000e+00
     vertex  5.625000e+00 -1.871651e+01  0.000000e+00
     vertex  5.676777e+00 -1.867678e+01  0.000000e+00
   endloop
 endfacet
 facet normal  0.000000e+00  0.000000e+00  1.000000e+00
   outer loop
     vertex  5.500000e+00 -1.875000e+01  0.000000e+00
     vertex  5.564705e+00 -1.874148e+01  0.000000e+00
     vertex  5.625000e+00 -1.871651e+01  0.000000e+00
   endloop
 endfacet
 facet normal  0.000000e+00  0.000000e+00  1.000000e+00
   outer loop
     vertex  6.750000e+00 -1.689645e+01  0.000000e+00
     vertex  7.176776e+00 -1.717678e+01  0.000000e+00
     vertex  7.250000e+00 -1.700000e+01  0.000000e+00
   endloop
 endfacet
 facet normal -0.000000e+00  0.000000e+00  1.000000e+00
   outer loop
     vertex  5.396446e+00 -1.825000e+01  0.000000e+00
     vertex  5.676777e+00 -1.867678e+01  0.000000e+00
     vertex  7.176776e+00 -1.717678e+01  0.000000e+00
   endloop
 endfacet
 facet normal  0.000000e+00  0.000000e+00  1.000000e+00
   outer loop
     vertex  5.396446e+00 -1.825000e+01  0.000000e+00
     vertex  7.176776e+00 -1.717678e+01  0.000000e+00
     vertex  6.750000e+00 -1.689645e+01  0.000000e+00
   endloop
 endfacet
 facet normal  0.000000e+00  0.000000e+00  1.000000e+00
   outer loop
     vertex  5.396446e+00 -1.825000e+01  0.000000e+00
     vertex  5.500000e+00 -1.875000e+01  0.000000e+00
     vertex  5.676777e+00 -1.867678e+01  0.000000e+00
   endloop
 endfacet
 facet normal  0.000000e+00  0.000000e+00  1.000000e+00
   outer loop
     vertex  4.850291e+00 -1.868652e+01  0.000000e+00
     vertex  4.813639e+00 -1.875000e+01  0.000000e+00
     vertex  5.500000e+00 -1.875000e+01  0.000000e+00
   endloop
 endfacet
 facet normal  0.000000e+00  0.000000e+00  1.000000e+00
   outer loop
     vertex  4.878027e+00 -1.859509e+01  0.000000e+00
     vertex  4.850291e+00 -1.868652e+01  0.000000e+00
     vertex  5.500000e+00 -1.875000e+01  0.000000e+00
   endloop
 endfacet
 facet normal -0.000000e+00  0.000000e+00  1.000000e+00
   outer loop
     vertex  4.887392e+00 -1.850000e+01  0.000000e+00
     vertex  5.500000e+00 -1.875000e+01  0.000000e+00
     vertex  5.396446e+00 -1.825000e+01  0.000000e+00
   endloop
 endfacet
 facet normal  0.000000e+00  0.000000e+00  1.000000e+00
   outer loop
     vertex  4.887392e+00 -1.850000e+01  0.000000e+00
     vertex  4.878027e+00 -1.859509e+01  0.000000e+00
     vertex  5.500000e+00 -1.875000e+01  0.000000e+00
   endloop
 endfacet
 facet normal -0.000000e+00  0.000000e+00  1.000000e+00
   outer loop
     vertex  4.878027e+00 -1.840491e+01  0.000000e+00
     vertex  4.887392e+00 -1.850000e+01  0.000000e+00
     vertex  5.396446e+00 -1.825000e+01  0.000000e+00
   endloop
 endfacet
 facet normal -0.000000e+00  0.000000e+00  1.000000e+00
   outer loop
     vertex  4.850291e+00 -1.831348e+01  0.000000e+00
     vertex  4.878027e+00 -1.840491e+01  0.000000e+00
     vertex  5.396446e+00 -1.825000e+01  0.000000e+00
   endloop
 endfacet
 facet normal -0.000000e+00  0.000000e+00  1.000000e+00
   outer loop
     vertex  4.813640e+00 -1.825000e+01  0.000000e+00
     vertex  4.850291e+00 -1.831348e+01  0.000000e+00
     vertex  5.396446e+00 -1.825000e+01  0.000000e+00
   endloop
 endfacet
 facet normal  0.000000e+00  0.000000e+00  1.000000e+00
   outer loop
     vertex  7.250000e+00  1.250000e+00  0.000000e+00
     vertex  6.750000e+00 -1.689645e+01  0.000000e+00
     vertex  7.250000e+00 -1.700000e+01  0.000000e+00
   endloop
 endfacet
 facet normal  0.000000e+00  0.000000e+00  1.000000e+00
   outer loop
     vertex  7.207868e+00  1.388892e+00  0.000000e+00
     vertex  7.245197e+00  1.298772e+00  0.000000e+00
     vertex  7.230970e+00  1.345671e+00  0.000000e+00
   endloop
 endfacet
 facet normal  0.000000e+00  0.000000e+00  1.000000e+00
   outer loop
     vertex  7.207868e+00  1.388892e+00  0.000000e+00
     vertex  7.250000e+00  1.250000e+00  0.000000e+00
     vertex  7.245197e+00  1.298772e+00  0.000000e+00
   endloop
 endfacet
 facet normal  0.000000e+00  0.000000e+00  1.000000e+00
   outer loop
     vertex  7.176777e+00  1.426776e+00  0.000000e+00
     vertex  7.250000e+00  1.250000e+00  0.000000e+00
     vertex  7.207868e+00  1.388892e+00  0.000000e+00
   endloop
 endfacet
 facet normal  0.000000e+00  0.000000e+00  1.000000e+00
   outer loop
     vertex  6.750000e+00  1.146447e+00  0.000000e+00
     vertex  7.250000e+00  1.250000e+00  0.000000e+00
     vertex  7.176777e+00  1.426776e+00  0.000000e+00
   endloop
 endfacet
 facet normal -0.000000e+00  0.000000e+00  1.000000e+00
   outer loop
     vertex  6.750000e+00  1.146447e+00  0.000000e+00
     vertex  6.750000e+00 -1.689645e+01  0.000000e+00
     vertex  7.250000e+00  1.250000e+00  0.000000e+00
   endloop
 endfacet
 facet normal  0.000000e+00  0.000000e+00  1.000000e+00
   outer loop
     vertex  4.347006e+00  4.256548e+00  0.000000e+00
     vertex  6.750000e+00  1.146447e+00  0.000000e+00
     vertex  7.176777e+00  1.426776e+00  0.000000e+00
   endloop
 endfacet
 facet normal -0.000000e+00  0.000000e+00  1.000000e+00
   outer loop
     vertex  3.993452e+00  3.902994e+00  0.000000e+00
     vertex  6.750000e+00  1.146447e+00  0.000000e+00
     vertex  4.347006e+00  4.256548e+00  0.000000e+00
   endloop
 endfacet
 facet normal -0.000000e+00  0.000000e+00  1.000000e+00
   outer loop
     vertex  4.132409e+00  4.117591e+00  0.000000e+00
     vertex  3.993452e+00  3.902994e+00  0.000000e+00
     vertex  4.347006e+00  4.256548e+00  0.000000e+00
   endloop
 endfacet
 facet normal -0.000000e+00  0.000000e+00  1.000000e+00
   outer loop
     vertex  4.162167e+00  4.156373e+00  0.000000e+00
     vertex  4.132409e+00  4.117591e+00  0.000000e+00
     vertex  4.347006e+00  4.256548e+00  0.000000e+00
   endloop
 endfacet
 facet normal -0.000000e+00  0.000000e+00  1.000000e+00
   outer loop
     vertex  4.093627e+00  4.087833e+00  0.000000e+00
     vertex  3.993452e+00  3.902994e+00  0.000000e+00
     vertex  4.132409e+00  4.117591e+00  0.000000e+00
   endloop
 endfacet
 facet normal -0.000000e+00  0.000000e+00  1.000000e+00
   outer loop
     vertex  4.048465e+00  4.069127e+00  0.000000e+00
     vertex  3.993452e+00  3.902994e+00  0.000000e+00
     vertex  4.093627e+00  4.087833e+00  0.000000e+00
   endloop
 endfacet
 facet normal -0.000000e+00  0.000000e+00  1.000000e+00
   outer loop
     vertex  4.180873e+00  4.201535e+00  0.000000e+00
     vertex  4.162167e+00  4.156373e+00  0.000000e+00
     vertex  4.347006e+00  4.256548e+00  0.000000e+00
   endloop
 endfacet
 facet normal  0.000000e+00  0.000000e+00  1.000000e+00
   outer loop
     vertex  4.000000e+00  4.062746e+00  0.000000e+00
     vertex  3.954316e+00  3.902994e+00  0.000000e+00
     vertex  3.993452e+00  3.902994e+00  0.000000e+00
   endloop
 endfacet
 facet normal -0.000000e+00  0.000000e+00  1.000000e+00
   outer loop
     vertex  4.000000e+00  4.062746e+00  0.000000e+00
     vertex  3.993452e+00  3.902994e+00  0.000000e+00
     vertex  4.048465e+00  4.069127e+00  0.000000e+00
   endloop
 endfacet
 facet normal -0.000000e+00  0.000000e+00  1.000000e+00
   outer loop
     vertex  4.187254e+00  4.250000e+00  0.000000e+00
     vertex  4.180873e+00  4.201535e+00  0.000000e+00
     vertex  4.347006e+00  4.256548e+00  0.000000e+00
   endloop
 endfacet
 facet normal  0.000000e+00  0.000000e+00  1.000000e+00
   outer loop
     vertex  4.187254e+00  4.250000e+00  0.000000e+00
     vertex  4.347006e+00  4.256548e+00  0.000000e+00
     vertex  4.347006e+00  4.295684e+00  0.000000e+00
   endloop
 endfacet
 facet normal  0.000000e+00  0.000000e+00  1.000000e+00
   outer loop
     vertex  4.180873e+00  4.298465e+00  0.000000e+00
     vertex  4.187254e+00  4.250000e+00  0.000000e+00
     vertex  4.347006e+00  4.295684e+00  0.000000e+00
   endloop
 endfacet
 facet normal -0.000000e+00  0.000000e+00  1.000000e+00
   outer loop
     vertex  4.180873e+00  4.298465e+00  0.000000e+00
     vertex  4.347006e+00  4.295684e+00  0.000000e+00
     vertex  4.325272e+00  4.379222e+00  0.000000e+00
   endloop
 endfacet
 facet normal  0.000000e+00  0.000000e+00  1.000000e+00
   outer loop
     vertex  3.951535e+00  4.069127e+00  0.000000e+00
     vertex  3.870778e+00  3.924728e+00  0.000000e+00
     vertex  3.954316e+00  3.902994e+00  0.000000e+00
   endloop
 endfacet
 facet normal  0.000000e+00  0.000000e+00  1.000000e+00
   outer loop
     vertex  3.951535e+00  4.069127e+00  0.000000e+00
     vertex  3.954316e+00  3.902994e+00  0.000000e+00
     vertex  4.000000e+00  4.062746e+00  0.000000e+00
   endloop
 endfacet
 facet normal  0.000000e+00  0.000000e+00  1.000000e+00
   outer loop
     vertex  4.162167e+00  4.343627e+00  0.000000e+00
     vertex  4.325272e+00  4.379222e+00  0.000000e+00
     vertex  4.283753e+00  4.454900e+00  0.000000e+00
   endloop
 endfacet
 facet normal -0.000000e+00  0.000000e+00  1.000000e+00
   outer loop
     vertex  4.162167e+00  4.343627e+00  0.000000e+00
     vertex  4.180873e+00  4.298465e+00  0.000000e+00
     vertex  4.325272e+00  4.379222e+00  0.000000e+00
   endloop
 endfacet
 facet normal  0.000000e+00  0.000000e+00  1.000000e+00
   outer loop
     vertex  3.906373e+00  4.087833e+00  0.000000e+00
     vertex  3.795100e+00  3.966247e+00  0.000000e+00
     vertex  3.870778e+00  3.924728e+00  0.000000e+00
   endloop
 endfacet
 facet normal  0.000000e+00  0.000000e+00  1.000000e+00
   outer loop
     vertex  3.906373e+00  4.087833e+00  0.000000e+00
     vertex  3.870778e+00  3.924728e+00  0.000000e+00
     vertex  3.951535e+00  4.069127e+00  0.000000e+00
   endloop
 endfacet
 facet normal -0.000000e+00  0.000000e+00  1.000000e+00
   outer loop
     vertex  4.132409e+00  4.382409e+00  0.000000e+00
     vertex  4.162167e+00  4.343627e+00  0.000000e+00
     vertex  4.283753e+00  4.454900e+00  0.000000e+00
   endloop
 endfacet
 facet normal  0.000000e+00  0.000000e+00  1.000000e+00
   outer loop
     vertex  3.867591e+00  4.117591e+00  0.000000e+00
     vertex  3.795100e+00  3.966247e+00  0.000000e+00
     vertex  3.906373e+00  4.087833e+00  0.000000e+00
   endloop
 endfacet
 facet normal  0.000000e+00  0.000000e+00  1.000000e+00
   outer loop
     vertex  4.224976e+00  4.518116e+00  0.000000e+00
     vertex  4.132409e+00  4.382409e+00  0.000000e+00
     vertex  4.283753e+00  4.454900e+00  0.000000e+00
   endloop
 endfacet
 facet normal -0.000000e+00  0.000000e+00  1.000000e+00
   outer loop
     vertex  3.731884e+00  4.025024e+00  0.000000e+00
     vertex  3.795100e+00  3.966247e+00  0.000000e+00
     vertex  3.867591e+00  4.117591e+00  0.000000e+00
   endloop
 endfacet
 facet normal -0.000000e+00  0.000000e+00  1.000000e+00
   outer loop
     vertex  4.093627e+00  4.412167e+00  0.000000e+00
     vertex  4.132409e+00  4.382409e+00  0.000000e+00
     vertex  4.224976e+00  4.518116e+00  0.000000e+00
   endloop
 endfacet
 facet normal  0.000000e+00  0.000000e+00  1.000000e+00
   outer loop
     vertex  3.837833e+00  4.156373e+00  0.000000e+00
     vertex  3.731884e+00  4.025024e+00  0.000000e+00
     vertex  3.867591e+00  4.117591e+00  0.000000e+00
   endloop
 endfacet
 facet normal  0.000000e+00  0.000000e+00  1.000000e+00
   outer loop
     vertex  4.152514e+00  4.565023e+00  0.000000e+00
     vertex  4.048465e+00  4.430873e+00  0.000000e+00
     vertex  4.093627e+00  4.412167e+00  0.000000e+00
   endloop
 endfacet
 facet normal  0.000000e+00  0.000000e+00  1.000000e+00
   outer loop
     vertex  4.152514e+00  4.565023e+00  0.000000e+00
     vertex  4.093627e+00  4.412167e+00  0.000000e+00
     vertex  4.224976e+00  4.518116e+00  0.000000e+00
   endloop
 endfacet
 facet normal  0.000000e+00  0.000000e+00  1.000000e+00
   outer loop
     vertex  3.684977e+00  4.097486e+00  0.000000e+00
     vertex  3.837833e+00  4.156373e+00  0.000000e+00
     vertex  3.819127e+00  4.201535e+00  0.000000e+00
   endloop
 endfacet
 facet normal -0.000000e+00  0.000000e+00  1.000000e+00
   outer loop
     vertex  3.684977e+00  4.097486e+00  0.000000e+00
     vertex  3.731884e+00  4.025024e+00  0.000000e+00
     vertex  3.837833e+00  4.156373e+00  0.000000e+00
   endloop
 endfacet
 facet normal  0.000000e+00  0.000000e+00  1.000000e+00
   outer loop
     vertex  4.070776e+00  4.592769e+00  0.000000e+00
     vertex  4.000000e+00  4.437254e+00  0.000000e+00
     vertex  4.048465e+00  4.430873e+00  0.000000e+00
   endloop
 endfacet
 facet normal  0.000000e+00  0.000000e+00  1.000000e+00
   outer loop
     vertex  4.070776e+00  4.592769e+00  0.000000e+00
     vertex  4.048465e+00  4.430873e+00  0.000000e+00
     vertex  4.152514e+00  4.565023e+00  0.000000e+00
   endloop
 endfacet
 facet normal -0.000000e+00  0.000000e+00  1.000000e+00
   outer loop
     vertex  3.657231e+00  4.179224e+00  0.000000e+00
     vertex  3.684977e+00  4.097486e+00  0.000000e+00
     vertex  3.819127e+00  4.201535e+00  0.000000e+00
   endloop
 endfacet
 facet normal  0.000000e+00  0.000000e+00  1.000000e+00
   outer loop
     vertex  3.657231e+00  4.179224e+00  0.000000e+00
     vertex  3.819127e+00  4.201535e+00  0.000000e+00
     vertex  3.812746e+00  4.250000e+00  0.000000e+00
   endloop
 endfacet
 facet normal -0.000000e+00  0.000000e+00  1.000000e+00
   outer loop
     vertex  3.650333e+00  4.265267e+00  0.000000e+00
     vertex  3.812746e+00  4.250000e+00  0.000000e+00
     vertex  3.819127e+00  4.298465e+00  0.000000e+00
   endloop
 endfacet
 facet normal  0.000000e+00  0.000000e+00  1.000000e+00
   outer loop
     vertex  3.650333e+00  4.265267e+00  0.000000e+00
     vertex  3.657231e+00  4.179224e+00  0.000000e+00
     vertex  3.812746e+00  4.250000e+00  0.000000e+00
   endloop
 endfacet
 facet normal  0.000000e+00  0.000000e+00  1.000000e+00
   outer loop
     vertex  3.984733e+00  4.599667e+00  0.000000e+00
     vertex  3.951535e+00  4.430873e+00  0.000000e+00
     vertex  4.000000e+00  4.437254e+00  0.000000e+00
   endloop
 endfacet
 facet normal  0.000000e+00  0.000000e+00  1.000000e+00
   outer loop
     vertex  3.984733e+00  4.599667e+00  0.000000e+00
     vertex  4.000000e+00  4.437254e+00  0.000000e+00
     vertex  4.070776e+00  4.592769e+00  0.000000e+00
   endloop
 endfacet
 facet normal  0.000000e+00  0.000000e+00  1.000000e+00
   outer loop
     vertex  3.899619e+00  4.585297e+00  0.000000e+00
     vertex  3.906373e+00  4.412167e+00  0.000000e+00
     vertex  3.951535e+00  4.430873e+00  0.000000e+00
   endloop
 endfacet
 facet normal -0.000000e+00  0.000000e+00  1.000000e+00
   outer loop
     vertex  3.899619e+00  4.585297e+00  0.000000e+00
     vertex  3.951535e+00  4.430873e+00  0.000000e+00
     vertex  3.984733e+00  4.599667e+00  0.000000e+00
   endloop
 endfacet
 facet normal  0.000000e+00  0.000000e+00  1.000000e+00
   outer loop
     vertex  3.664703e+00  4.350381e+00  0.000000e+00
     vertex  3.819127e+00  4.298465e+00  0.000000e+00
     vertex  3.837833e+00  4.343627e+00  0.000000e+00
   endloop
 endfacet
 facet normal  0.000000e+00  0.000000e+00  1.000000e+00
   outer loop
     vertex  3.664703e+00  4.350381e+00  0.000000e+00
     vertex  3.650333e+00  4.265267e+00  0.000000e+00
     vertex  3.819127e+00  4.298465e+00  0.000000e+00
   endloop
 endfacet
 facet normal  0.000000e+00  0.000000e+00  1.000000e+00
   outer loop
     vertex  3.699468e+00  4.429390e+00  0.000000e+00
     vertex  3.837833e+00  4.343627e+00  0.000000e+00
     vertex  3.867591e+00  4.382409e+00  0.000000e+00
   endloop
 endfacet
 facet normal  0.000000e+00  0.000000e+00  1.000000e+00
   outer loop
     vertex  3.699468e+00  4.429390e+00  0.000000e+00
     vertex  3.664703e+00  4.350381e+00  0.000000e+00
     vertex  3.837833e+00  4.343627e+00  0.000000e+00
   endloop
 endfacet
 facet normal  0.000000e+00  0.000000e+00  1.000000e+00
   outer loop
     vertex  3.820610e+00  4.550532e+00  0.000000e+00
     vertex  3.867591e+00  4.382409e+00  0.000000e+00
     vertex  3.906373e+00  4.412167e+00  0.000000e+00
   endloop
 endfacet
 facet normal -0.000000e+00  0.000000e+00  1.000000e+00
   outer loop
     vertex  3.820610e+00  4.550532e+00  0.000000e+00
     vertex  3.906373e+00  4.412167e+00  0.000000e+00
     vertex  3.899619e+00  4.585297e+00  0.000000e+00
   endloop
 endfacet
 facet normal  0.000000e+00  0.000000e+00  1.000000e+00
   outer loop
     vertex  3.752512e+00  4.497488e+00  0.000000e+00
     vertex  3.699468e+00  4.429390e+00  0.000000e+00
     vertex  3.867591e+00  4.382409e+00  0.000000e+00
   endloop
 endfacet
 facet normal -0.000000e+00  0.000000e+00  1.000000e+00
   outer loop
     vertex  3.752512e+00  4.497488e+00  0.000000e+00
     vertex  3.867591e+00  4.382409e+00  0.000000e+00
     vertex  3.820610e+00  4.550532e+00  0.000000e+00
   endloop
 endfacet
 facet normal  0.000000e+00  0.000000e+00 -1.000000e+00
   outer loop
     vertex  7.241481e+00 -1.706470e+01 -3.500000e-02
     vertex  7.216506e+00 -1.712500e+01 -3.500000e-02
     vertex  7.176776e+00 -1.717678e+01 -3.500000e-02
   endloop
 endfacet
 facet normal  0.000000e+00  0.000000e+00 -1.000000e+00
   outer loop
     vertex  7.250000e+00 -1.700000e+01 -3.500000e-02
     vertex  7.241481e+00 -1.706470e+01 -3.500000e-02
     vertex  7.176776e+00 -1.717678e+01 -3.500000e-02
   endloop
 endfacet
 facet normal  0.000000e+00  0.000000e+00 -1.000000e+00
   outer loop
     vertex  5.500000e+00 -1.875000e+01 -3.500000e-02
     vertex  5.676777e+00 -1.867678e+01 -3.500000e-02
     vertex  5.625000e+00 -1.871651e+01 -3.500000e-02
   endloop
 endfacet
 facet normal  0.000000e+00  0.000000e+00 -1.000000e+00
   outer loop
     vertex  5.500000e+00 -1.875000e+01 -3.500000e-02
     vertex  5.625000e+00 -1.871651e+01 -3.500000e-02
     vertex  5.564705e+00 -1.874148e+01 -3.500000e-02
   endloop
 endfacet
 facet normal  0.000000e+00  0.000000e+00 -1.000000e+00
   outer loop
     vertex  6.750000e+00 -1.689645e+01 -3.500000e-02
     vertex  7.250000e+00 -1.700000e+01 -3.500000e-02
     vertex  7.176776e+00 -1.717678e+01 -3.500000e-02
   endloop
 endfacet
 facet normal  0.000000e+00  0.000000e+00 -1.000000e+00
   outer loop
     vertex  5.396446e+00 -1.825000e+01 -3.500000e-02
     vertex  7.176776e+00 -1.717678e+01 -3.500000e-02
     vertex  5.676777e+00 -1.867678e+01 -3.500000e-02
   endloop
 endfacet
 facet normal  0.000000e+00  0.000000e+00 -1.000000e+00
   outer loop
     vertex  5.396446e+00 -1.825000e+01 -3.500000e-02
     vertex  6.750000e+00 -1.689645e+01 -3.500000e-02
     vertex  7.176776e+00 -1.717678e+01 -3.500000e-02
   endloop
 endfacet
 facet normal  0.000000e+00  0.000000e+00 -1.000000e+00
   outer loop
     vertex  5.396446e+00 -1.825000e+01 -3.500000e-02
     vertex  5.676777e+00 -1.867678e+01 -3.500000e-02
     vertex  5.500000e+00 -1.875000e+01 -3.500000e-02
   endloop
 endfacet
 facet normal  0.000000e+00 -0.000000e+00 -1.000000e+00
   outer loop
     vertex  4.850291e+00 -1.868652e+01 -3.500000e-02
     vertex  5.500000e+00 -1.875000e+01 -3.500000e-02
     vertex  4.813639e+00 -1.875000e+01 -3.500000e-02
   endloop
 endfacet
 facet normal  0.000000e+00 -0.000000e+00 -1.000000e+00
   outer loop
     vertex  4.878027e+00 -1.859509e+01 -3.500000e-02
     vertex  5.500000e+00 -1.875000e+01 -3.500000e-02
     vertex  4.850291e+00 -1.868652e+01 -3.500000e-02
   endloop
 endfacet
 facet normal  0.000000e+00  0.000000e+00 -1.000000e+00
   outer loop
     vertex  4.887392e+00 -1.850000e+01 -3.500000e-02
     vertex  5.396446e+00 -1.825000e+01 -3.500000e-02
     vertex  5.500000e+00 -1.875000e+01 -3.500000e-02
   endloop
 endfacet
 facet normal  0.000000e+00 -0.000000e+00 -1.000000e+00
   outer loop
     vertex  4.887392e+00 -1.850000e+01 -3.500000e-02
     vertex  5.500000e+00 -1.875000e+01 -3.500000e-02
     vertex  4.878027e+00 -1.859509e+01 -3.500000e-02
   endloop
 endfacet
 facet normal  0.000000e+00  0.000000e+00 -1.000000e+00
   outer loop
     vertex  4.878027e+00 -1.840491e+01 -3.500000e-02
     vertex  5.396446e+00 -1.825000e+01 -3.500000e-02
     vertex  4.887392e+00 -1.850000e+01 -3.500000e-02
   endloop
 endfacet
 facet normal  0.000000e+00  0.000000e+00 -1.000000e+00
   outer loop
     vertex  4.850291e+00 -1.831348e+01 -3.500000e-02
     vertex  5.396446e+00 -1.825000e+01 -3.500000e-02
     vertex  4.878027e+00 -1.840491e+01 -3.500000e-02
   endloop
 endfacet
 facet normal  0.000000e+00  0.000000e+00 -1.000000e+00
   outer loop
     vertex  4.813640e+00 -1.825000e+01 -3.500000e-02
     vertex  5.396446e+00 -1.825000e+01 -3.500000e-02
     vertex  4.850291e+00 -1.831348e+01 -3.500000e-02
   endloop
 endfacet
 facet normal  0.000000e+00 -0.000000e+00 -1.000000e+00
   outer loop
     vertex  7.250000e+00  1.250000e+00 -3.500000e-02
     vertex  7.250000e+00 -1.700000e+01 -3.500000e-02
     vertex  6.750000e+00 -1.689645e+01 -3.500000e-02
   endloop
 endfacet
 facet normal  0.000000e+00  0.000000e+00 -1.000000e+00
   outer loop
     vertex  7.207868e+00  1.388892e+00 -3.500000e-02
     vertex  7.230970e+00  1.345671e+00 -3.500000e-02
     vertex  7.245197e+00  1.298772e+00 -3.500000e-02
   endloop
 endfacet
 facet normal  0.000000e+00  0.000000e+00 -1.000000e+00
   outer loop
     vertex  7.207868e+00  1.388892e+00 -3.500000e-02
     vertex  7.245197e+00  1.298772e+00 -3.500000e-02
     vertex  7.250000e+00  1.250000e+00 -3.500000e-02
   endloop
 endfacet
 facet normal  0.000000e+00  0.000000e+00 -1.000000e+00
   outer loop
     vertex  7.176777e+00  1.426776e+00 -3.500000e-02
     vertex  7.207868e+00  1.388892e+00 -3.500000e-02
     vertex  7.250000e+00  1.250000e+00 -3.500000e-02
   endloop
 endfacet
 facet normal  0.000000e+00  0.000000e+00 -1.000000e+00
   outer loop
     vertex  6.750000e+00  1.146447e+00 -3.500000e-02
     vertex  7.176777e+00  1.426776e+00 -3.500000e-02
     vertex  7.250000e+00  1.250000e+00 -3.500000e-02
   endloop
 endfacet
 facet normal  0.000000e+00  0.000000e+00 -1.000000e+00
   outer loop
     vertex  6.750000e+00  1.146447e+00 -3.500000e-02
     vertex  7.250000e+00  1.250000e+00 -3.500000e-02
     vertex  6.750000e+00 -1.689645e+01 -3.500000e-02
   endloop
 endfacet
 facet normal  0.000000e+00  0.000000e+00 -1.000000e+00
   outer loop
     vertex  4.347006e+00  4.256548e+00 -3.500000e-02
     vertex  7.176777e+00  1.426776e+00 -3.500000e-02
     vertex  6.750000e+00  1.146447e+00 -3.500000e-02
   endloop
 endfacet
 facet normal  0.000000e+00  0.000000e+00 -1.000000e+00
   outer loop
     vertex  3.993452e+00  3.902994e+00 -3.500000e-02
     vertex  4.347006e+00  4.256548e+00 -3.500000e-02
     vertex  6.750000e+00  1.146447e+00 -3.500000e-02
   endloop
 endfacet
 facet normal  0.000000e+00 -0.000000e+00 -1.000000e+00
   outer loop
     vertex  4.132409e+00  4.117591e+00 -3.500000e-02
     vertex  4.347006e+00  4.256548e+00 -3.500000e-02
     vertex  3.993452e+00  3.902994e+00 -3.500000e-02
   endloop
 endfacet
 facet normal  0.000000e+00 -0.000000e+00 -1.000000e+00
   outer loop
     vertex  4.162167e+00  4.156373e+00 -3.500000e-02
     vertex  4.347006e+00  4.256548e+00 -3.500000e-02
     vertex  4.132409e+00  4.117591e+00 -3.500000e-02
   endloop
 endfacet
 facet normal  0.000000e+00 -0.000000e+00 -1.000000e+00
   outer loop
     vertex  4.093627e+00  4.087833e+00 -3.500000e-02
     vertex  4.132409e+00  4.117591e+00 -3.500000e-02
     vertex  3.993452e+00  3.902994e+00 -3.500000e-02
   endloop
 endfacet
 facet normal  0.000000e+00 -0.000000e+00 -1.000000e+00
   outer loop
     vertex  4.048465e+00  4.069127e+00 -3.500000e-02
     vertex  4.093627e+00  4.087833e+00 -3.500000e-02
     vertex  3.993452e+00  3.902994e+00 -3.500000e-02
   endloop
 endfacet
 facet normal  0.000000e+00 -0.000000e+00 -1.000000e+00
   outer loop
     vertex  4.180873e+00  4.201535e+00 -3.500000e-02
     vertex  4.347006e+00  4.256548e+00 -3.500000e-02
     vertex  4.162167e+00  4.156373e+00 -3.500000e-02
   endloop
 endfacet
 facet normal  0.000000e+00  0.000000e+00 -1.000000e+00
   outer loop
     vertex  4.000000e+00  4.062746e+00 -3.500000e-02
     vertex  3.993452e+00  3.902994e+00 -3.500000e-02
     vertex  3.954316e+00  3.902994e+00 -3.500000e-02
   endloop
 endfacet
 facet normal  0.000000e+00 -0.000000e+00 -1.000000e+00
   outer loop
     vertex  4.000000e+00  4.062746e+00 -3.500000e-02
     vertex  4.048465e+00  4.069127e+00 -3.500000e-02
     vertex  3.993452e+00  3.902994e+00 -3.500000e-02
   endloop
 endfacet
 facet normal  0.000000e+00 -0.000000e+00 -1.000000e+00
   outer loop
     vertex  4.187254e+00  4.250000e+00 -3.500000e-02
     vertex  4.347006e+00  4.256548e+00 -3.500000e-02
     vertex  4.180873e+00  4.201535e+00 -3.500000e-02
   endloop
 endfacet
 facet normal  0.000000e+00  0.000000e+00 -1.000000e+00
   outer loop
     vertex  4.187254e+00  4.250000e+00 -3.500000e-02
     vertex  4.347006e+00  4.295684e+00 -3.500000e-02
     vertex  4.347006e+00  4.256548e+00 -3.500000e-02
   endloop
 endfacet
 facet normal  0.000000e+00  0.000000e+00 -1.000000e+00
   outer loop
     vertex  4.180873e+00  4.298465e+00 -3.500000e-02
     vertex  4.347006e+00  4.295684e+00 -3.500000e-02
     vertex  4.187254e+00  4.250000e+00 -3.500000e-02
   endloop
 endfacet
 facet normal  0.000000e+00  0.000000e+00 -1.000000e+00
   outer loop
     vertex  4.180873e+00  4.298465e+00 -3.500000e-02
     vertex  4.325272e+00  4.379222e+00 -3.500000e-02
     vertex  4.347006e+00  4.295684e+00 -3.500000e-02
   endloop
 endfacet
 facet normal  0.000000e+00 -0.000000e+00 -1.000000e+00
   outer loop
     vertex  3.951535e+00  4.069127e+00 -3.500000e-02
     vertex  3.954316e+00  3.902994e+00 -3.500000e-02
     vertex  3.870778e+00  3.924728e+00 -3.500000e-02
   endloop
 endfacet
 facet normal  0.000000e+00  0.000000e+00 -1.000000e+00
   outer loop
     vertex  3.951535e+00  4.069127e+00 -3.500000e-02
     vertex  4.000000e+00  4.062746e+00 -3.500000e-02
     vertex  3.954316e+00  3.902994e+00 -3.500000e-02
   endloop
 endfacet
 facet normal  0.000000e+00  0.000000e+00 -1.000000e+00
   outer loop
     vertex  4.162167e+00  4.343627e+00 -3.500000e-02
     vertex  4.283753e+00  4.454900e+00 -3.500000e-02
     vertex  4.325272e+00  4.379222e+00 -3.500000e-02
   endloop
 endfacet
 facet normal  0.000000e+00  0.000000e+00 -1.000000e+00
   outer loop
     vertex  4.162167e+00  4.343627e+00 -3.500000e-02
     vertex  4.325272e+00  4.379222e+00 -3.500000e-02
     vertex  4.180873e+00  4.298465e+00 -3.500000e-02
   endloop
 endfacet
 facet normal  0.000000e+00  0.000000e+00 -1.000000e+00
   outer loop
     vertex  3.906373e+00  4.087833e+00 -3.500000e-02
     vertex  3.870778e+00  3.924728e+00 -3.500000e-02
     vertex  3.795100e+00  3.966247e+00 -3.500000e-02
   endloop
 endfacet
 facet normal  0.000000e+00 -0.000000e+00 -1.000000e+00
   outer loop
     vertex  3.906373e+00  4.087833e+00 -3.500000e-02
     vertex  3.951535e+00  4.069127e+00 -3.500000e-02
     vertex  3.870778e+00  3.924728e+00 -3.500000e-02
   endloop
 endfacet
 facet normal  0.000000e+00  0.000000e+00 -1.000000e+00
   outer loop
     vertex  4.132409e+00  4.382409e+00 -3.500000e-02
     vertex  4.283753e+00  4.454900e+00 -3.500000e-02
     vertex  4.162167e+00  4.343627e+00 -3.500000e-02
   endloop
 endfacet
 facet normal  0.000000e+00 -0.000000e+00 -1.000000e+00
   outer loop
     vertex  3.867591e+00  4.117591e+00 -3.500000e-02
     vertex  3.906373e+00  4.087833e+00 -3.500000e-02
     vertex  3.795100e+00  3.966247e+00 -3.500000e-02
   endloop
 endfacet
 facet normal  0.000000e+00 -0.000000e+00 -1.000000e+00
   outer loop
     vertex  4.224976e+00  4.518116e+00 -3.500000e-02
     vertex  4.283753e+00  4.454900e+00 -3.500000e-02
     vertex  4.132409e+00  4.382409e+00 -3.500000e-02
   endloop
 endfacet
 facet normal  0.000000e+00  0.000000e+00 -1.000000e+00
   outer loop
     vertex  3.731884e+00  4.025024e+00 -3.500000e-02
     vertex  3.867591e+00  4.117591e+00 -3.500000e-02
     vertex  3.795100e+00  3.966247e+00 -3.500000e-02
   endloop
 endfacet
 facet normal  0.000000e+00  0.000000e+00 -1.000000e+00
   outer loop
     vertex  4.093627e+00  4.412167e+00 -3.500000e-02
     vertex  4.224976e+00  4.518116e+00 -3.500000e-02
     vertex  4.132409e+00  4.382409e+00 -3.500000e-02
   endloop
 endfacet
 facet normal  0.000000e+00 -0.000000e+00 -1.000000e+00
   outer loop
     vertex  3.837833e+00  4.156373e+00 -3.500000e-02
     vertex  3.867591e+00  4.117591e+00 -3.500000e-02
     vertex  3.731884e+00  4.025024e+00 -3.500000e-02
   endloop
 endfacet
 facet normal  0.000000e+00  0.000000e+00 -1.000000e+00
   outer loop
     vertex  4.152514e+00  4.565023e+00 -3.500000e-02
     vertex  4.093627e+00  4.412167e+00 -3.500000e-02
     vertex  4.048465e+00  4.430873e+00 -3.500000e-02
   endloop
 endfacet
 facet normal  0.000000e+00 -0.000000e+00 -1.000000e+00
   outer loop
     vertex  4.152514e+00  4.565023e+00 -3.500000e-02
     vertex  4.224976e+00  4.518116e+00 -3.500000e-02
     vertex  4.093627e+00  4.412167e+00 -3.500000e-02
   endloop
 endfacet
 facet normal  0.000000e+00  0.000000e+00 -1.000000e+00
   outer loop
     vertex  3.684977e+00  4.097486e+00 -3.500000e-02
     vertex  3.819127e+00  4.201535e+00 -3.500000e-02
     vertex  3.837833e+00  4.156373e+00 -3.500000e-02
   endloop
 endfacet
 facet normal  0.000000e+00  0.000000e+00 -1.000000e+00
   outer loop
     vertex  3.684977e+00  4.097486e+00 -3.500000e-02
     vertex  3.837833e+00  4.156373e+00 -3.500000e-02
     vertex  3.731884e+00  4.025024e+00 -3.500000e-02
   endloop
 endfacet
 facet normal  0.000000e+00  0.000000e+00 -1.000000e+00
   outer loop
     vertex  4.070776e+00  4.592769e+00 -3.500000e-02
     vertex  4.048465e+00  4.430873e+00 -3.500000e-02
     vertex  4.000000e+00  4.437254e+00 -3.500000e-02
   endloop
 endfacet
 facet normal  0.000000e+00 -0.000000e+00 -1.000000e+00
   outer loop
     vertex  4.070776e+00  4.592769e+00 -3.500000e-02
     vertex  4.152514e+00  4.565023e+00 -3.500000e-02
     vertex  4.048465e+00  4.430873e+00 -3.500000e-02
   endloop
 endfacet
 facet normal  0.000000e+00  0.000000e+00 -1.000000e+00
   outer loop
     vertex  3.657231e+00  4.179224e+00 -3.500000e-02
     vertex  3.819127e+00  4.201535e+00 -3.500000e-02
     vertex  3.684977e+00  4.097486e+00 -3.500000e-02
   endloop
 endfacet
 facet normal  0.000000e+00  0.000000e+00 -1.000000e+00
   outer loop
     vertex  3.657231e+00  4.179224e+00 -3.500000e-02
     vertex  3.812746e+00  4.250000e+00 -3.500000e-02
     vertex  3.819127e+00  4.201535e+00 -3.500000e-02
   endloop
 endfacet
 facet normal  0.000000e+00  0.000000e+00 -1.000000e+00
   outer loop
     vertex  3.650333e+00  4.265267e+00 -3.500000e-02
     vertex  3.819127e+00  4.298465e+00 -3.500000e-02
     vertex  3.812746e+00  4.250000e+00 -3.500000e-02
   endloop
 endfacet
 facet normal  0.000000e+00  0.000000e+00 -1.000000e+00
   outer loop
     vertex  3.650333e+00  4.265267e+00 -3.500000e-02
     vertex  3.812746e+00  4.250000e+00 -3.500000e-02
     vertex  3.657231e+00  4.179224e+00 -3.500000e-02
   endloop
 endfacet
 facet normal  0.000000e+00 -0.000000e+00 -1.000000e+00
   outer loop
     vertex  3.984733e+00  4.599667e+00 -3.500000e-02
     vertex  4.000000e+00  4.437254e+00 -3.500000e-02
     vertex  3.951535e+00  4.430873e+00 -3.500000e-02
   endloop
 endfacet
 facet normal  0.000000e+00  0.000000e+00 -1.000000e+00
   outer loop
     vertex  3.984733e+00  4.599667e+00 -3.500000e-02
     vertex  4.070776e+00  4.592769e+00 -3.500000e-02
     vertex  4.000000e+00  4.437254e+00 -3.500000e-02
   endloop
 endfacet
 facet normal  0.000000e+00  0.000000e+00 -1.000000e+00
   outer loop
     vertex  3.899619e+00  4.585297e+00 -3.500000e-02
     vertex  3.951535e+00  4.430873e+00 -3.500000e-02
     vertex  3.906373e+00  4.412167e+00 -3.500000e-02
   endloop
 endfacet
 facet normal  0.000000e+00  0.000000e+00 -1.000000e+00
   outer loop
     vertex  3.899619e+00  4.585297e+00 -3.500000e-02
     vertex  3.984733e+00  4.599667e+00 -3.500000e-02
     vertex  3.951535e+00  4.430873e+00 -3.500000e-02
   endloop
 endfacet
 facet normal  0.000000e+00  0.000000e+00 -1.000000e+00
   outer loop
     vertex  3.664703e+00  4.350381e+00 -3.500000e-02
     vertex  3.837833e+00  4.343627e+00 -3.500000e-02
     vertex  3.819127e+00  4.298465e+00 -3.500000e-02
   endloop
 endfacet
 facet normal  0.000000e+00 -0.000000e+00 -1.000000e+00
   outer loop
     vertex  3.664703e+00  4.350381e+00 -3.500000e-02
     vertex  3.819127e+00  4.298465e+00 -3.500000e-02
     vertex  3.650333e+00  4.265267e+00 -3.500000e-02
   endloop
 endfacet
 facet normal  0.000000e+00  0.000000e+00 -1.000000e+00
   outer loop
     vertex  3.699468e+00  4.429390e+00 -3.500000e-02
     vertex  3.867591e+00  4.382409e+00 -3.500000e-02
     vertex  3.837833e+00  4.343627e+00 -3.500000e-02
   endloop
 endfacet
 facet normal  0.000000e+00 -0.000000e+00 -1.000000e+00
   outer loop
     vertex  3.699468e+00  4.429390e+00 -3.500000e-02
     vertex  3.837833e+00  4.343627e+00 -3.500000e-02
     vertex  3.664703e+00  4.350381e+00 -3.500000e-02
   endloop
 endfacet
 facet normal  0.000000e+00  0.000000e+00 -1.000000e+00
   outer loop
     vertex  3.820610e+00  4.550532e+00 -3.500000e-02
     vertex  3.906373e+00  4.412167e+00 -3.500000e-02
     vertex  3.867591e+00  4.382409e+00 -3.500000e-02
   endloop
 endfacet
 facet normal  0.000000e+00  0.000000e+00 -1.000000e+00
   outer loop
     vertex  3.820610e+00  4.550532e+00 -3.500000e-02
     vertex  3.899619e+00  4.585297e+00 -3.500000e-02
     vertex  3.906373e+00  4.412167e+00 -3.500000e-02
   endloop
 endfacet
 facet normal  0.000000e+00 -0.000000e+00 -1.000000e+00
   outer loop
     vertex  3.752512e+00  4.497488e+00 -3.500000e-02
     vertex  3.867591e+00  4.382409e+00 -3.500000e-02
     vertex  3.699468e+00  4.429390e+00 -3.500000e-02
   endloop
 endfacet
 facet normal  0.000000e+00  0.000000e+00 -1.000000e+00
   outer loop
     vertex  3.752512e+00  4.497488e+00 -3.500000e-02
     vertex  3.820610e+00  4.550532e+00 -3.500000e-02
     vertex  3.867591e+00  4.382409e+00 -3.500000e-02
   endloop
 endfacet
 facet normal -1.305271e-01 -9.914447e-01  0.000000e+00
   outer loop
     vertex -2.647047e-01 -2.461648e+01  1.510000e+00
     vertex -2.000000e-01 -2.462500e+01  1.510000e+00
     vertex -2.000000e-01 -2.462500e+01  1.545000e+00
   endloop
 endfacet
 facet normal -1.305271e-01 -9.914447e-01  0.000000e+00
   outer loop
     vertex -2.647047e-01 -2.461648e+01  1.510000e+00
     vertex -2.000000e-01 -2.462500e+01  1.545000e+00
     vertex -2.647047e-01 -2.461648e+01  1.545000e+00
   endloop
 endfacet
 facet normal -3.826841e-01 -9.238793e-01  0.000000e+00
   outer loop
     vertex -3.249999e-01 -2.459151e+01  1.510000e+00
     vertex -2.647047e-01 -2.461648e+01  1.545000e+00
     vertex -3.249999e-01 -2.459151e+01  1.545000e+00
   endloop
 endfacet
 facet normal -3.826841e-01 -9.238793e-01  0.000000e+00
   outer loop
     vertex -3.249999e-01 -2.459151e+01  1.510000e+00
     vertex -2.647047e-01 -2.461648e+01  1.510000e+00
     vertex -2.647047e-01 -2.461648e+01  1.545000e+00
   endloop
 endfacet
 facet normal -6.087619e-01 -7.933530e-01  0.000000e+00
   outer loop
     vertex -3.767765e-01 -2.455178e+01  1.510000e+00
     vertex -3.249999e-01 -2.459151e+01  1.545000e+00
     vertex -3.767765e-01 -2.455178e+01  1.545000e+00
   endloop
 endfacet
 facet normal -6.087619e-01 -7.933530e-01  0.000000e+00
   outer loop
     vertex -3.767765e-01 -2.455178e+01  1.510000e+00
     vertex -3.249999e-01 -2.459151e+01  1.510000e+00
     vertex -3.249999e-01 -2.459151e+01  1.545000e+00
   endloop
 endfacet
 facet normal -7.933536e-01 -6.087611e-01  0.000000e+00
   outer loop
     vertex -4.165062e-01 -2.450000e+01  1.510000e+00
     vertex -3.767765e-01 -2.455178e+01  1.545000e+00
     vertex -4.165062e-01 -2.450000e+01  1.545000e+00
   endloop
 endfacet
 facet normal -7.933536e-01 -6.087611e-01  0.000000e+00
   outer loop
     vertex -4.165062e-01 -2.450000e+01  1.510000e+00
     vertex -3.767765e-01 -2.455178e+01  1.510000e+00
     vertex -3.767765e-01 -2.455178e+01  1.545000e+00
   endloop
 endfacet
 facet normal -9.238796e-01 -3.826832e-01  0.000000e+00
   outer loop
     vertex -4.414812e-01 -2.443970e+01  1.510000e+00
     vertex -4.165062e-01 -2.450000e+01  1.545000e+00
     vertex -4.414812e-01 -2.443970e+01  1.545000e+00
   endloop
 endfacet
 facet normal -9.238796e-01 -3.826832e-01  0.000000e+00
   outer loop
     vertex -4.414812e-01 -2.443970e+01  1.510000e+00
     vertex -4.165062e-01 -2.450000e+01  1.510000e+00
     vertex -4.165062e-01 -2.450000e+01  1.545000e+00
   endloop
 endfacet
 facet normal -9.914449e-01 -1.305261e-01  0.000000e+00
   outer loop
     vertex -4.499998e-01 -2.437500e+01  1.510000e+00
     vertex -4.414812e-01 -2.443970e+01  1.545000e+00
     vertex -4.499998e-01 -2.437500e+01  1.545000e+00
   endloop
 endfacet
 facet normal -9.914449e-01 -1.305261e-01  0.000000e+00
   outer loop
     vertex -4.499998e-01 -2.437500e+01  1.510000e+00
     vertex -4.414812e-01 -2.443970e+01  1.510000e+00
     vertex -4.414812e-01 -2.443970e+01  1.545000e+00
   endloop
 endfacet
 facet normal -9.914449e-01  1.305261e-01  0.000000e+00
   outer loop
     vertex -4.414812e-01 -2.431030e+01  1.510000e+00
     vertex -4.499998e-01 -2.437500e+01  1.545000e+00
     vertex -4.414812e-01 -2.431030e+01  1.545000e+00
   endloop
 endfacet
 facet normal -9.914449e-01  1.305261e-01  0.000000e+00
   outer loop
     vertex -4.414812e-01 -2.431030e+01  1.510000e+00
     vertex -4.499998e-01 -2.437500e+01  1.510000e+00
     vertex -4.499998e-01 -2.437500e+01  1.545000e+00
   endloop
 endfacet
 facet normal -9.238796e-01  3.826832e-01  0.000000e+00
   outer loop
     vertex -4.165062e-01 -2.425000e+01  1.510000e+00
     vertex -4.414812e-01 -2.431030e+01  1.545000e+00
     vertex -4.165062e-01 -2.425000e+01  1.545000e+00
   endloop
 endfacet
 facet normal -9.238796e-01  3.826832e-01  0.000000e+00
   outer loop
     vertex -4.165062e-01 -2.425000e+01  1.510000e+00
     vertex -4.414812e-01 -2.431030e+01  1.510000e+00
     vertex -4.414812e-01 -2.431030e+01  1.545000e+00
   endloop
 endfacet
 facet normal -7.933536e-01  6.087611e-01  0.000000e+00
   outer loop
     vertex -3.767765e-01 -2.419822e+01  1.510000e+00
     vertex -4.165062e-01 -2.425000e+01  1.545000e+00
     vertex -3.767765e-01 -2.419822e+01  1.545000e+00
   endloop
 endfacet
 facet normal -7.933536e-01  6.087611e-01  0.000000e+00
   outer loop
     vertex -3.767765e-01 -2.419822e+01  1.510000e+00
     vertex -4.165062e-01 -2.425000e+01  1.510000e+00
     vertex -4.165062e-01 -2.425000e+01  1.545000e+00
   endloop
 endfacet
 facet normal -6.087619e-01  7.933530e-01  0.000000e+00
   outer loop
     vertex -3.249999e-01 -2.415849e+01  1.510000e+00
     vertex -3.767765e-01 -2.419822e+01  1.545000e+00
     vertex -3.249999e-01 -2.415849e+01  1.545000e+00
   endloop
 endfacet
 facet normal -6.087619e-01  7.933530e-01  0.000000e+00
   outer loop
     vertex -3.249999e-01 -2.415849e+01  1.510000e+00
     vertex -3.767765e-01 -2.419822e+01  1.510000e+00
     vertex -3.767765e-01 -2.419822e+01  1.545000e+00
   endloop
 endfacet
 facet normal -3.826841e-01  9.238793e-01  0.000000e+00
   outer loop
     vertex -2.647047e-01 -2.413352e+01  1.510000e+00
     vertex -3.249999e-01 -2.415849e+01  1.545000e+00
     vertex -2.647047e-01 -2.413352e+01  1.545000e+00
   endloop
 endfacet
 facet normal -3.826841e-01  9.238793e-01  0.000000e+00
   outer loop
     vertex -2.647047e-01 -2.413352e+01  1.510000e+00
     vertex -3.249999e-01 -2.415849e+01  1.510000e+00
     vertex -3.249999e-01 -2.415849e+01  1.545000e+00
   endloop
 endfacet
 facet normal -1.305271e-01  9.914447e-01  0.000000e+00
   outer loop
     vertex -2.000000e-01 -2.412500e+01  1.510000e+00
     vertex -2.647047e-01 -2.413352e+01  1.545000e+00
     vertex -2.000000e-01 -2.412500e+01  1.545000e+00
   endloop
 endfacet
 facet normal -1.305271e-01  9.914447e-01  0.000000e+00
   outer loop
     vertex -2.000000e-01 -2.412500e+01  1.510000e+00
     vertex -2.647047e-01 -2.413352e+01  1.510000e+00
     vertex -2.647047e-01 -2.413352e+01  1.545000e+00
   endloop
 endfacet
 facet normal  0.000000e+00  1.000000e+00  0.000000e+00
   outer loop
     vertex  3.161527e+00 -2.412500e+01  1.510000e+00
     vertex -2.000000e-01 -2.412500e+01  1.510000e+00
     vertex -2.000000e-01 -2.412500e+01  1.545000e+00
   endloop
 endfacet
 facet normal  0.000000e+00  1.000000e+00 -0.000000e+00
   outer loop
     vertex  3.161527e+00 -2.412500e+01  1.510000e+00
     vertex -2.000000e-01 -2.412500e+01  1.545000e+00
     vertex  3.161527e+00 -2.412500e+01  1.545000e+00
   endloop
 endfacet
 facet normal  9.659262e-01 -2.588177e-01  0.000000e+00
   outer loop
     vertex  3.140708e+00 -2.420270e+01  1.510000e+00
     vertex  3.161527e+00 -2.412500e+01  1.510000e+00
     vertex  3.161527e+00 -2.412500e+01  1.545000e+00
   endloop
 endfacet
 facet normal  9.659262e-01 -2.588177e-01  0.000000e+00
   outer loop
     vertex  3.140708e+00 -2.420270e+01  1.510000e+00
     vertex  3.161527e+00 -2.412500e+01  1.545000e+00
     vertex  3.140708e+00 -2.420270e+01  1.545000e+00
   endloop
 endfacet
 facet normal  9.999998e-01 -6.733168e-04  0.000000e+00
   outer loop
     vertex  3.140644e+00 -2.429702e+01  1.510000e+00
     vertex  3.140708e+00 -2.420270e+01  1.510000e+00
     vertex  3.140708e+00 -2.420270e+01  1.545000e+00
   endloop
 endfacet
 facet normal  9.999998e-01 -6.733168e-04  0.000000e+00
   outer loop
     vertex  3.140644e+00 -2.429702e+01  1.510000e+00
     vertex  3.140708e+00 -2.420270e+01  1.545000e+00
     vertex  3.140644e+00 -2.429702e+01  1.545000e+00
   endloop
 endfacet
 facet normal  9.662312e-01  2.576766e-01 -0.000000e+00
   outer loop
     vertex  3.164950e+00 -2.438816e+01  1.510000e+00
     vertex  3.140644e+00 -2.429702e+01  1.545000e+00
     vertex  3.164950e+00 -2.438816e+01  1.545000e+00
   endloop
 endfacet
 facet normal  9.662312e-01  2.576766e-01  0.000000e+00
   outer loop
     vertex  3.164950e+00 -2.438816e+01  1.510000e+00
     vertex  3.140644e+00 -2.429702e+01  1.510000e+00
     vertex  3.140644e+00 -2.429702e+01  1.545000e+00
   endloop
 endfacet
 facet normal  8.668701e-01  4.985341e-01 -0.000000e+00
   outer loop
     vertex  3.211975e+00 -2.446993e+01  1.510000e+00
     vertex  3.164950e+00 -2.438816e+01  1.545000e+00
     vertex  3.211975e+00 -2.446993e+01  1.545000e+00
   endloop
 endfacet
 facet normal  8.668701e-01  4.985341e-01  0.000000e+00
   outer loop
     vertex  3.211975e+00 -2.446993e+01  1.510000e+00
     vertex  3.164950e+00 -2.438816e+01  1.510000e+00
     vertex  3.164950e+00 -2.438816e+01  1.545000e+00
   endloop
 endfacet
 facet normal  7.086615e-01  7.055487e-01 -0.000000e+00
   outer loop
     vertex  3.278526e+00 -2.453678e+01  1.510000e+00
     vertex  3.211975e+00 -2.446993e+01  1.545000e+00
     vertex  3.278526e+00 -2.453678e+01  1.545000e+00
   endloop
 endfacet
 facet normal  7.086615e-01  7.055487e-01  0.000000e+00
   outer loop
     vertex  3.278526e+00 -2.453678e+01  1.510000e+00
     vertex  3.211975e+00 -2.446993e+01  1.510000e+00
     vertex  3.211975e+00 -2.446993e+01  1.545000e+00
   endloop
 endfacet
 facet normal  5.023454e-01  8.646671e-01 -0.000000e+00
   outer loop
     vertex  3.360086e+00 -2.458416e+01  1.510000e+00
     vertex  3.278526e+00 -2.453678e+01  1.545000e+00
     vertex  3.360086e+00 -2.458416e+01  1.545000e+00
   endloop
 endfacet
 facet normal  5.023454e-01  8.646671e-01  0.000000e+00
   outer loop
     vertex  3.360086e+00 -2.458416e+01  1.510000e+00
     vertex  3.278526e+00 -2.453678e+01  1.510000e+00
     vertex  3.278526e+00 -2.453678e+01  1.545000e+00
   endloop
 endfacet
 facet normal  2.619276e-01  9.650875e-01 -0.000000e+00
   outer loop
     vertex  3.451119e+00 -2.460887e+01  1.510000e+00
     vertex  3.360086e+00 -2.458416e+01  1.545000e+00
     vertex  3.451119e+00 -2.460887e+01  1.545000e+00
   endloop
 endfacet
 facet normal  2.619276e-01  9.650875e-01  0.000000e+00
   outer loop
     vertex  3.451119e+00 -2.460887e+01  1.510000e+00
     vertex  3.360086e+00 -2.458416e+01  1.510000e+00
     vertex  3.360086e+00 -2.458416e+01  1.545000e+00
   endloop
 endfacet
 facet normal  3.827098e-01 -9.238686e-01  0.000000e+00
   outer loop
     vertex  3.423773e+00 -2.462020e+01  1.510000e+00
     vertex  3.451119e+00 -2.460887e+01  1.510000e+00
     vertex  3.451119e+00 -2.460887e+01  1.545000e+00
   endloop
 endfacet
 facet normal  3.827098e-01 -9.238686e-01  0.000000e+00
   outer loop
     vertex  3.423773e+00 -2.462020e+01  1.510000e+00
     vertex  3.451119e+00 -2.460887e+01  1.545000e+00
     vertex  3.423773e+00 -2.462020e+01  1.545000e+00
   endloop
 endfacet
 facet normal  9.802277e-02 -9.951842e-01  0.000000e+00
   outer loop
     vertex  3.375000e+00 -2.462500e+01  1.510000e+00
     vertex  3.423773e+00 -2.462020e+01  1.510000e+00
     vertex  3.423773e+00 -2.462020e+01  1.545000e+00
   endloop
 endfacet
 facet normal  9.802277e-02 -9.951842e-01  0.000000e+00
   outer loop
     vertex  3.375000e+00 -2.462500e+01  1.510000e+00
     vertex  3.423773e+00 -2.462020e+01  1.545000e+00
     vertex  3.375000e+00 -2.462500e+01  1.545000e+00
   endloop
 endfacet
 facet normal  0.000000e+00 -1.000000e+00  0.000000e+00
   outer loop
     vertex -2.000000e-01 -2.462500e+01  1.510000e+00
     vertex  3.375000e+00 -2.462500e+01  1.510000e+00
     vertex  3.375000e+00 -2.462500e+01  1.545000e+00
   endloop
 endfacet
 facet normal  0.000000e+00 -1.000000e+00  0.000000e+00
   outer loop
     vertex -2.000000e-01 -2.462500e+01  1.510000e+00
     vertex  3.375000e+00 -2.462500e+01  1.545000e+00
     vertex -2.000000e-01 -2.462500e+01  1.545000e+00
   endloop
 endfacet
 facet normal  0.000000e+00  0.000000e+00 -1.000000e+00
   outer loop
     vertex -2.647047e-01 -2.461648e+01  1.510000e+00
     vertex -3.249999e-01 -2.459151e+01  1.510000e+00
     vertex -3.767765e-01 -2.455178e+01  1.510000e+00
   endloop
 endfacet
 facet normal  0.000000e+00  0.000000e+00 -1.000000e+00
   outer loop
     vertex -4.414812e-01 -2.443970e+01  1.510000e+00
     vertex -3.767765e-01 -2.455178e+01  1.510000e+00
     vertex -4.165062e-01 -2.450000e+01  1.510000e+00
   endloop
 endfacet
 facet normal  0.000000e+00 -0.000000e+00 -1.000000e+00
   outer loop
     vertex -4.414812e-01 -2.431030e+01  1.510000e+00
     vertex -4.414812e-01 -2.443970e+01  1.510000e+00
     vertex -4.499998e-01 -2.437500e+01  1.510000e+00
   endloop
 endfacet
 facet normal  0.000000e+00  0.000000e+00 -1.000000e+00
   outer loop
     vertex -3.767765e-01 -2.419822e+01  1.510000e+00
     vertex -4.414812e-01 -2.431030e+01  1.510000e+00
     vertex -4.165062e-01 -2.425000e+01  1.510000e+00
   endloop
 endfacet
 facet normal  0.000000e+00  0.000000e+00 -1.000000e+00
   outer loop
     vertex -3.767765e-01 -2.419822e+01  1.510000e+00
     vertex -4.414812e-01 -2.443970e+01  1.510000e+00
     vertex -4.414812e-01 -2.431030e+01  1.510000e+00
   endloop
 endfacet
 facet normal  0.000000e+00 -0.000000e+00 -1.000000e+00
   outer loop
     vertex -3.767765e-01 -2.419822e+01  1.510000e+00
     vertex -3.767765e-01 -2.455178e+01  1.510000e+00
     vertex -4.414812e-01 -2.443970e+01  1.510000e+00
   endloop
 endfacet
 facet normal  0.000000e+00  0.000000e+00 -1.000000e+00
   outer loop
     vertex -2.647047e-01 -2.413352e+01  1.510000e+00
     vertex -3.767765e-01 -2.419822e+01  1.510000e+00
     vertex -3.249999e-01 -2.415849e+01  1.510000e+00
   endloop
 endfacet
 facet normal  0.000000e+00 -0.000000e+00 -1.000000e+00
   outer loop
     vertex -2.647047e-01 -2.413352e+01  1.510000e+00
     vertex -2.647047e-01 -2.461648e+01  1.510000e+00
     vertex -3.767765e-01 -2.455178e+01  1.510000e+00
   endloop
 endfacet
 facet normal  0.000000e+00  0.000000e+00 -1.000000e+00
   outer loop
     vertex -2.647047e-01 -2.413352e+01  1.510000e+00
     vertex -3.767765e-01 -2.455178e+01  1.510000e+00
     vertex -3.767765e-01 -2.419822e+01  1.510000e+00
   endloop
 endfacet
 facet normal  0.000000e+00 -0.000000e+00 -1.000000e+00
   outer loop
     vertex -2.000000e-01 -2.412500e+01  1.510000e+00
     vertex -2.000000e-01 -2.462500e+01  1.510000e+00
     vertex -2.647047e-01 -2.461648e+01  1.510000e+00
   endloop
 endfacet
 facet normal  0.000000e+00  0.000000e+00 -1.000000e+00
   outer loop
     vertex -2.000000e-01 -2.412500e+01  1.510000e+00
     vertex -2.647047e-01 -2.461648e+01  1.510000e+00
     vertex -2.647047e-01 -2.413352e+01  1.510000e+00
   endloop
 endfacet
 facet normal  0.000000e+00 -0.000000e+00 -1.000000e+00
   outer loop
     vertex  3.211975e+00 -2.446993e+01  1.510000e+00
     vertex  3.278526e+00 -2.453678e+01  1.510000e+00
     vertex -2.000000e-01 -2.462500e+01  1.510000e+00
   endloop
 endfacet
 facet normal  0.000000e+00  0.000000e+00 -1.000000e+00
   outer loop
     vertex  3.375000e+00 -2.462500e+01  1.510000e+00
     vertex -2.000000e-01 -2.462500e+01  1.510000e+00
     vertex  3.278526e+00 -2.453678e+01  1.510000e+00
   endloop
 endfacet
 facet normal -0.000000e+00 -0.000000e+00 -1.000000e+00
   outer loop
     vertex  3.360086e+00 -2.458416e+01  1.510000e+00
     vertex  3.375000e+00 -2.462500e+01  1.510000e+00
     vertex  3.278526e+00 -2.453678e+01  1.510000e+00
   endloop
 endfacet
 facet normal  0.000000e+00 -0.000000e+00 -1.000000e+00
   outer loop
     vertex  3.164950e+00 -2.438816e+01  1.510000e+00
     vertex  3.211975e+00 -2.446993e+01  1.510000e+00
     vertex -2.000000e-01 -2.462500e+01  1.510000e+00
   endloop
 endfacet
 facet normal -0.000000e+00  0.000000e+00 -1.000000e+00
   outer loop
     vertex  3.423773e+00 -2.462020e+01  1.510000e+00
     vertex  3.375000e+00 -2.462500e+01  1.510000e+00
     vertex  3.360086e+00 -2.458416e+01  1.510000e+00
   endloop
 endfacet
 facet normal -0.000000e+00  0.000000e+00 -1.000000e+00
   outer loop
     vertex  3.451119e+00 -2.460887e+01  1.510000e+00
     vertex  3.423773e+00 -2.462020e+01  1.510000e+00
     vertex  3.360086e+00 -2.458416e+01  1.510000e+00
   endloop
 endfacet
 facet normal -0.000000e+00  0.000000e+00 -1.000000e+00
   outer loop
     vertex  3.140644e+00 -2.429702e+01  1.510000e+00
     vertex -2.000000e-01 -2.462500e+01  1.510000e+00
     vertex -2.000000e-01 -2.412500e+01  1.510000e+00
   endloop
 endfacet
 facet normal  0.000000e+00 -0.000000e+00 -1.000000e+00
   outer loop
     vertex  3.140644e+00 -2.429702e+01  1.510000e+00
     vertex  3.164950e+00 -2.438816e+01  1.510000e+00
     vertex -2.000000e-01 -2.462500e+01  1.510000e+00
   endloop
 endfacet
 facet normal -0.000000e+00  0.000000e+00 -1.000000e+00
   outer loop
     vertex  3.140708e+00 -2.420270e+01  1.510000e+00
     vertex  3.140644e+00 -2.429702e+01  1.510000e+00
     vertex -2.000000e-01 -2.412500e+01  1.510000e+00
   endloop
 endfacet
 facet normal -0.000000e+00  0.000000e+00 -1.000000e+00
   outer loop
     vertex  3.161527e+00 -2.412500e+01  1.510000e+00
     vertex  3.140708e+00 -2.420270e+01  1.510000e+00
     vertex -2.000000e-01 -2.412500e+01  1.510000e+00
   endloop
 endfacet
 facet normal  0.000000e+00  0.000000e+00  1.000000e+00
   outer loop
     vertex -2.647047e-01 -2.461648e+01  1.545000e+00
     vertex -3.767765e-01 -2.455178e+01  1.545000e+00
     vertex -3.249999e-01 -2.459151e+01  1.545000e+00
   endloop
 endfacet
 facet normal  0.000000e+00  0.000000e+00  1.000000e+00
   outer loop
     vertex -4.414812e-01 -2.443970e+01  1.545000e+00
     vertex -4.165062e-01 -2.450000e+01  1.545000e+00
     vertex -3.767765e-01 -2.455178e+01  1.545000e+00
   endloop
 endfacet
 facet normal  0.000000e+00  0.000000e+00  1.000000e+00
   outer loop
     vertex -4.414812e-01 -2.431030e+01  1.545000e+00
     vertex -4.499998e-01 -2.437500e+01  1.545000e+00
     vertex -4.414812e-01 -2.443970e+01  1.545000e+00
   endloop
 endfacet
 facet normal  0.000000e+00  0.000000e+00  1.000000e+00
   outer loop
     vertex -3.767765e-01 -2.419822e+01  1.545000e+00
     vertex -4.165062e-01 -2.425000e+01  1.545000e+00
     vertex -4.414812e-01 -2.431030e+01  1.545000e+00
   endloop
 endfacet
 facet normal  0.000000e+00  0.000000e+00  1.000000e+00
   outer loop
     vertex -3.767765e-01 -2.419822e+01  1.545000e+00
     vertex -4.414812e-01 -2.431030e+01  1.545000e+00
     vertex -4.414812e-01 -2.443970e+01  1.545000e+00
   endloop
 endfacet
 facet normal  0.000000e+00  0.000000e+00  1.000000e+00
   outer loop
     vertex -3.767765e-01 -2.419822e+01  1.545000e+00
     vertex -4.414812e-01 -2.443970e+01  1.545000e+00
     vertex -3.767765e-01 -2.455178e+01  1.545000e+00
   endloop
 endfacet
 facet normal  0.000000e+00  0.000000e+00  1.000000e+00
   outer loop
     vertex -2.647047e-01 -2.413352e+01  1.545000e+00
     vertex -3.249999e-01 -2.415849e+01  1.545000e+00
     vertex -3.767765e-01 -2.419822e+01  1.545000e+00
   endloop
 endfacet
 facet normal  0.000000e+00  0.000000e+00  1.000000e+00
   outer loop
     vertex -2.647047e-01 -2.413352e+01  1.545000e+00
     vertex -3.767765e-01 -2.455178e+01  1.545000e+00
     vertex -2.647047e-01 -2.461648e+01  1.545000e+00
   endloop
 endfacet
 facet normal  0.000000e+00  0.000000e+00  1.000000e+00
   outer loop
     vertex -2.647047e-01 -2.413352e+01  1.545000e+00
     vertex -3.767765e-01 -2.419822e+01  1.545000e+00
     vertex -3.767765e-01 -2.455178e+01  1.545000e+00
   endloop
 endfacet
 facet normal  0.000000e+00  0.000000e+00  1.000000e+00
   outer loop
     vertex -2.000000e-01 -2.412500e+01  1.545000e+00
     vertex -2.647047e-01 -2.461648e+01  1.545000e+00
     vertex -2.000000e-01 -2.462500e+01  1.545000e+00
   endloop
 endfacet
 facet normal  0.000000e+00  0.000000e+00  1.000000e+00
   outer loop
     vertex -2.000000e-01 -2.412500e+01  1.545000e+00
     vertex -2.647047e-01 -2.413352e+01  1.545000e+00
     vertex -2.647047e-01 -2.461648e+01  1.545000e+00
   endloop
 endfacet
 facet normal  0.000000e+00  0.000000e+00  1.000000e+00
   outer loop
     vertex  3.211975e+00 -2.446993e+01  1.545000e+00
     vertex -2.000000e-01 -2.462500e+01  1.545000e+00
     vertex  3.278526e+00 -2.453678e+01  1.545000e+00
   endloop
 endfacet
 facet normal  0.000000e+00  0.000000e+00  1.000000e+00
   outer loop
     vertex  3.375000e+00 -2.462500e+01  1.545000e+00
     vertex  3.278526e+00 -2.453678e+01  1.545000e+00
     vertex -2.000000e-01 -2.462500e+01  1.545000e+00
   endloop
 endfacet
 facet normal  0.000000e+00  0.000000e+00  1.000000e+00
   outer loop
     vertex  3.360086e+00 -2.458416e+01  1.545000e+00
     vertex  3.278526e+00 -2.453678e+01  1.545000e+00
     vertex  3.375000e+00 -2.462500e+01  1.545000e+00
   endloop
 endfacet
 facet normal  0.000000e+00  0.000000e+00  1.000000e+00
   outer loop
     vertex  3.164950e+00 -2.438816e+01  1.545000e+00
     vertex -2.000000e-01 -2.462500e+01  1.545000e+00
     vertex  3.211975e+00 -2.446993e+01  1.545000e+00
   endloop
 endfacet
 facet normal  0.000000e+00  0.000000e+00  1.000000e+00
   outer loop
     vertex  3.423773e+00 -2.462020e+01  1.545000e+00
     vertex  3.360086e+00 -2.458416e+01  1.545000e+00
     vertex  3.375000e+00 -2.462500e+01  1.545000e+00
   endloop
 endfacet
 facet normal  0.000000e+00  0.000000e+00  1.000000e+00
   outer loop
     vertex  3.451119e+00 -2.460887e+01  1.545000e+00
     vertex  3.360086e+00 -2.458416e+01  1.545000e+00
     vertex  3.423773e+00 -2.462020e+01  1.545000e+00
   endloop
 endfacet
 facet normal  0.000000e+00  0.000000e+00  1.000000e+00
   outer loop
     vertex  3.140644e+00 -2.429702e+01  1.545000e+00
     vertex -2.000000e-01 -2.412500e+01  1.545000e+00
     vertex -2.000000e-01 -2.462500e+01  1.545000e+00
   endloop
 endfacet
 facet normal  0.000000e+00  0.000000e+00  1.000000e+00
   outer loop
     vertex  3.140644e+00 -2.429702e+01  1.545000e+00
     vertex -2.000000e-01 -2.462500e+01  1.545000e+00
     vertex  3.164950e+00 -2.438816e+01  1.545000e+00
   endloop
 endfacet
 facet normal  0.000000e+00  0.000000e+00  1.000000e+00
   outer loop
     vertex  3.140708e+00 -2.420270e+01  1.545000e+00
     vertex -2.000000e-01 -2.412500e+01  1.545000e+00
     vertex  3.140644e+00 -2.429702e+01  1.545000e+00
   endloop
 endfacet
 facet normal  0.000000e+00  0.000000e+00  1.000000e+00
   outer loop
     vertex  3.161527e+00 -2.412500e+01  1.545000e+00
     vertex -2.000000e-01 -2.412500e+01  1.545000e+00
     vertex  3.140708e+00 -2.420270e+01  1.545000e+00
   endloop
 endfacet
 facet normal -4.520487e-01  8.919932e-01  0.000000e+00
   outer loop
     vertex  2.448696e+00  3.665954e+00  1.510000e+00
     vertex  2.416664e+00  3.649720e+00  1.510000e+00
     vertex  2.416664e+00  3.649720e+00  1.545000e+00
   endloop
 endfacet
 facet normal -4.520487e-01  8.919932e-01  0.000000e+00
   outer loop
     vertex  2.448696e+00  3.665954e+00  1.510000e+00
     vertex  2.416664e+00  3.649720e+00  1.545000e+00
     vertex  2.448696e+00  3.665954e+00  1.545000e+00
   endloop
 endfacet
 facet normal -2.270794e-01  9.738762e-01  0.000000e+00
   outer loop
     vertex  2.483670e+00  3.674108e+00  1.510000e+00
     vertex  2.448696e+00  3.665954e+00  1.545000e+00
     vertex  2.483670e+00  3.674108e+00  1.545000e+00
   endloop
 endfacet
 facet normal -2.270794e-01  9.738762e-01  0.000000e+00
   outer loop
     vertex  2.483670e+00  3.674108e+00  1.510000e+00
     vertex  2.448696e+00  3.665954e+00  1.510000e+00
     vertex  2.448696e+00  3.665954e+00  1.545000e+00
   endloop
 endfacet
 facet normal  1.090516e-02  9.999405e-01 -0.000000e+00
   outer loop
     vertex  2.519579e+00  3.673717e+00  1.510000e+00
     vertex  2.483670e+00  3.674108e+00  1.545000e+00
     vertex  2.519579e+00  3.673717e+00  1.545000e+00
   endloop
 endfacet
 facet normal  1.090516e-02  9.999405e-01  0.000000e+00
   outer loop
     vertex  2.519579e+00  3.673717e+00  1.510000e+00
     vertex  2.483670e+00  3.674108e+00  1.510000e+00
     vertex  2.483670e+00  3.674108e+00  1.545000e+00
   endloop
 endfacet
 facet normal  2.482647e-01  9.686922e-01 -0.000000e+00
   outer loop
     vertex  2.554365e+00  3.664801e+00  1.510000e+00
     vertex  2.519579e+00  3.673717e+00  1.545000e+00
     vertex  2.554365e+00  3.664801e+00  1.545000e+00
   endloop
 endfacet
 facet normal  2.482647e-01  9.686922e-01  0.000000e+00
   outer loop
     vertex  2.554365e+00  3.664801e+00  1.510000e+00
     vertex  2.519579e+00  3.673717e+00  1.510000e+00
     vertex  2.519579e+00  3.673717e+00  1.545000e+00
   endloop
 endfacet
 facet normal  4.713947e-01  8.819223e-01 -0.000000e+00
   outer loop
     vertex  2.586036e+00  3.647873e+00  1.510000e+00
     vertex  2.554365e+00  3.664801e+00  1.545000e+00
     vertex  2.586036e+00  3.647873e+00  1.545000e+00
   endloop
 endfacet
 facet normal  4.713947e-01  8.819223e-01  0.000000e+00
   outer loop
     vertex  2.586036e+00  3.647873e+00  1.510000e+00
     vertex  2.554365e+00  3.664801e+00  1.510000e+00
     vertex  2.554365e+00  3.664801e+00  1.545000e+00
   endloop
 endfacet
 facet normal  6.675062e-01  7.446042e-01 -0.000000e+00
   outer loop
     vertex  2.612776e+00  3.623902e+00  1.510000e+00
     vertex  2.586036e+00  3.647873e+00  1.545000e+00
     vertex  2.612776e+00  3.623902e+00  1.545000e+00
   endloop
 endfacet
 facet normal  6.675062e-01  7.446042e-01  0.000000e+00
   outer loop
     vertex  2.612776e+00  3.623902e+00  1.510000e+00
     vertex  2.586036e+00  3.647873e+00  1.510000e+00
     vertex  2.586036e+00  3.647873e+00  1.545000e+00
   endloop
 endfacet
 facet normal  8.253590e-01  5.646083e-01 -0.000000e+00
   outer loop
     vertex  2.633052e+00  3.594262e+00  1.510000e+00
     vertex  2.612776e+00  3.623902e+00  1.545000e+00
     vertex  2.633052e+00  3.594262e+00  1.545000e+00
   endloop
 endfacet
 facet normal  8.253590e-01  5.646083e-01  0.000000e+00
   outer loop
     vertex  2.633052e+00  3.594262e+00  1.510000e+00
     vertex  2.612776e+00  3.623902e+00  1.510000e+00
     vertex  2.612776e+00  3.623902e+00  1.545000e+00
   endloop
 endfacet
 facet normal  9.359055e-01  3.522513e-01 -0.000000e+00
   outer loop
     vertex  2.645701e+00  3.560653e+00  1.510000e+00
     vertex  2.633052e+00  3.594262e+00  1.545000e+00
     vertex  2.645701e+00  3.560653e+00  1.545000e+00
   endloop
 endfacet
 facet normal  9.359055e-01  3.522513e-01  0.000000e+00
   outer loop
     vertex  2.645701e+00  3.560653e+00  1.510000e+00
     vertex  2.633052e+00  3.594262e+00  1.510000e+00
     vertex  2.633052e+00  3.594262e+00  1.545000e+00
   endloop
 endfacet
 facet normal  9.928095e-01  1.197047e-01 -0.000000e+00
   outer loop
     vertex  2.650000e+00  3.525000e+00  1.510000e+00
     vertex  2.645701e+00  3.560653e+00  1.545000e+00
     vertex  2.650000e+00  3.525000e+00  1.545000e+00
   endloop
 endfacet
 facet normal  9.928095e-01  1.197047e-01  0.000000e+00
   outer loop
     vertex  2.650000e+00  3.525000e+00  1.510000e+00
     vertex  2.645701e+00  3.560653e+00  1.510000e+00
     vertex  2.645701e+00  3.560653e+00  1.545000e+00
   endloop
 endfacet
 facet normal  1.211298e-03  9.999993e-01  0.000000e+00
   outer loop
     vertex  5.029264e+00  3.522118e+00  1.510000e+00
     vertex  2.650000e+00  3.525000e+00  1.510000e+00
     vertex  2.650000e+00  3.525000e+00  1.545000e+00
   endloop
 endfacet
 facet normal  1.211298e-03  9.999993e-01 -0.000000e+00
   outer loop
     vertex  5.029264e+00  3.522118e+00  1.510000e+00
     vertex  2.650000e+00  3.525000e+00  1.545000e+00
     vertex  5.029264e+00  3.522118e+00  1.545000e+00
   endloop
 endfacet
 facet normal  3.158019e-01  9.488251e-01  0.000000e+00
   outer loop
     vertex  5.064738e+00  3.510311e+00  1.510000e+00
     vertex  5.029264e+00  3.522118e+00  1.510000e+00
     vertex  5.029264e+00  3.522118e+00  1.545000e+00
   endloop
 endfacet
 facet normal  3.158019e-01  9.488251e-01 -0.000000e+00
   outer loop
     vertex  5.064738e+00  3.510311e+00  1.510000e+00
     vertex  5.029264e+00  3.522118e+00  1.545000e+00
     vertex  5.064738e+00  3.510311e+00  1.545000e+00
   endloop
 endfacet
 facet normal  5.406425e-01  8.412525e-01 -0.000000e+00
   outer loop
     vertex  5.096190e+00  3.490098e+00  1.510000e+00
     vertex  5.064738e+00  3.510311e+00  1.545000e+00
     vertex  5.096190e+00  3.490098e+00  1.545000e+00
   endloop
 endfacet
 facet normal  5.406425e-01  8.412525e-01  0.000000e+00
   outer loop
     vertex  5.096190e+00  3.490098e+00  1.510000e+00
     vertex  5.064738e+00  3.510311e+00  1.510000e+00
     vertex  5.064738e+00  3.510311e+00  1.545000e+00
   endloop
 endfacet
 facet normal  7.318955e-01  6.814169e-01 -0.000000e+00
   outer loop
     vertex  5.121667e+00  3.462734e+00  1.510000e+00
     vertex  5.096190e+00  3.490098e+00  1.545000e+00
     vertex  5.121667e+00  3.462734e+00  1.545000e+00
   endloop
 endfacet
 facet normal  7.318955e-01  6.814169e-01  0.000000e+00
   outer loop
     vertex  5.121667e+00  3.462734e+00  1.510000e+00
     vertex  5.096190e+00  3.490098e+00  1.510000e+00
     vertex  5.096190e+00  3.490098e+00  1.545000e+00
   endloop
 endfacet
 facet normal  8.776795e-01  4.792481e-01 -0.000000e+00
   outer loop
     vertex  5.139585e+00  3.429920e+00  1.510000e+00
     vertex  5.121667e+00  3.462734e+00  1.545000e+00
     vertex  5.139585e+00  3.429920e+00  1.545000e+00
   endloop
 endfacet
 facet normal  8.776795e-01  4.792481e-01  0.000000e+00
   outer loop
     vertex  5.139585e+00  3.429920e+00  1.510000e+00
     vertex  5.121667e+00  3.462734e+00  1.510000e+00
     vertex  5.121667e+00  3.462734e+00  1.545000e+00
   endloop
 endfacet
 facet normal  9.689374e-01  2.473060e-01 -0.000000e+00
   outer loop
     vertex  5.148831e+00  3.393694e+00  1.510000e+00
     vertex  5.139585e+00  3.429920e+00  1.545000e+00
     vertex  5.148831e+00  3.393694e+00  1.545000e+00
   endloop
 endfacet
 facet normal  9.689374e-01  2.473060e-01  0.000000e+00
   outer loop
     vertex  5.148831e+00  3.393694e+00  1.510000e+00
     vertex  5.139585e+00  3.429920e+00  1.510000e+00
     vertex  5.139585e+00  3.429920e+00  1.545000e+00
   endloop
 endfacet
 facet normal  1.000000e+00  0.000000e+00  0.000000e+00
   outer loop
     vertex  5.148831e+00  3.356306e+00  1.510000e+00
     vertex  5.148831e+00  3.393694e+00  1.545000e+00
     vertex  5.148831e+00  3.356306e+00  1.545000e+00
   endloop
 endfacet
 facet normal  1.000000e+00  0.000000e+00  0.000000e+00
   outer loop
     vertex  5.148831e+00  3.356306e+00  1.510000e+00
     vertex  5.148831e+00  3.393694e+00  1.510000e+00
     vertex  5.148831e+00  3.393694e+00  1.545000e+00
   endloop
 endfacet
 facet normal  9.689374e-01 -2.473060e-01  0.000000e+00
   outer loop
     vertex  5.139585e+00  3.320080e+00  1.510000e+00
     vertex  5.148831e+00  3.356306e+00  1.545000e+00
     vertex  5.139585e+00  3.320080e+00  1.545000e+00
   endloop
 endfacet
 facet normal  9.689374e-01 -2.473060e-01  0.000000e+00
   outer loop
     vertex  5.139585e+00  3.320080e+00  1.510000e+00
     vertex  5.148831e+00  3.356306e+00  1.510000e+00
     vertex  5.148831e+00  3.356306e+00  1.545000e+00
   endloop
 endfacet
 facet normal  8.776795e-01 -4.792481e-01  0.000000e+00
   outer loop
     vertex  5.121667e+00  3.287266e+00  1.510000e+00
     vertex  5.139585e+00  3.320080e+00  1.545000e+00
     vertex  5.121667e+00  3.287266e+00  1.545000e+00
   endloop
 endfacet
 facet normal  8.776795e-01 -4.792481e-01  0.000000e+00
   outer loop
     vertex  5.121667e+00  3.287266e+00  1.510000e+00
     vertex  5.139585e+00  3.320080e+00  1.510000e+00
     vertex  5.139585e+00  3.320080e+00  1.545000e+00
   endloop
 endfacet
 facet normal  7.318955e-01 -6.814169e-01  0.000000e+00
   outer loop
     vertex  5.096190e+00  3.259902e+00  1.510000e+00
     vertex  5.121667e+00  3.287266e+00  1.545000e+00
     vertex  5.096190e+00  3.259902e+00  1.545000e+00
   endloop
 endfacet
 facet normal  7.318955e-01 -6.814169e-01  0.000000e+00
   outer loop
     vertex  5.096190e+00  3.259902e+00  1.510000e+00
     vertex  5.121667e+00  3.287266e+00  1.510000e+00
     vertex  5.121667e+00  3.287266e+00  1.545000e+00
   endloop
 endfacet
 facet normal  5.406425e-01 -8.412525e-01  0.000000e+00
   outer loop
     vertex  5.064738e+00  3.239689e+00  1.510000e+00
     vertex  5.096190e+00  3.259902e+00  1.545000e+00
     vertex  5.064738e+00  3.239689e+00  1.545000e+00
   endloop
 endfacet
 facet normal  5.406425e-01 -8.412525e-01  0.000000e+00
   outer loop
     vertex  5.064738e+00  3.239689e+00  1.510000e+00
     vertex  5.096190e+00  3.259902e+00  1.510000e+00
     vertex  5.096190e+00  3.259902e+00  1.545000e+00
   endloop
 endfacet
 facet normal  3.158019e-01 -9.488251e-01  0.000000e+00
   outer loop
     vertex  5.029264e+00  3.227882e+00  1.510000e+00
     vertex  5.064738e+00  3.239689e+00  1.545000e+00
     vertex  5.029264e+00  3.227882e+00  1.545000e+00
   endloop
 endfacet
 facet normal  3.158019e-01 -9.488251e-01  0.000000e+00
   outer loop
     vertex  5.029264e+00  3.227882e+00  1.510000e+00
     vertex  5.064738e+00  3.239689e+00  1.510000e+00
     vertex  5.064738e+00  3.239689e+00  1.545000e+00
   endloop
 endfacet
 facet normal  1.211298e-03 -9.999993e-01  0.000000e+00
   outer loop
     vertex  2.650000e+00  3.225000e+00  1.510000e+00
     vertex  5.029264e+00  3.227882e+00  1.510000e+00
     vertex  5.029264e+00  3.227882e+00  1.545000e+00
   endloop
 endfacet
 facet normal  1.211298e-03 -9.999993e-01  0.000000e+00
   outer loop
     vertex  2.650000e+00  3.225000e+00  1.510000e+00
     vertex  5.029264e+00  3.227882e+00  1.545000e+00
     vertex  2.650000e+00  3.225000e+00  1.545000e+00
   endloop
 endfacet
 facet normal  9.999990e-01 -1.386066e-03  0.000000e+00
   outer loop
     vertex  2.647118e+00  1.145736e+00  1.510000e+00
     vertex  2.650000e+00  3.225000e+00  1.510000e+00
     vertex  2.650000e+00  3.225000e+00  1.545000e+00
   endloop
 endfacet
 facet normal  9.999990e-01 -1.386066e-03  0.000000e+00
   outer loop
     vertex  2.647118e+00  1.145736e+00  1.510000e+00
     vertex  2.650000e+00  3.225000e+00  1.545000e+00
     vertex  2.647118e+00  1.145736e+00  1.545000e+00
   endloop
 endfacet
 facet normal  9.488251e-01 -3.158019e-01  0.000000e+00
   outer loop
     vertex  2.635311e+00  1.110262e+00  1.510000e+00
     vertex  2.647118e+00  1.145736e+00  1.510000e+00
     vertex  2.647118e+00  1.145736e+00  1.545000e+00
   endloop
 endfacet
 facet normal  9.488251e-01 -3.158019e-01  0.000000e+00
   outer loop
     vertex  2.635311e+00  1.110262e+00  1.510000e+00
     vertex  2.647118e+00  1.145736e+00  1.545000e+00
     vertex  2.635311e+00  1.110262e+00  1.545000e+00
   endloop
 endfacet
 facet normal  8.412525e-01 -5.406425e-01  0.000000e+00
   outer loop
     vertex  2.615098e+00  1.078810e+00  1.510000e+00
     vertex  2.635311e+00  1.110262e+00  1.545000e+00
     vertex  2.615098e+00  1.078810e+00  1.545000e+00
   endloop
 endfacet
 facet normal  8.412525e-01 -5.406425e-01  0.000000e+00
   outer loop
     vertex  2.615098e+00  1.078810e+00  1.510000e+00
     vertex  2.635311e+00  1.110262e+00  1.510000e+00
     vertex  2.635311e+00  1.110262e+00  1.545000e+00
   endloop
 endfacet
 facet normal  6.814169e-01 -7.318955e-01  0.000000e+00
   outer loop
     vertex  2.587734e+00  1.053333e+00  1.510000e+00
     vertex  2.615098e+00  1.078810e+00  1.545000e+00
     vertex  2.587734e+00  1.053333e+00  1.545000e+00
   endloop
 endfacet
 facet normal  6.814169e-01 -7.318955e-01  0.000000e+00
   outer loop
     vertex  2.587734e+00  1.053333e+00  1.510000e+00
     vertex  2.615098e+00  1.078810e+00  1.510000e+00
     vertex  2.615098e+00  1.078810e+00  1.545000e+00
   endloop
 endfacet
 facet normal  4.792481e-01 -8.776795e-01  0.000000e+00
   outer loop
     vertex  2.554920e+00  1.035415e+00  1.510000e+00
     vertex  2.587734e+00  1.053333e+00  1.545000e+00
     vertex  2.554920e+00  1.035415e+00  1.545000e+00
   endloop
 endfacet
 facet normal  4.792481e-01 -8.776795e-01  0.000000e+00
   outer loop
     vertex  2.554920e+00  1.035415e+00  1.510000e+00
     vertex  2.587734e+00  1.053333e+00  1.510000e+00
     vertex  2.587734e+00  1.053333e+00  1.545000e+00
   endloop
 endfacet
 facet normal  2.473060e-01 -9.689374e-01  0.000000e+00
   outer loop
     vertex  2.518694e+00  1.026169e+00  1.510000e+00
     vertex  2.554920e+00  1.035415e+00  1.545000e+00
     vertex  2.518694e+00  1.026169e+00  1.545000e+00
   endloop
 endfacet
 facet normal  2.473060e-01 -9.689374e-01  0.000000e+00
   outer loop
     vertex  2.518694e+00  1.026169e+00  1.510000e+00
     vertex  2.554920e+00  1.035415e+00  1.510000e+00
     vertex  2.554920e+00  1.035415e+00  1.545000e+00
   endloop
 endfacet
 facet normal  0.000000e+00 -1.000000e+00  0.000000e+00
   outer loop
     vertex  2.481306e+00  1.026169e+00  1.510000e+00
     vertex  2.518694e+00  1.026169e+00  1.545000e+00
     vertex  2.481306e+00  1.026169e+00  1.545000e+00
   endloop
 endfacet
 facet normal  0.000000e+00 -1.000000e+00  0.000000e+00
   outer loop
     vertex  2.481306e+00  1.026169e+00  1.510000e+00
     vertex  2.518694e+00  1.026169e+00  1.510000e+00
     vertex  2.518694e+00  1.026169e+00  1.545000e+00
   endloop
 endfacet
 facet normal -2.473060e-01 -9.689374e-01  0.000000e+00
   outer loop
     vertex  2.445080e+00  1.035415e+00  1.510000e+00
     vertex  2.481306e+00  1.026169e+00  1.545000e+00
     vertex  2.445080e+00  1.035415e+00  1.545000e+00
   endloop
 endfacet
 facet normal -2.473060e-01 -9.689374e-01  0.000000e+00
   outer loop
     vertex  2.445080e+00  1.035415e+00  1.510000e+00
     vertex  2.481306e+00  1.026169e+00  1.510000e+00
     vertex  2.481306e+00  1.026169e+00  1.545000e+00
   endloop
 endfacet
 facet normal -4.792481e-01 -8.776795e-01  0.000000e+00
   outer loop
     vertex  2.412266e+00  1.053333e+00  1.510000e+00
     vertex  2.445080e+00  1.035415e+00  1.545000e+00
     vertex  2.412266e+00  1.053333e+00  1.545000e+00
   endloop
 endfacet
 facet normal -4.792481e-01 -8.776795e-01  0.000000e+00
   outer loop
     vertex  2.412266e+00  1.053333e+00  1.510000e+00
     vertex  2.445080e+00  1.035415e+00  1.510000e+00
     vertex  2.445080e+00  1.035415e+00  1.545000e+00
   endloop
 endfacet
 facet normal -6.814169e-01 -7.318955e-01  0.000000e+00
   outer loop
     vertex  2.384902e+00  1.078810e+00  1.510000e+00
     vertex  2.412266e+00  1.053333e+00  1.545000e+00
     vertex  2.384902e+00  1.078810e+00  1.545000e+00
   endloop
 endfacet
 facet normal -6.814169e-01 -7.318955e-01  0.000000e+00
   outer loop
     vertex  2.384902e+00  1.078810e+00  1.510000e+00
     vertex  2.412266e+00  1.053333e+00  1.510000e+00
     vertex  2.412266e+00  1.053333e+00  1.545000e+00
   endloop
 endfacet
 facet normal -8.412525e-01 -5.406425e-01  0.000000e+00
   outer loop
     vertex  2.364689e+00  1.110262e+00  1.510000e+00
     vertex  2.384902e+00  1.078810e+00  1.545000e+00
     vertex  2.364689e+00  1.110262e+00  1.545000e+00
   endloop
 endfacet
 facet normal -8.412525e-01 -5.406425e-01  0.000000e+00
   outer loop
     vertex  2.364689e+00  1.110262e+00  1.510000e+00
     vertex  2.384902e+00  1.078810e+00  1.510000e+00
     vertex  2.384902e+00  1.078810e+00  1.545000e+00
   endloop
 endfacet
 facet normal -9.488251e-01 -3.158019e-01  0.000000e+00
   outer loop
     vertex  2.352882e+00  1.145736e+00  1.510000e+00
     vertex  2.364689e+00  1.110262e+00  1.545000e+00
     vertex  2.352882e+00  1.145736e+00  1.545000e+00
   endloop
 endfacet
 facet normal -9.488251e-01 -3.158019e-01  0.000000e+00
   outer loop
     vertex  2.352882e+00  1.145736e+00  1.510000e+00
     vertex  2.364689e+00  1.110262e+00  1.510000e+00
     vertex  2.364689e+00  1.110262e+00  1.545000e+00
   endloop
 endfacet
 facet normal -1.000000e+00  0.000000e+00  0.000000e+00
   outer loop
     vertex  2.352882e+00  3.554264e+00  1.510000e+00
     vertex  2.352882e+00  1.145736e+00  1.510000e+00
     vertex  2.352882e+00  1.145736e+00  1.545000e+00
   endloop
 endfacet
 facet normal -1.000000e+00  0.000000e+00  0.000000e+00
   outer loop
     vertex  2.352882e+00  3.554264e+00  1.510000e+00
     vertex  2.352882e+00  1.145736e+00  1.545000e+00
     vertex  2.352882e+00  3.554264e+00  1.545000e+00
   endloop
 endfacet
 facet normal -9.238756e-01  3.826928e-01  0.000000e+00
   outer loop
     vertex  2.375280e+00  3.608336e+00  1.510000e+00
     vertex  2.352882e+00  3.554264e+00  1.510000e+00
     vertex  2.352882e+00  3.554264e+00  1.545000e+00
   endloop
 endfacet
 facet normal -9.238756e-01  3.826928e-01  0.000000e+00
   outer loop
     vertex  2.375280e+00  3.608336e+00  1.510000e+00
     vertex  2.352882e+00  3.554264e+00  1.545000e+00
     vertex  2.375280e+00  3.608336e+00  1.545000e+00
   endloop
 endfacet
 facet normal -7.071068e-01  7.071068e-01  0.000000e+00
   outer loop
     vertex  2.416664e+00  3.649720e+00  1.510000e+00
     vertex  2.375280e+00  3.608336e+00  1.510000e+00
     vertex  2.375280e+00  3.608336e+00  1.545000e+00
   endloop
 endfacet
 facet normal -7.071068e-01  7.071068e-01  0.000000e+00
   outer loop
     vertex  2.416664e+00  3.649720e+00  1.510000e+00
     vertex  2.375280e+00  3.608336e+00  1.545000e+00
     vertex  2.416664e+00  3.649720e+00  1.545000e+00
   endloop
 endfacet
 facet normal  0.000000e+00  0.000000e+00 -1.000000e+00
   outer loop
     vertex  2.647118e+00  1.145736e+00  1.510000e+00
     vertex  2.635311e+00  1.110262e+00  1.510000e+00
     vertex  2.615098e+00  1.078810e+00  1.510000e+00
   endloop
 endfacet
 facet normal  0.000000e+00  0.000000e+00 -1.000000e+00
   outer loop
     vertex  2.647118e+00  1.145736e+00  1.510000e+00
     vertex  2.615098e+00  1.078810e+00  1.510000e+00
     vertex  2.587734e+00  1.053333e+00  1.510000e+00
   endloop
 endfacet
 facet normal  0.000000e+00  0.000000e+00 -1.000000e+00
   outer loop
     vertex  2.647118e+00  1.145736e+00  1.510000e+00
     vertex  2.587734e+00  1.053333e+00  1.510000e+00
     vertex  2.554920e+00  1.035415e+00  1.510000e+00
   endloop
 endfacet
 facet normal  0.000000e+00  0.000000e+00 -1.000000e+00
   outer loop
     vertex  2.647118e+00  1.145736e+00  1.510000e+00
     vertex  2.554920e+00  1.035415e+00  1.510000e+00
     vertex  2.518694e+00  1.026169e+00  1.510000e+00
   endloop
 endfacet
 facet normal  0.000000e+00  0.000000e+00 -1.000000e+00
   outer loop
     vertex  2.647118e+00  1.145736e+00  1.510000e+00
     vertex  2.518694e+00  1.026169e+00  1.510000e+00
     vertex  2.481306e+00  1.026169e+00  1.510000e+00
   endloop
 endfacet
 facet normal  0.000000e+00  0.000000e+00 -1.000000e+00
   outer loop
     vertex  2.647118e+00  1.145736e+00  1.510000e+00
     vertex  2.481306e+00  1.026169e+00  1.510000e+00
     vertex  2.445080e+00  1.035415e+00  1.510000e+00
   endloop
 endfacet
 facet normal  0.000000e+00  0.000000e+00 -1.000000e+00
   outer loop
     vertex  2.647118e+00  1.145736e+00  1.510000e+00
     vertex  2.445080e+00  1.035415e+00  1.510000e+00
     vertex  2.412266e+00  1.053333e+00  1.510000e+00
   endloop
 endfacet
 facet normal  0.000000e+00  0.000000e+00 -1.000000e+00
   outer loop
     vertex  2.647118e+00  1.145736e+00  1.510000e+00
     vertex  2.412266e+00  1.053333e+00  1.510000e+00
     vertex  2.384902e+00  1.078810e+00  1.510000e+00
   endloop
 endfacet
 facet normal  0.000000e+00  0.000000e+00 -1.000000e+00
   outer loop
     vertex  2.647118e+00  1.145736e+00  1.510000e+00
     vertex  2.384902e+00  1.078810e+00  1.510000e+00
     vertex  2.364689e+00  1.110262e+00  1.510000e+00
   endloop
 endfacet
 facet normal -0.000000e+00  0.000000e+00 -1.000000e+00
   outer loop
     vertex  2.647118e+00  1.145736e+00  1.510000e+00
     vertex  2.364689e+00  1.110262e+00  1.510000e+00
     vertex  2.352882e+00  1.145736e+00  1.510000e+00
   endloop
 endfacet
 facet normal  0.000000e+00  0.000000e+00 -1.000000e+00
   outer loop
     vertex  2.650000e+00  3.225000e+00  1.510000e+00
     vertex  2.647118e+00  1.145736e+00  1.510000e+00
     vertex  2.352882e+00  1.145736e+00  1.510000e+00
   endloop
 endfacet
 facet normal  0.000000e+00  0.000000e+00 -1.000000e+00
   outer loop
     vertex  2.352882e+00  3.554264e+00  1.510000e+00
     vertex  2.650000e+00  3.225000e+00  1.510000e+00
     vertex  2.352882e+00  1.145736e+00  1.510000e+00
   endloop
 endfacet
 facet normal  0.000000e+00  0.000000e+00 -1.000000e+00
   outer loop
     vertex  2.448696e+00  3.665954e+00  1.510000e+00
     vertex  2.375280e+00  3.608336e+00  1.510000e+00
     vertex  2.416664e+00  3.649720e+00  1.510000e+00
   endloop
 endfacet
 facet normal  0.000000e+00  0.000000e+00 -1.000000e+00
   outer loop
     vertex  2.483670e+00  3.674108e+00  1.510000e+00
     vertex  2.375280e+00  3.608336e+00  1.510000e+00
     vertex  2.448696e+00  3.665954e+00  1.510000e+00
   endloop
 endfacet
 facet normal  0.000000e+00  0.000000e+00 -1.000000e+00
   outer loop
     vertex  2.650000e+00  3.525000e+00  1.510000e+00
     vertex  2.352882e+00  3.554264e+00  1.510000e+00
     vertex  2.375280e+00  3.608336e+00  1.510000e+00
   endloop
 endfacet
 facet normal -0.000000e+00 -0.000000e+00 -1.000000e+00
   outer loop
     vertex  2.650000e+00  3.525000e+00  1.510000e+00
     vertex  2.650000e+00  3.225000e+00  1.510000e+00
     vertex  2.352882e+00  3.554264e+00  1.510000e+00
   endloop
 endfacet
 facet normal -0.000000e+00  0.000000e+00 -1.000000e+00
   outer loop
     vertex  2.519579e+00  3.673717e+00  1.510000e+00
     vertex  2.375280e+00  3.608336e+00  1.510000e+00
     vertex  2.483670e+00  3.674108e+00  1.510000e+00
   endloop
 endfacet
 facet normal -0.000000e+00 -0.000000e+00 -1.000000e+00
   outer loop
     vertex  2.645701e+00  3.560653e+00  1.510000e+00
     vertex  2.650000e+00  3.525000e+00  1.510000e+00
     vertex  2.375280e+00  3.608336e+00  1.510000e+00
   endloop
 endfacet
 facet normal -0.000000e+00  0.000000e+00 -1.000000e+00
   outer loop
     vertex  2.554365e+00  3.664801e+00  1.510000e+00
     vertex  2.375280e+00  3.608336e+00  1.510000e+00
     vertex  2.519579e+00  3.673717e+00  1.510000e+00
   endloop
 endfacet
 facet normal -0.000000e+00 -0.000000e+00 -1.000000e+00
   outer loop
     vertex  2.633052e+00  3.594262e+00  1.510000e+00
     vertex  2.645701e+00  3.560653e+00  1.510000e+00
     vertex  2.375280e+00  3.608336e+00  1.510000e+00
   endloop
 endfacet
 facet normal -0.000000e+00  0.000000e+00 -1.000000e+00
   outer loop
     vertex  2.586036e+00  3.647873e+00  1.510000e+00
     vertex  2.375280e+00  3.608336e+00  1.510000e+00
     vertex  2.554365e+00  3.664801e+00  1.510000e+00
   endloop
 endfacet
 facet normal  0.000000e+00 -0.000000e+00 -1.000000e+00
   outer loop
     vertex  2.612776e+00  3.623902e+00  1.510000e+00
     vertex  2.633052e+00  3.594262e+00  1.510000e+00
     vertex  2.375280e+00  3.608336e+00  1.510000e+00
   endloop
 endfacet
 facet normal -0.000000e+00  0.000000e+00 -1.000000e+00
   outer loop
     vertex  2.612776e+00  3.623902e+00  1.510000e+00
     vertex  2.375280e+00  3.608336e+00  1.510000e+00
     vertex  2.586036e+00  3.647873e+00  1.510000e+00
   endloop
 endfacet
 facet normal -0.000000e+00  0.000000e+00 -1.000000e+00
   outer loop
     vertex  5.029264e+00  3.227882e+00  1.510000e+00
     vertex  2.650000e+00  3.225000e+00  1.510000e+00
     vertex  2.650000e+00  3.525000e+00  1.510000e+00
   endloop
 endfacet
 facet normal  0.000000e+00  0.000000e+00 -1.000000e+00
   outer loop
     vertex  5.121667e+00  3.287266e+00  1.510000e+00
     vertex  5.096190e+00  3.259902e+00  1.510000e+00
     vertex  5.064738e+00  3.239689e+00  1.510000e+00
   endloop
 endfacet
 facet normal  0.000000e+00  0.000000e+00 -1.000000e+00
   outer loop
     vertex  5.121667e+00  3.287266e+00  1.510000e+00
     vertex  5.064738e+00  3.239689e+00  1.510000e+00
     vertex  5.029264e+00  3.227882e+00  1.510000e+00
   endloop
 endfacet
 facet normal  0.000000e+00  0.000000e+00 -1.000000e+00
   outer loop
     vertex  5.139585e+00  3.320080e+00  1.510000e+00
     vertex  5.121667e+00  3.287266e+00  1.510000e+00
     vertex  5.029264e+00  3.227882e+00  1.510000e+00
   endloop
 endfacet
 facet normal -0.000000e+00 -0.000000e+00 -1.000000e+00
   outer loop
     vertex  5.029264e+00  3.522118e+00  1.510000e+00
     vertex  5.029264e+00  3.227882e+00  1.510000e+00
     vertex  2.650000e+00  3.525000e+00  1.510000e+00
   endloop
 endfacet
 facet normal  0.000000e+00 -0.000000e+00 -1.000000e+00
   outer loop
     vertex  5.096190e+00  3.490098e+00  1.510000e+00
     vertex  5.139585e+00  3.320080e+00  1.510000e+00
     vertex  5.029264e+00  3.227882e+00  1.510000e+00
   endloop
 endfacet
 facet normal  0.000000e+00  0.000000e+00 -1.000000e+00
   outer loop
     vertex  5.096190e+00  3.490098e+00  1.510000e+00
     vertex  5.029264e+00  3.522118e+00  1.510000e+00
     vertex  5.064738e+00  3.510311e+00  1.510000e+00
   endloop
 endfacet
 facet normal  0.000000e+00  0.000000e+00 -1.000000e+00
   outer loop
     vertex  5.096190e+00  3.490098e+00  1.510000e+00
     vertex  5.121667e+00  3.462734e+00  1.510000e+00
     vertex  5.139585e+00  3.429920e+00  1.510000e+00
   endloop
 endfacet
 facet normal  0.000000e+00  0.000000e+00 -1.000000e+00
   outer loop
     vertex  5.096190e+00  3.490098e+00  1.510000e+00
     vertex  5.139585e+00  3.429920e+00  1.510000e+00
     vertex  5.148831e+00  3.393694e+00  1.510000e+00
   endloop
 endfacet
 facet normal  0.000000e+00  0.000000e+00 -1.000000e+00
   outer loop
     vertex  5.096190e+00  3.490098e+00  1.510000e+00
     vertex  5.148831e+00  3.393694e+00  1.510000e+00
     vertex  5.148831e+00  3.356306e+00  1.510000e+00
   endloop
 endfacet
 facet normal  0.000000e+00  0.000000e+00 -1.000000e+00
   outer loop
     vertex  5.096190e+00  3.490098e+00  1.510000e+00
     vertex  5.148831e+00  3.356306e+00  1.510000e+00
     vertex  5.139585e+00  3.320080e+00  1.510000e+00
   endloop
 endfacet
 facet normal -0.000000e+00  0.000000e+00 -1.000000e+00
   outer loop
     vertex  5.096190e+00  3.490098e+00  1.510000e+00
     vertex  5.029264e+00  3.227882e+00  1.510000e+00
     vertex  5.029264e+00  3.522118e+00  1.510000e+00
   endloop
 endfacet
 facet normal  0.000000e+00  0.000000e+00  1.000000e+00
   outer loop
     vertex  2.647118e+00  1.145736e+00  1.545000e+00
     vertex  2.615098e+00  1.078810e+00  1.545000e+00
     vertex  2.635311e+00  1.110262e+00  1.545000e+00
   endloop
 endfacet
 facet normal  0.000000e+00  0.000000e+00  1.000000e+00
   outer loop
     vertex  2.647118e+00  1.145736e+00  1.545000e+00
     vertex  2.587734e+00  1.053333e+00  1.545000e+00
     vertex  2.615098e+00  1.078810e+00  1.545000e+00
   endloop
 endfacet
 facet normal  0.000000e+00  0.000000e+00  1.000000e+00
   outer loop
     vertex  2.647118e+00  1.145736e+00  1.545000e+00
     vertex  2.554920e+00  1.035415e+00  1.545000e+00
     vertex  2.587734e+00  1.053333e+00  1.545000e+00
   endloop
 endfacet
 facet normal  0.000000e+00  0.000000e+00  1.000000e+00
   outer loop
     vertex  2.647118e+00  1.145736e+00  1.545000e+00
     vertex  2.518694e+00  1.026169e+00  1.545000e+00
     vertex  2.554920e+00  1.035415e+00  1.545000e+00
   endloop
 endfacet
 facet normal  0.000000e+00  0.000000e+00  1.000000e+00
   outer loop
     vertex  2.647118e+00  1.145736e+00  1.545000e+00
     vertex  2.481306e+00  1.026169e+00  1.545000e+00
     vertex  2.518694e+00  1.026169e+00  1.545000e+00
   endloop
 endfacet
 facet normal  0.000000e+00  0.000000e+00  1.000000e+00
   outer loop
     vertex  2.647118e+00  1.145736e+00  1.545000e+00
     vertex  2.445080e+00  1.035415e+00  1.545000e+00
     vertex  2.481306e+00  1.026169e+00  1.545000e+00
   endloop
 endfacet
 facet normal  0.000000e+00  0.000000e+00  1.000000e+00
   outer loop
     vertex  2.647118e+00  1.145736e+00  1.545000e+00
     vertex  2.412266e+00  1.053333e+00  1.545000e+00
     vertex  2.445080e+00  1.035415e+00  1.545000e+00
   endloop
 endfacet
 facet normal  0.000000e+00  0.000000e+00  1.000000e+00
   outer loop
     vertex  2.647118e+00  1.145736e+00  1.545000e+00
     vertex  2.384902e+00  1.078810e+00  1.545000e+00
     vertex  2.412266e+00  1.053333e+00  1.545000e+00
   endloop
 endfacet
 facet normal  0.000000e+00  0.000000e+00  1.000000e+00
   outer loop
     vertex  2.647118e+00  1.145736e+00  1.545000e+00
     vertex  2.364689e+00  1.110262e+00  1.545000e+00
     vertex  2.384902e+00  1.078810e+00  1.545000e+00
   endloop
 endfacet
 facet normal  0.000000e+00  0.000000e+00  1.000000e+00
   outer loop
     vertex  2.647118e+00  1.145736e+00  1.545000e+00
     vertex  2.352882e+00  1.145736e+00  1.545000e+00
     vertex  2.364689e+00  1.110262e+00  1.545000e+00
   endloop
 endfacet
 facet normal  0.000000e+00  0.000000e+00  1.000000e+00
   outer loop
     vertex  2.650000e+00  3.225000e+00  1.545000e+00
     vertex  2.352882e+00  1.145736e+00  1.545000e+00
     vertex  2.647118e+00  1.145736e+00  1.545000e+00
   endloop
 endfacet
 facet normal  0.000000e+00  0.000000e+00  1.000000e+00
   outer loop
     vertex  2.352882e+00  3.554264e+00  1.545000e+00
     vertex  2.352882e+00  1.145736e+00  1.545000e+00
     vertex  2.650000e+00  3.225000e+00  1.545000e+00
   endloop
 endfacet
 facet normal  0.000000e+00  0.000000e+00  1.000000e+00
   outer loop
     vertex  2.448696e+00  3.665954e+00  1.545000e+00
     vertex  2.416664e+00  3.649720e+00  1.545000e+00
     vertex  2.375280e+00  3.608336e+00  1.545000e+00
   endloop
 endfacet
 facet normal  0.000000e+00  0.000000e+00  1.000000e+00
   outer loop
     vertex  2.483670e+00  3.674108e+00  1.545000e+00
     vertex  2.448696e+00  3.665954e+00  1.545000e+00
     vertex  2.375280e+00  3.608336e+00  1.545000e+00
   endloop
 endfacet
 facet normal  0.000000e+00  0.000000e+00  1.000000e+00
   outer loop
     vertex  2.650000e+00  3.525000e+00  1.545000e+00
     vertex  2.375280e+00  3.608336e+00  1.545000e+00
     vertex  2.352882e+00  3.554264e+00  1.545000e+00
   endloop
 endfacet
 facet normal  0.000000e+00  0.000000e+00  1.000000e+00
   outer loop
     vertex  2.650000e+00  3.525000e+00  1.545000e+00
     vertex  2.352882e+00  3.554264e+00  1.545000e+00
     vertex  2.650000e+00  3.225000e+00  1.545000e+00
   endloop
 endfacet
 facet normal  0.000000e+00  0.000000e+00  1.000000e+00
   outer loop
     vertex  2.519579e+00  3.673717e+00  1.545000e+00
     vertex  2.483670e+00  3.674108e+00  1.545000e+00
     vertex  2.375280e+00  3.608336e+00  1.545000e+00
   endloop
 endfacet
 facet normal  0.000000e+00  0.000000e+00  1.000000e+00
   outer loop
     vertex  2.645701e+00  3.560653e+00  1.545000e+00
     vertex  2.375280e+00  3.608336e+00  1.545000e+00
     vertex  2.650000e+00  3.525000e+00  1.545000e+00
   endloop
 endfacet
 facet normal  0.000000e+00  0.000000e+00  1.000000e+00
   outer loop
     vertex  2.554365e+00  3.664801e+00  1.545000e+00
     vertex  2.519579e+00  3.673717e+00  1.545000e+00
     vertex  2.375280e+00  3.608336e+00  1.545000e+00
   endloop
 endfacet
 facet normal  0.000000e+00  0.000000e+00  1.000000e+00
   outer loop
     vertex  2.633052e+00  3.594262e+00  1.545000e+00
     vertex  2.375280e+00  3.608336e+00  1.545000e+00
     vertex  2.645701e+00  3.560653e+00  1.545000e+00
   endloop
 endfacet
 facet normal  0.000000e+00  0.000000e+00  1.000000e+00
   outer loop
     vertex  2.586036e+00  3.647873e+00  1.545000e+00
     vertex  2.554365e+00  3.664801e+00  1.545000e+00
     vertex  2.375280e+00  3.608336e+00  1.545000e+00
   endloop
 endfacet
 facet normal  0.000000e+00  0.000000e+00  1.000000e+00
   outer loop
     vertex  2.612776e+00  3.623902e+00  1.545000e+00
     vertex  2.375280e+00  3.608336e+00  1.545000e+00
     vertex  2.633052e+00  3.594262e+00  1.545000e+00
   endloop
 endfacet
 facet normal  0.000000e+00  0.000000e+00  1.000000e+00
   outer loop
     vertex  2.612776e+00  3.623902e+00  1.545000e+00
     vertex  2.586036e+00  3.647873e+00  1.545000e+00
     vertex  2.375280e+00  3.608336e+00  1.545000e+00
   endloop
 endfacet
 facet normal  0.000000e+00  0.000000e+00  1.000000e+00
   outer loop
     vertex  5.029264e+00  3.227882e+00  1.545000e+00
     vertex  2.650000e+00  3.525000e+00  1.545000e+00
     vertex  2.650000e+00  3.225000e+00  1.545000e+00
   endloop
 endfacet
 facet normal  0.000000e+00  0.000000e+00  1.000000e+00
   outer loop
     vertex  5.121667e+00  3.287266e+00  1.545000e+00
     vertex  5.064738e+00  3.239689e+00  1.545000e+00
     vertex  5.096190e+00  3.259902e+00  1.545000e+00
   endloop
 endfacet
 facet normal  0.000000e+00  0.000000e+00  1.000000e+00
   outer loop
     vertex  5.121667e+00  3.287266e+00  1.545000e+00
     vertex  5.029264e+00  3.227882e+00  1.545000e+00
     vertex  5.064738e+00  3.239689e+00  1.545000e+00
   endloop
 endfacet
 facet normal  0.000000e+00  0.000000e+00  1.000000e+00
   outer loop
     vertex  5.139585e+00  3.320080e+00  1.545000e+00
     vertex  5.029264e+00  3.227882e+00  1.545000e+00
     vertex  5.121667e+00  3.287266e+00  1.545000e+00
   endloop
 endfacet
 facet normal  0.000000e+00  0.000000e+00  1.000000e+00
   outer loop
     vertex  5.029264e+00  3.522118e+00  1.545000e+00
     vertex  2.650000e+00  3.525000e+00  1.545000e+00
     vertex  5.029264e+00  3.227882e+00  1.545000e+00
   endloop
 endfacet
 facet normal  0.000000e+00  0.000000e+00  1.000000e+00
   outer loop
     vertex  5.096190e+00  3.490098e+00  1.545000e+00
     vertex  5.029264e+00  3.227882e+00  1.545000e+00
     vertex  5.139585e+00  3.320080e+00  1.545000e+00
   endloop
 endfacet
 facet normal  0.000000e+00  0.000000e+00  1.000000e+00
   outer loop
     vertex  5.096190e+00  3.490098e+00  1.545000e+00
     vertex  5.064738e+00  3.510311e+00  1.545000e+00
     vertex  5.029264e+00  3.522118e+00  1.545000e+00
   endloop
 endfacet
 facet normal  0.000000e+00  0.000000e+00  1.000000e+00
   outer loop
     vertex  5.096190e+00  3.490098e+00  1.545000e+00
     vertex  5.139585e+00  3.429920e+00  1.545000e+00
     vertex  5.121667e+00  3.462734e+00  1.545000e+00
   endloop
 endfacet
 facet normal  0.000000e+00  0.000000e+00  1.000000e+00
   outer loop
     vertex  5.096190e+00  3.490098e+00  1.545000e+00
     vertex  5.148831e+00  3.393694e+00  1.545000e+00
     vertex  5.139585e+00  3.429920e+00  1.545000e+00
   endloop
 endfacet
 facet normal  0.000000e+00  0.000000e+00  1.000000e+00
   outer loop
     vertex  5.096190e+00  3.490098e+00  1.545000e+00
     vertex  5.148831e+00  3.356306e+00  1.545000e+00
     vertex  5.148831e+00  3.393694e+00  1.545000e+00
   endloop
 endfacet
 facet normal  0.000000e+00  0.000000e+00  1.000000e+00
   outer loop
     vertex  5.096190e+00  3.490098e+00  1.545000e+00
     vertex  5.139585e+00  3.320080e+00  1.545000e+00
     vertex  5.148831e+00  3.356306e+00  1.545000e+00
   endloop
 endfacet
 facet normal  0.000000e+00  0.000000e+00  1.000000e+00
   outer loop
     vertex  5.096190e+00  3.490098e+00  1.545000e+00
     vertex  5.029264e+00  3.522118e+00  1.545000e+00
     vertex  5.029264e+00  3.227882e+00  1.545000e+00
   endloop
 endfacet
 facet normal  9.238792e-01  3.826843e-01  0.000000e+00
   outer loop
     vertex  1.147118e+00  1.920426e+01  1.510000e+00
     vertex  1.124721e+00  1.925833e+01  1.510000e+00
     vertex  1.124721e+00  1.925833e+01  1.545000e+00
   endloop
 endfacet
 facet normal  9.238792e-01  3.826843e-01 -0.000000e+00
   outer loop
     vertex  1.147118e+00  1.920426e+01  1.510000e+00
     vertex  1.124721e+00  1.925833e+01  1.545000e+00
     vertex  1.147118e+00  1.920426e+01  1.545000e+00
   endloop
 endfacet
 facet normal  1.000000e+00  0.000000e+00  0.000000e+00
   outer loop
     vertex  1.147118e+00  1.714574e+01  1.510000e+00
     vertex  1.147118e+00  1.920426e+01  1.510000e+00
     vertex  1.147118e+00  1.920426e+01  1.545000e+00
   endloop
 endfacet
 facet normal  1.000000e+00  0.000000e+00  0.000000e+00
   outer loop
     vertex  1.147118e+00  1.714574e+01  1.510000e+00
     vertex  1.147118e+00  1.920426e+01  1.545000e+00
     vertex  1.147118e+00  1.714574e+01  1.545000e+00
   endloop
 endfacet
 facet normal  9.238817e-01 -3.826782e-01  0.000000e+00
   outer loop
     vertex  1.124721e+00  1.709166e+01  1.510000e+00
     vertex  1.147118e+00  1.714574e+01  1.510000e+00
     vertex  1.147118e+00  1.714574e+01  1.545000e+00
   endloop
 endfacet
 facet normal  9.238817e-01 -3.826782e-01  0.000000e+00
   outer loop
     vertex  1.124721e+00  1.709166e+01  1.510000e+00
     vertex  1.147118e+00  1.714574e+01  1.545000e+00
     vertex  1.124721e+00  1.709166e+01  1.545000e+00
   endloop
 endfacet
 facet normal  7.085806e-01 -7.056299e-01  0.000000e+00
   outer loop
     vertex  1.500000e-01  1.611287e+01  1.510000e+00
     vertex  1.124721e+00  1.709166e+01  1.510000e+00
     vertex  1.124721e+00  1.709166e+01  1.545000e+00
   endloop
 endfacet
 facet normal  7.085806e-01 -7.056299e-01  0.000000e+00
   outer loop
     vertex  1.500000e-01  1.611287e+01  1.510000e+00
     vertex  1.124721e+00  1.709166e+01  1.545000e+00
     vertex  1.500000e-01  1.611287e+01  1.545000e+00
   endloop
 endfacet
 facet normal  1.000000e+00  0.000000e+00  0.000000e+00
   outer loop
     vertex  1.500000e-01  1.221213e+01  1.510000e+00
     vertex  1.500000e-01  1.611287e+01  1.510000e+00
     vertex  1.500000e-01  1.611287e+01  1.545000e+00
   endloop
 endfacet
 facet normal  1.000000e+00  0.000000e+00  0.000000e+00
   outer loop
     vertex  1.500000e-01  1.221213e+01  1.510000e+00
     vertex  1.500000e-01  1.611287e+01  1.545000e+00
     vertex  1.500000e-01  1.221213e+01  1.545000e+00
   endloop
 endfacet
 facet normal  7.082805e-01  7.059311e-01  0.000000e+00
   outer loop
     vertex  1.374721e+00  1.098334e+01  1.510000e+00
     vertex  1.500000e-01  1.221213e+01  1.510000e+00
     vertex  1.500000e-01  1.221213e+01  1.545000e+00
   endloop
 endfacet
 facet normal  7.082805e-01  7.059311e-01 -0.000000e+00
   outer loop
     vertex  1.374721e+00  1.098334e+01  1.510000e+00
     vertex  1.500000e-01  1.221213e+01  1.545000e+00
     vertex  1.374721e+00  1.098334e+01  1.545000e+00
   endloop
 endfacet
 facet normal  8.942273e-01  4.476131e-01  0.000000e+00
   outer loop
     vertex  1.391456e+00  1.094990e+01  1.510000e+00
     vertex  1.374721e+00  1.098334e+01  1.510000e+00
     vertex  1.374721e+00  1.098334e+01  1.545000e+00
   endloop
 endfacet
 facet normal  8.942273e-01  4.476131e-01 -0.000000e+00
   outer loop
     vertex  1.391456e+00  1.094990e+01  1.510000e+00
     vertex  1.374721e+00  1.098334e+01  1.545000e+00
     vertex  1.391456e+00  1.094990e+01  1.545000e+00
   endloop
 endfacet
 facet normal  9.771476e-01  2.125617e-01 -0.000000e+00
   outer loop
     vertex  1.399403e+00  1.091337e+01  1.510000e+00
     vertex  1.391456e+00  1.094990e+01  1.545000e+00
     vertex  1.399403e+00  1.091337e+01  1.545000e+00
   endloop
 endfacet
 facet normal  9.771476e-01  2.125617e-01  0.000000e+00
   outer loop
     vertex  1.399403e+00  1.091337e+01  1.510000e+00
     vertex  1.391456e+00  1.094990e+01  1.510000e+00
     vertex  1.391456e+00  1.094990e+01  1.545000e+00
   endloop
 endfacet
 facet normal  9.993627e-01 -3.569508e-02  0.000000e+00
   outer loop
     vertex  1.398069e+00  1.087601e+01  1.510000e+00
     vertex  1.399403e+00  1.091337e+01  1.545000e+00
     vertex  1.398069e+00  1.087601e+01  1.545000e+00
   endloop
 endfacet
 facet normal  9.993627e-01 -3.569508e-02  0.000000e+00
   outer loop
     vertex  1.398069e+00  1.087601e+01  1.510000e+00
     vertex  1.399403e+00  1.091337e+01  1.510000e+00
     vertex  1.399403e+00  1.091337e+01  1.545000e+00
   endloop
 endfacet
 facet normal  9.594925e-01 -2.817343e-01  0.000000e+00
   outer loop
     vertex  1.387535e+00  1.084013e+01  1.510000e+00
     vertex  1.398069e+00  1.087601e+01  1.545000e+00
     vertex  1.387535e+00  1.084013e+01  1.545000e+00
   endloop
 endfacet
 facet normal  9.594925e-01 -2.817343e-01  0.000000e+00
   outer loop
     vertex  1.387535e+00  1.084013e+01  1.510000e+00
     vertex  1.398069e+00  1.087601e+01  1.510000e+00
     vertex  1.398069e+00  1.087601e+01  1.545000e+00
   endloop
 endfacet
 facet normal  8.600138e-01 -5.102708e-01  0.000000e+00
   outer loop
     vertex  1.368458e+00  1.080798e+01  1.510000e+00
     vertex  1.387535e+00  1.084013e+01  1.545000e+00
     vertex  1.368458e+00  1.080798e+01  1.545000e+00
   endloop
 endfacet
 facet normal  8.600138e-01 -5.102708e-01  0.000000e+00
   outer loop
     vertex  1.368458e+00  1.080798e+01  1.510000e+00
     vertex  1.387535e+00  1.084013e+01  1.510000e+00
     vertex  1.387535e+00  1.084013e+01  1.545000e+00
   endloop
 endfacet
 facet normal  7.071068e-01 -7.071068e-01  0.000000e+00
   outer loop
     vertex  1.342021e+00  1.078154e+01  1.510000e+00
     vertex  1.368458e+00  1.080798e+01  1.545000e+00
     vertex  1.342021e+00  1.078154e+01  1.545000e+00
   endloop
 endfacet
 facet normal  7.071068e-01 -7.071068e-01  0.000000e+00
   outer loop
     vertex  1.342021e+00  1.078154e+01  1.510000e+00
     vertex  1.368458e+00  1.080798e+01  1.510000e+00
     vertex  1.368458e+00  1.080798e+01  1.545000e+00
   endloop
 endfacet
 facet normal  5.102708e-01 -8.600138e-01  0.000000e+00
   outer loop
     vertex  1.309867e+00  1.076246e+01  1.510000e+00
     vertex  1.342021e+00  1.078154e+01  1.545000e+00
     vertex  1.309867e+00  1.076246e+01  1.545000e+00
   endloop
 endfacet
 facet normal  5.102708e-01 -8.600138e-01  0.000000e+00
   outer loop
     vertex  1.309867e+00  1.076246e+01  1.510000e+00
     vertex  1.342021e+00  1.078154e+01  1.510000e+00
     vertex  1.342021e+00  1.078154e+01  1.545000e+00
   endloop
 endfacet
 facet normal  2.817343e-01 -9.594925e-01  0.000000e+00
   outer loop
     vertex  1.273994e+00  1.075193e+01  1.510000e+00
     vertex  1.309867e+00  1.076246e+01  1.545000e+00
     vertex  1.273994e+00  1.075193e+01  1.545000e+00
   endloop
 endfacet
 facet normal  2.817343e-01 -9.594925e-01  0.000000e+00
   outer loop
     vertex  1.273994e+00  1.075193e+01  1.510000e+00
     vertex  1.309867e+00  1.076246e+01  1.510000e+00
     vertex  1.309867e+00  1.076246e+01  1.545000e+00
   endloop
 endfacet
 facet normal  3.569508e-02 -9.993627e-01  0.000000e+00
   outer loop
     vertex  1.236631e+00  1.075060e+01  1.510000e+00
     vertex  1.273994e+00  1.075193e+01  1.545000e+00
     vertex  1.236631e+00  1.075060e+01  1.545000e+00
   endloop
 endfacet
 facet normal  3.569508e-02 -9.993627e-01  0.000000e+00
   outer loop
     vertex  1.236631e+00  1.075060e+01  1.510000e+00
     vertex  1.273994e+00  1.075193e+01  1.510000e+00
     vertex  1.273994e+00  1.075193e+01  1.545000e+00
   endloop
 endfacet
 facet normal -2.125617e-01 -9.771476e-01  0.000000e+00
   outer loop
     vertex  1.200098e+00  1.075854e+01  1.510000e+00
     vertex  1.236631e+00  1.075060e+01  1.545000e+00
     vertex  1.200098e+00  1.075854e+01  1.545000e+00
   endloop
 endfacet
 facet normal -2.125617e-01 -9.771476e-01  0.000000e+00
   outer loop
     vertex  1.200098e+00  1.075854e+01  1.510000e+00
     vertex  1.236631e+00  1.075060e+01  1.510000e+00
     vertex  1.236631e+00  1.075060e+01  1.545000e+00
   endloop
 endfacet
 facet normal -4.476131e-01 -8.942273e-01  0.000000e+00
   outer loop
     vertex  1.166665e+00  1.077528e+01  1.510000e+00
     vertex  1.200098e+00  1.075854e+01  1.545000e+00
     vertex  1.166665e+00  1.077528e+01  1.545000e+00
   endloop
 endfacet
 facet normal -4.476131e-01 -8.942273e-01  0.000000e+00
   outer loop
     vertex  1.166665e+00  1.077528e+01  1.510000e+00
     vertex  1.200098e+00  1.075854e+01  1.510000e+00
     vertex  1.200098e+00  1.075854e+01  1.545000e+00
   endloop
 endfacet
 facet normal -7.071068e-01 -7.071068e-01  0.000000e+00
   outer loop
     vertex -1.247210e-01  1.206667e+01  1.510000e+00
     vertex  1.166665e+00  1.077528e+01  1.510000e+00
     vertex  1.166665e+00  1.077528e+01  1.545000e+00
   endloop
 endfacet
 facet normal -7.071068e-01 -7.071068e-01  0.000000e+00
   outer loop
     vertex -1.247210e-01  1.206667e+01  1.510000e+00
     vertex  1.166665e+00  1.077528e+01  1.545000e+00
     vertex -1.247210e-01  1.206667e+01  1.545000e+00
   endloop
 endfacet
 facet normal -9.238817e-01 -3.826782e-01  0.000000e+00
   outer loop
     vertex -1.471180e-01  1.212074e+01  1.510000e+00
     vertex -1.247210e-01  1.206667e+01  1.510000e+00
     vertex -1.247210e-01  1.206667e+01  1.545000e+00
   endloop
 endfacet
 facet normal -9.238817e-01 -3.826782e-01  0.000000e+00
   outer loop
     vertex -1.471180e-01  1.212074e+01  1.510000e+00
     vertex -1.247210e-01  1.206667e+01  1.545000e+00
     vertex -1.471180e-01  1.212074e+01  1.545000e+00
   endloop
 endfacet
 facet normal -1.000000e+00  0.000000e+00  0.000000e+00
   outer loop
     vertex -1.471180e-01  1.620426e+01  1.510000e+00
     vertex -1.471180e-01  1.212074e+01  1.510000e+00
     vertex -1.471180e-01  1.212074e+01  1.545000e+00
   endloop
 endfacet
 facet normal -1.000000e+00  0.000000e+00  0.000000e+00
   outer loop
     vertex -1.471180e-01  1.620426e+01  1.510000e+00
     vertex -1.471180e-01  1.212074e+01  1.545000e+00
     vertex -1.471180e-01  1.620426e+01  1.545000e+00
   endloop
 endfacet
 facet normal -9.238792e-01  3.826843e-01  0.000000e+00
   outer loop
     vertex -1.247210e-01  1.625833e+01  1.510000e+00
     vertex -1.471180e-01  1.620426e+01  1.510000e+00
     vertex -1.471180e-01  1.620426e+01  1.545000e+00
   endloop
 endfacet
 facet normal -9.238792e-01  3.826843e-01  0.000000e+00
   outer loop
     vertex -1.247210e-01  1.625833e+01  1.510000e+00
     vertex -1.471180e-01  1.620426e+01  1.545000e+00
     vertex -1.247210e-01  1.625833e+01  1.545000e+00
   endloop
 endfacet
 facet normal -7.085806e-01  7.056299e-01  0.000000e+00
   outer loop
     vertex  8.500000e-01  1.723713e+01  1.510000e+00
     vertex -1.247210e-01  1.625833e+01  1.510000e+00
     vertex -1.247210e-01  1.625833e+01  1.545000e+00
   endloop
 endfacet
 facet normal -7.085806e-01  7.056299e-01  0.000000e+00
   outer loop
     vertex  8.500000e-01  1.723713e+01  1.510000e+00
     vertex -1.247210e-01  1.625833e+01  1.545000e+00
     vertex  8.500000e-01  1.723713e+01  1.545000e+00
   endloop
 endfacet
 facet normal -1.000000e+00  0.000000e+00  0.000000e+00
   outer loop
     vertex  8.500000e-01  1.911287e+01  1.510000e+00
     vertex  8.500000e-01  1.723713e+01  1.510000e+00
     vertex  8.500000e-01  1.723713e+01  1.545000e+00
   endloop
 endfacet
 facet normal -1.000000e+00  0.000000e+00  0.000000e+00
   outer loop
     vertex  8.500000e-01  1.911287e+01  1.510000e+00
     vertex  8.500000e-01  1.723713e+01  1.545000e+00
     vertex  8.500000e-01  1.911287e+01  1.545000e+00
   endloop
 endfacet
 facet normal -7.085806e-01 -7.056299e-01  0.000000e+00
   outer loop
     vertex -1.247210e-01  2.009166e+01  1.510000e+00
     vertex  8.500000e-01  1.911287e+01  1.510000e+00
     vertex  8.500000e-01  1.911287e+01  1.545000e+00
   endloop
 endfacet
 facet normal -7.085806e-01 -7.056299e-01  0.000000e+00
   outer loop
     vertex -1.247210e-01  2.009166e+01  1.510000e+00
     vertex  8.500000e-01  1.911287e+01  1.545000e+00
     vertex -1.247210e-01  2.009166e+01  1.545000e+00
   endloop
 endfacet
 facet normal -8.942276e-01 -4.476125e-01  0.000000e+00
   outer loop
     vertex -1.414560e-01  2.012510e+01  1.510000e+00
     vertex -1.247210e-01  2.009166e+01  1.510000e+00
     vertex -1.247210e-01  2.009166e+01  1.545000e+00
   endloop
 endfacet
 facet normal -8.942276e-01 -4.476125e-01  0.000000e+00
   outer loop
     vertex -1.414560e-01  2.012510e+01  1.510000e+00
     vertex -1.247210e-01  2.009166e+01  1.545000e+00
     vertex -1.414560e-01  2.012510e+01  1.545000e+00
   endloop
 endfacet
 facet normal -9.771478e-01 -2.125612e-01  0.000000e+00
   outer loop
     vertex -1.494031e-01  2.016163e+01  1.510000e+00
     vertex -1.414560e-01  2.012510e+01  1.545000e+00
     vertex -1.494031e-01  2.016163e+01  1.545000e+00
   endloop
 endfacet
 facet normal -9.771478e-01 -2.125612e-01  0.000000e+00
   outer loop
     vertex -1.494031e-01  2.016163e+01  1.510000e+00
     vertex -1.414560e-01  2.012510e+01  1.510000e+00
     vertex -1.414560e-01  2.012510e+01  1.545000e+00
   endloop
 endfacet
 facet normal -9.993627e-01  3.569547e-02  0.000000e+00
   outer loop
     vertex -1.480686e-01  2.019899e+01  1.510000e+00
     vertex -1.494031e-01  2.016163e+01  1.545000e+00
     vertex -1.480686e-01  2.019899e+01  1.545000e+00
   endloop
 endfacet
 facet normal -9.993627e-01  3.569547e-02  0.000000e+00
   outer loop
     vertex -1.480686e-01  2.019899e+01  1.510000e+00
     vertex -1.494031e-01  2.016163e+01  1.510000e+00
     vertex -1.494031e-01  2.016163e+01  1.545000e+00
   endloop
 endfacet
 facet normal -9.594924e-01  2.817346e-01  0.000000e+00
   outer loop
     vertex -1.375353e-01  2.023487e+01  1.510000e+00
     vertex -1.480686e-01  2.019899e+01  1.545000e+00
     vertex -1.375353e-01  2.023487e+01  1.545000e+00
   endloop
 endfacet
 facet normal -9.594924e-01  2.817346e-01  0.000000e+00
   outer loop
     vertex -1.375353e-01  2.023487e+01  1.510000e+00
     vertex -1.480686e-01  2.019899e+01  1.510000e+00
     vertex -1.480686e-01  2.019899e+01  1.545000e+00
   endloop
 endfacet
 facet normal -8.600137e-01  5.102709e-01  0.000000e+00
   outer loop
     vertex -1.184576e-01  2.026702e+01  1.510000e+00
     vertex -1.375353e-01  2.023487e+01  1.545000e+00
     vertex -1.184576e-01  2.026702e+01  1.545000e+00
   endloop
 endfacet
 facet normal -8.600137e-01  5.102709e-01  0.000000e+00
   outer loop
     vertex -1.184576e-01  2.026702e+01  1.510000e+00
     vertex -1.375353e-01  2.023487e+01  1.510000e+00
     vertex -1.375353e-01  2.023487e+01  1.545000e+00
   endloop
 endfacet
 facet normal -7.071068e-01  7.071068e-01  0.000000e+00
   outer loop
     vertex -9.202076e-02  2.029346e+01  1.510000e+00
     vertex -1.184576e-01  2.026702e+01  1.545000e+00
     vertex -9.202076e-02  2.029346e+01  1.545000e+00
   endloop
 endfacet
 facet normal -7.071068e-01  7.071068e-01  0.000000e+00
   outer loop
     vertex -9.202076e-02  2.029346e+01  1.510000e+00
     vertex -1.184576e-01  2.026702e+01  1.510000e+00
     vertex -1.184576e-01  2.026702e+01  1.545000e+00
   endloop
 endfacet
 facet normal -5.102709e-01  8.600137e-01  0.000000e+00
   outer loop
     vertex -5.986713e-02  2.031254e+01  1.510000e+00
     vertex -9.202076e-02  2.029346e+01  1.545000e+00
     vertex -5.986713e-02  2.031254e+01  1.545000e+00
   endloop
 endfacet
 facet normal -5.102709e-01  8.600137e-01  0.000000e+00
   outer loop
     vertex -5.986713e-02  2.031254e+01  1.510000e+00
     vertex -9.202076e-02  2.029346e+01  1.510000e+00
     vertex -9.202076e-02  2.029346e+01  1.545000e+00
   endloop
 endfacet
 facet normal -2.817346e-01  9.594924e-01  0.000000e+00
   outer loop
     vertex -2.399426e-02  2.032307e+01  1.510000e+00
     vertex -5.986713e-02  2.031254e+01  1.545000e+00
     vertex -2.399426e-02  2.032307e+01  1.545000e+00
   endloop
 endfacet
 facet normal -2.817346e-01  9.594924e-01  0.000000e+00
   outer loop
     vertex -2.399426e-02  2.032307e+01  1.510000e+00
     vertex -5.986713e-02  2.031254e+01  1.510000e+00
     vertex -5.986713e-02  2.031254e+01  1.545000e+00
   endloop
 endfacet
 facet normal -3.569547e-02  9.993627e-01  0.000000e+00
   outer loop
     vertex  1.336925e-02  2.032440e+01  1.510000e+00
     vertex -2.399426e-02  2.032307e+01  1.545000e+00
     vertex  1.336925e-02  2.032440e+01  1.545000e+00
   endloop
 endfacet
 facet normal -3.569547e-02  9.993627e-01  0.000000e+00
   outer loop
     vertex  1.336925e-02  2.032440e+01  1.510000e+00
     vertex -2.399426e-02  2.032307e+01  1.510000e+00
     vertex -2.399426e-02  2.032307e+01  1.545000e+00
   endloop
 endfacet
 facet normal  2.125612e-01  9.771478e-01 -0.000000e+00
   outer loop
     vertex  4.990221e-02  2.031646e+01  1.510000e+00
     vertex  1.336925e-02  2.032440e+01  1.545000e+00
     vertex  4.990221e-02  2.031646e+01  1.545000e+00
   endloop
 endfacet
 facet normal  2.125612e-01  9.771478e-01  0.000000e+00
   outer loop
     vertex  4.990221e-02  2.031646e+01  1.510000e+00
     vertex  1.336925e-02  2.032440e+01  1.510000e+00
     vertex  1.336925e-02  2.032440e+01  1.545000e+00
   endloop
 endfacet
 facet normal  4.476125e-01  8.942276e-01 -0.000000e+00
   outer loop
     vertex  8.333500e-02  2.029972e+01  1.510000e+00
     vertex  4.990221e-02  2.031646e+01  1.545000e+00
     vertex  8.333500e-02  2.029972e+01  1.545000e+00
   endloop
 endfacet
 facet normal  4.476125e-01  8.942276e-01  0.000000e+00
   outer loop
     vertex  8.333500e-02  2.029972e+01  1.510000e+00
     vertex  4.990221e-02  2.031646e+01  1.510000e+00
     vertex  4.990221e-02  2.031646e+01  1.545000e+00
   endloop
 endfacet
 facet normal  7.071068e-01  7.071068e-01  0.000000e+00
   outer loop
     vertex  1.124721e+00  1.925833e+01  1.510000e+00
     vertex  8.333500e-02  2.029972e+01  1.510000e+00
     vertex  8.333500e-02  2.029972e+01  1.545000e+00
   endloop
 endfacet
 facet normal  7.071068e-01  7.071068e-01 -0.000000e+00
   outer loop
     vertex  1.124721e+00  1.925833e+01  1.510000e+00
     vertex  8.333500e-02  2.029972e+01  1.545000e+00
     vertex  1.124721e+00  1.925833e+01  1.545000e+00
   endloop
 endfacet
 facet normal  0.000000e+00  0.000000e+00 -1.000000e+00
   outer loop
     vertex  1.309867e+00  1.076246e+01  1.510000e+00
     vertex  1.273994e+00  1.075193e+01  1.510000e+00
     vertex  1.236631e+00  1.075060e+01  1.510000e+00
   endloop
 endfacet
 facet normal  0.000000e+00  0.000000e+00 -1.000000e+00
   outer loop
     vertex  1.368458e+00  1.080798e+01  1.510000e+00
     vertex  1.342021e+00  1.078154e+01  1.510000e+00
     vertex  1.309867e+00  1.076246e+01  1.510000e+00
   endloop
 endfacet
 facet normal  0.000000e+00  0.000000e+00 -1.000000e+00
   outer loop
     vertex  1.368458e+00  1.080798e+01  1.510000e+00
     vertex  1.236631e+00  1.075060e+01  1.510000e+00
     vertex  1.200098e+00  1.075854e+01  1.510000e+00
   endloop
 endfacet
 facet normal  0.000000e+00  0.000000e+00 -1.000000e+00
   outer loop
     vertex  1.368458e+00  1.080798e+01  1.510000e+00
     vertex  1.309867e+00  1.076246e+01  1.510000e+00
     vertex  1.236631e+00  1.075060e+01  1.510000e+00
   endloop
 endfacet
 facet normal  0.000000e+00  0.000000e+00 -1.000000e+00
   outer loop
     vertex  1.398069e+00  1.087601e+01  1.510000e+00
     vertex  1.387535e+00  1.084013e+01  1.510000e+00
     vertex  1.368458e+00  1.080798e+01  1.510000e+00
   endloop
 endfacet
 facet normal  0.000000e+00  0.000000e+00 -1.000000e+00
   outer loop
     vertex  1.398069e+00  1.087601e+01  1.510000e+00
     vertex  1.200098e+00  1.075854e+01  1.510000e+00
     vertex  1.166665e+00  1.077528e+01  1.510000e+00
   endloop
 endfacet
 facet normal  0.000000e+00  0.000000e+00 -1.000000e+00
   outer loop
     vertex  1.398069e+00  1.087601e+01  1.510000e+00
     vertex  1.368458e+00  1.080798e+01  1.510000e+00
     vertex  1.200098e+00  1.075854e+01  1.510000e+00
   endloop
 endfacet
 facet normal  0.000000e+00  0.000000e+00 -1.000000e+00
   outer loop
     vertex  1.391456e+00  1.094990e+01  1.510000e+00
     vertex  1.399403e+00  1.091337e+01  1.510000e+00
     vertex  1.398069e+00  1.087601e+01  1.510000e+00
   endloop
 endfacet
 facet normal  0.000000e+00 -0.000000e+00 -1.000000e+00
   outer loop
     vertex  1.374721e+00  1.098334e+01  1.510000e+00
     vertex  1.398069e+00  1.087601e+01  1.510000e+00
     vertex  1.166665e+00  1.077528e+01  1.510000e+00
   endloop
 endfacet
 facet normal  0.000000e+00  0.000000e+00 -1.000000e+00
   outer loop
     vertex  1.374721e+00  1.098334e+01  1.510000e+00
     vertex  1.391456e+00  1.094990e+01  1.510000e+00
     vertex  1.398069e+00  1.087601e+01  1.510000e+00
   endloop
 endfacet
 facet normal  0.000000e+00  0.000000e+00 -1.000000e+00
   outer loop
     vertex  1.500000e-01  1.221213e+01  1.510000e+00
     vertex -1.247210e-01  1.206667e+01  1.510000e+00
     vertex -1.471180e-01  1.212074e+01  1.510000e+00
   endloop
 endfacet
 facet normal  0.000000e+00 -0.000000e+00 -1.000000e+00
   outer loop
     vertex  1.500000e-01  1.221213e+01  1.510000e+00
     vertex  1.166665e+00  1.077528e+01  1.510000e+00
     vertex -1.247210e-01  1.206667e+01  1.510000e+00
   endloop
 endfacet
 facet normal  0.000000e+00  0.000000e+00 -1.000000e+00
   outer loop
     vertex  1.500000e-01  1.221213e+01  1.510000e+00
     vertex  1.374721e+00  1.098334e+01  1.510000e+00
     vertex  1.166665e+00  1.077528e+01  1.510000e+00
   endloop
 endfacet
 facet normal  0.000000e+00  0.000000e+00 -1.000000e+00
   outer loop
     vertex  1.500000e-01  1.611287e+01  1.510000e+00
     vertex -1.471180e-01  1.620426e+01  1.510000e+00
     vertex -1.247210e-01  1.625833e+01  1.510000e+00
   endloop
 endfacet
 facet normal -0.000000e+00  0.000000e+00 -1.000000e+00
   outer loop
     vertex  1.500000e-01  1.611287e+01  1.510000e+00
     vertex -1.471180e-01  1.212074e+01  1.510000e+00
     vertex -1.471180e-01  1.620426e+01  1.510000e+00
   endloop
 endfacet
 facet normal  0.000000e+00 -0.000000e+00 -1.000000e+00
   outer loop
     vertex  1.500000e-01  1.611287e+01  1.510000e+00
     vertex  1.500000e-01  1.221213e+01  1.510000e+00
     vertex -1.471180e-01  1.212074e+01  1.510000e+00
   endloop
 endfacet
 facet normal  0.000000e+00  0.000000e+00 -1.000000e+00
   outer loop
     vertex  8.500000e-01  1.723713e+01  1.510000e+00
     vertex  1.500000e-01  1.611287e+01  1.510000e+00
     vertex -1.247210e-01  1.625833e+01  1.510000e+00
   endloop
 endfacet
 facet normal -0.000000e+00  0.000000e+00 -1.000000e+00
   outer loop
     vertex  1.124721e+00  1.709166e+01  1.510000e+00
     vertex  1.500000e-01  1.611287e+01  1.510000e+00
     vertex  8.500000e-01  1.723713e+01  1.510000e+00
   endloop
 endfacet
 facet normal -0.000000e+00  0.000000e+00 -1.000000e+00
   outer loop
     vertex  1.147118e+00  1.714574e+01  1.510000e+00
     vertex  1.124721e+00  1.709166e+01  1.510000e+00
     vertex  8.500000e-01  1.723713e+01  1.510000e+00
   endloop
 endfacet
 facet normal  0.000000e+00  0.000000e+00 -1.000000e+00
   outer loop
     vertex  8.500000e-01  1.911287e+01  1.510000e+00
     vertex  1.147118e+00  1.714574e+01  1.510000e+00
     vertex  8.500000e-01  1.723713e+01  1.510000e+00
   endloop
 endfacet
 facet normal  0.000000e+00  0.000000e+00 -1.000000e+00
   outer loop
     vertex -1.494031e-01  2.016163e+01  1.510000e+00
     vertex -1.247210e-01  2.009166e+01  1.510000e+00
     vertex -1.414560e-01  2.012510e+01  1.510000e+00
   endloop
 endfacet
 facet normal  0.000000e+00 -0.000000e+00 -1.000000e+00
   outer loop
     vertex -1.480686e-01  2.019899e+01  1.510000e+00
     vertex -1.247210e-01  2.009166e+01  1.510000e+00
     vertex -1.494031e-01  2.016163e+01  1.510000e+00
   endloop
 endfacet
 facet normal  0.000000e+00  0.000000e+00 -1.000000e+00
   outer loop
     vertex -1.184576e-01  2.026702e+01  1.510000e+00
     vertex -1.480686e-01  2.019899e+01  1.510000e+00
     vertex -1.375353e-01  2.023487e+01  1.510000e+00
   endloop
 endfacet
 facet normal  0.000000e+00  0.000000e+00 -1.000000e+00
   outer loop
     vertex -9.202076e-02  2.029346e+01  1.510000e+00
     vertex -1.480686e-01  2.019899e+01  1.510000e+00
     vertex -1.184576e-01  2.026702e+01  1.510000e+00
   endloop
 endfacet
 facet normal  0.000000e+00  0.000000e+00 -1.000000e+00
   outer loop
     vertex -5.986713e-02  2.031254e+01  1.510000e+00
     vertex -1.247210e-01  2.009166e+01  1.510000e+00
     vertex -1.480686e-01  2.019899e+01  1.510000e+00
   endloop
 endfacet
 facet normal  0.000000e+00  0.000000e+00 -1.000000e+00
   outer loop
     vertex -5.986713e-02  2.031254e+01  1.510000e+00
     vertex -1.480686e-01  2.019899e+01  1.510000e+00
     vertex -9.202076e-02  2.029346e+01  1.510000e+00
   endloop
 endfacet
 facet normal  0.000000e+00 -0.000000e+00 -1.000000e+00
   outer loop
     vertex  1.147118e+00  1.920426e+01  1.510000e+00
     vertex  1.147118e+00  1.714574e+01  1.510000e+00
     vertex  8.500000e-01  1.911287e+01  1.510000e+00
   endloop
 endfacet
 facet normal -0.000000e+00  0.000000e+00 -1.000000e+00
   outer loop
     vertex  4.990221e-02  2.031646e+01  1.510000e+00
     vertex -5.986713e-02  2.031254e+01  1.510000e+00
     vertex -2.399426e-02  2.032307e+01  1.510000e+00
   endloop
 endfacet
 facet normal  0.000000e+00  0.000000e+00 -1.000000e+00
   outer loop
     vertex  4.990221e-02  2.031646e+01  1.510000e+00
     vertex -2.399426e-02  2.032307e+01  1.510000e+00
     vertex  1.336925e-02  2.032440e+01  1.510000e+00
   endloop
 endfacet
 facet normal  0.000000e+00 -0.000000e+00 -1.000000e+00
   outer loop
     vertex  1.124721e+00  1.925833e+01  1.510000e+00
     vertex  1.147118e+00  1.920426e+01  1.510000e+00
     vertex  8.500000e-01  1.911287e+01  1.510000e+00
   endloop
 endfacet
 facet normal  0.000000e+00  0.000000e+00 -1.000000e+00
   outer loop
     vertex  8.333500e-02  2.029972e+01  1.510000e+00
     vertex -5.986713e-02  2.031254e+01  1.510000e+00
     vertex  4.990221e-02  2.031646e+01  1.510000e+00
   endloop
 endfacet
 facet normal  0.000000e+00  0.000000e+00 -1.000000e+00
   outer loop
     vertex  8.333500e-02  2.029972e+01  1.510000e+00
     vertex  1.124721e+00  1.925833e+01  1.510000e+00
     vertex  8.500000e-01  1.911287e+01  1.510000e+00
   endloop
 endfacet
 facet normal  0.000000e+00 -0.000000e+00 -1.000000e+00
   outer loop
     vertex  8.333500e-02  2.029972e+01  1.510000e+00
     vertex  8.500000e-01  1.911287e+01  1.510000e+00
     vertex -1.247210e-01  2.009166e+01  1.510000e+00
   endloop
 endfacet
 facet normal -0.000000e+00  0.000000e+00 -1.000000e+00
   outer loop
     vertex  8.333500e-02  2.029972e+01  1.510000e+00
     vertex -1.247210e-01  2.009166e+01  1.510000e+00
     vertex -5.986713e-02  2.031254e+01  1.510000e+00
   endloop
 endfacet
 facet normal  0.000000e+00  0.000000e+00  1.000000e+00
   outer loop
     vertex  1.309867e+00  1.076246e+01  1.545000e+00
     vertex  1.236631e+00  1.075060e+01  1.545000e+00
     vertex  1.273994e+00  1.075193e+01  1.545000e+00
   endloop
 endfacet
 facet normal  0.000000e+00  0.000000e+00  1.000000e+00
   outer loop
     vertex  1.368458e+00  1.080798e+01  1.545000e+00
     vertex  1.309867e+00  1.076246e+01  1.545000e+00
     vertex  1.342021e+00  1.078154e+01  1.545000e+00
   endloop
 endfacet
 facet normal  0.000000e+00  0.000000e+00  1.000000e+00
   outer loop
     vertex  1.368458e+00  1.080798e+01  1.545000e+00
     vertex  1.200098e+00  1.075854e+01  1.545000e+00
     vertex  1.236631e+00  1.075060e+01  1.545000e+00
   endloop
 endfacet
 facet normal  0.000000e+00  0.000000e+00  1.000000e+00
   outer loop
     vertex  1.368458e+00  1.080798e+01  1.545000e+00
     vertex  1.236631e+00  1.075060e+01  1.545000e+00
     vertex  1.309867e+00  1.076246e+01  1.545000e+00
   endloop
 endfacet
 facet normal  0.000000e+00  0.000000e+00  1.000000e+00
   outer loop
     vertex  1.398069e+00  1.087601e+01  1.545000e+00
     vertex  1.368458e+00  1.080798e+01  1.545000e+00
     vertex  1.387535e+00  1.084013e+01  1.545000e+00
   endloop
 endfacet
 facet normal  0.000000e+00  0.000000e+00  1.000000e+00
   outer loop
     vertex  1.398069e+00  1.087601e+01  1.545000e+00
     vertex  1.166665e+00  1.077528e+01  1.545000e+00
     vertex  1.200098e+00  1.075854e+01  1.545000e+00
   endloop
 endfacet
 facet normal  0.000000e+00  0.000000e+00  1.000000e+00
   outer loop
     vertex  1.398069e+00  1.087601e+01  1.545000e+00
     vertex  1.200098e+00  1.075854e+01  1.545000e+00
     vertex  1.368458e+00  1.080798e+01  1.545000e+00
   endloop
 endfacet
 facet normal  0.000000e+00  0.000000e+00  1.000000e+00
   outer loop
     vertex  1.391456e+00  1.094990e+01  1.545000e+00
     vertex  1.398069e+00  1.087601e+01  1.545000e+00
     vertex  1.399403e+00  1.091337e+01  1.545000e+00
   endloop
 endfacet
 facet normal  0.000000e+00  0.000000e+00  1.000000e+00
   outer loop
     vertex  1.374721e+00  1.098334e+01  1.545000e+00
     vertex  1.166665e+00  1.077528e+01  1.545000e+00
     vertex  1.398069e+00  1.087601e+01  1.545000e+00
   endloop
 endfacet
 facet normal  0.000000e+00  0.000000e+00  1.000000e+00
   outer loop
     vertex  1.374721e+00  1.098334e+01  1.545000e+00
     vertex  1.398069e+00  1.087601e+01  1.545000e+00
     vertex  1.391456e+00  1.094990e+01  1.545000e+00
   endloop
 endfacet
 facet normal  0.000000e+00  0.000000e+00  1.000000e+00
   outer loop
     vertex  1.500000e-01  1.221213e+01  1.545000e+00
     vertex -1.471180e-01  1.212074e+01  1.545000e+00
     vertex -1.247210e-01  1.206667e+01  1.545000e+00
   endloop
 endfacet
 facet normal  0.000000e+00  0.000000e+00  1.000000e+00
   outer loop
     vertex  1.500000e-01  1.221213e+01  1.545000e+00
     vertex -1.247210e-01  1.206667e+01  1.545000e+00
     vertex  1.166665e+00  1.077528e+01  1.545000e+00
   endloop
 endfacet
 facet normal  0.000000e+00  0.000000e+00  1.000000e+00
   outer loop
     vertex  1.500000e-01  1.221213e+01  1.545000e+00
     vertex  1.166665e+00  1.077528e+01  1.545000e+00
     vertex  1.374721e+00  1.098334e+01  1.545000e+00
   endloop
 endfacet
 facet normal  0.000000e+00  0.000000e+00  1.000000e+00
   outer loop
     vertex  1.500000e-01  1.611287e+01  1.545000e+00
     vertex -1.247210e-01  1.625833e+01  1.545000e+00
     vertex -1.471180e-01  1.620426e+01  1.545000e+00
   endloop
 endfacet
 facet normal  0.000000e+00  0.000000e+00  1.000000e+00
   outer loop
     vertex  1.500000e-01  1.611287e+01  1.545000e+00
     vertex -1.471180e-01  1.620426e+01  1.545000e+00
     vertex -1.471180e-01  1.212074e+01  1.545000e+00
   endloop
 endfacet
 facet normal  0.000000e+00  0.000000e+00  1.000000e+00
   outer loop
     vertex  1.500000e-01  1.611287e+01  1.545000e+00
     vertex -1.471180e-01  1.212074e+01  1.545000e+00
     vertex  1.500000e-01  1.221213e+01  1.545000e+00
   endloop
 endfacet
 facet normal  0.000000e+00  0.000000e+00  1.000000e+00
   outer loop
     vertex  8.500000e-01  1.723713e+01  1.545000e+00
     vertex -1.247210e-01  1.625833e+01  1.545000e+00
     vertex  1.500000e-01  1.611287e+01  1.545000e+00
   endloop
 endfacet
 facet normal  0.000000e+00  0.000000e+00  1.000000e+00
   outer loop
     vertex  1.124721e+00  1.709166e+01  1.545000e+00
     vertex  8.500000e-01  1.723713e+01  1.545000e+00
     vertex  1.500000e-01  1.611287e+01  1.545000e+00
   endloop
 endfacet
 facet normal  0.000000e+00  0.000000e+00  1.000000e+00
   outer loop
     vertex  1.147118e+00  1.714574e+01  1.545000e+00
     vertex  8.500000e-01  1.723713e+01  1.545000e+00
     vertex  1.124721e+00  1.709166e+01  1.545000e+00
   endloop
 endfacet
 facet normal  0.000000e+00  0.000000e+00  1.000000e+00
   outer loop
     vertex  8.500000e-01  1.911287e+01  1.545000e+00
     vertex  8.500000e-01  1.723713e+01  1.545000e+00
     vertex  1.147118e+00  1.714574e+01  1.545000e+00
   endloop
 endfacet
 facet normal  0.000000e+00  0.000000e+00  1.000000e+00
   outer loop
     vertex -1.494031e-01  2.016163e+01  1.545000e+00
     vertex -1.414560e-01  2.012510e+01  1.545000e+00
     vertex -1.247210e-01  2.009166e+01  1.545000e+00
   endloop
 endfacet
 facet normal  0.000000e+00  0.000000e+00  1.000000e+00
   outer loop
     vertex -1.480686e-01  2.019899e+01  1.545000e+00
     vertex -1.494031e-01  2.016163e+01  1.545000e+00
     vertex -1.247210e-01  2.009166e+01  1.545000e+00
   endloop
 endfacet
 facet normal  0.000000e+00  0.000000e+00  1.000000e+00
   outer loop
     vertex -1.184576e-01  2.026702e+01  1.545000e+00
     vertex -1.375353e-01  2.023487e+01  1.545000e+00
     vertex -1.480686e-01  2.019899e+01  1.545000e+00
   endloop
 endfacet
 facet normal  0.000000e+00  0.000000e+00  1.000000e+00
   outer loop
     vertex -9.202076e-02  2.029346e+01  1.545000e+00
     vertex -1.184576e-01  2.026702e+01  1.545000e+00
     vertex -1.480686e-01  2.019899e+01  1.545000e+00
   endloop
 endfacet
 facet normal  0.000000e+00  0.000000e+00  1.000000e+00
   outer loop
     vertex -5.986713e-02  2.031254e+01  1.545000e+00
     vertex -1.480686e-01  2.019899e+01  1.545000e+00
     vertex -1.247210e-01  2.009166e+01  1.545000e+00
   endloop
 endfacet
 facet normal  0.000000e+00  0.000000e+00  1.000000e+00
   outer loop
     vertex -5.986713e-02  2.031254e+01  1.545000e+00
     vertex -9.202076e-02  2.029346e+01  1.545000e+00
     vertex -1.480686e-01  2.019899e+01  1.545000e+00
   endloop
 endfacet
 facet normal  0.000000e+00  0.000000e+00  1.000000e+00
   outer loop
     vertex  1.147118e+00  1.920426e+01  1.545000e+00
     vertex  8.500000e-01  1.911287e+01  1.545000e+00
     vertex  1.147118e+00  1.714574e+01  1.545000e+00
   endloop
 endfacet
 facet normal  0.000000e+00  0.000000e+00  1.000000e+00
   outer loop
     vertex  4.990221e-02  2.031646e+01  1.545000e+00
     vertex -2.399426e-02  2.032307e+01  1.545000e+00
     vertex -5.986713e-02  2.031254e+01  1.545000e+00
   endloop
 endfacet
 facet normal  0.000000e+00  0.000000e+00  1.000000e+00
   outer loop
     vertex  4.990221e-02  2.031646e+01  1.545000e+00
     vertex  1.336925e-02  2.032440e+01  1.545000e+00
     vertex -2.399426e-02  2.032307e+01  1.545000e+00
   endloop
 endfacet
 facet normal  0.000000e+00  0.000000e+00  1.000000e+00
   outer loop
     vertex  1.124721e+00  1.925833e+01  1.545000e+00
     vertex  8.500000e-01  1.911287e+01  1.545000e+00
     vertex  1.147118e+00  1.920426e+01  1.545000e+00
   endloop
 endfacet
 facet normal  0.000000e+00  0.000000e+00  1.000000e+00
   outer loop
     vertex  8.333500e-02  2.029972e+01  1.545000e+00
     vertex  4.990221e-02  2.031646e+01  1.545000e+00
     vertex -5.986713e-02  2.031254e+01  1.545000e+00
   endloop
 endfacet
 facet normal  0.000000e+00  0.000000e+00  1.000000e+00
   outer loop
     vertex  8.333500e-02  2.029972e+01  1.545000e+00
     vertex  8.500000e-01  1.911287e+01  1.545000e+00
     vertex  1.124721e+00  1.925833e+01  1.545000e+00
   endloop
 endfacet
 facet normal  0.000000e+00  0.000000e+00  1.000000e+00
   outer loop
     vertex  8.333500e-02  2.029972e+01  1.545000e+00
     vertex -1.247210e-01  2.009166e+01  1.545000e+00
     vertex  8.500000e-01  1.911287e+01  1.545000e+00
   endloop
 endfacet
 facet normal  0.000000e+00  0.000000e+00  1.000000e+00
   outer loop
     vertex  8.333500e-02  2.029972e+01  1.545000e+00
     vertex -5.986713e-02  2.031254e+01  1.545000e+00
     vertex -1.247210e-01  2.009166e+01  1.545000e+00
   endloop
 endfacet
 facet normal  1.305262e-01 -9.914449e-01  0.000000e+00
   outer loop
     vertex  7.801764e+00  1.155681e+01 -3.500000e-02
     vertex  7.750000e+00  1.155000e+01  1.545000e+00
     vertex  7.750000e+00  1.155000e+01 -3.500000e-02
   endloop
 endfacet
 facet normal  1.305262e-01 -9.914449e-01  0.000000e+00
   outer loop
     vertex  7.801764e+00  1.155681e+01 -3.500000e-02
     vertex  7.801764e+00  1.155681e+01  1.545000e+00
     vertex  7.750000e+00  1.155000e+01  1.545000e+00
   endloop
 endfacet
 facet normal  3.826834e-01 -9.238795e-01  0.000000e+00
   outer loop
     vertex  7.850000e+00  1.157679e+01 -3.500000e-02
     vertex  7.850000e+00  1.157679e+01  1.545000e+00
     vertex  7.801764e+00  1.155681e+01  1.545000e+00
   endloop
 endfacet
 facet normal  3.826834e-01 -9.238795e-01  0.000000e+00
   outer loop
     vertex  7.850000e+00  1.157679e+01 -3.500000e-02
     vertex  7.801764e+00  1.155681e+01  1.545000e+00
     vertex  7.801764e+00  1.155681e+01 -3.500000e-02
   endloop
 endfacet
 facet normal  6.087614e-01 -7.933533e-01  0.000000e+00
   outer loop
     vertex  7.891421e+00  1.160858e+01 -3.500000e-02
     vertex  7.891421e+00  1.160858e+01  1.545000e+00
     vertex  7.850000e+00  1.157679e+01  1.545000e+00
   endloop
 endfacet
 facet normal  6.087614e-01 -7.933533e-01  0.000000e+00
   outer loop
     vertex  7.891421e+00  1.160858e+01 -3.500000e-02
     vertex  7.850000e+00  1.157679e+01  1.545000e+00
     vertex  7.850000e+00  1.157679e+01 -3.500000e-02
   endloop
 endfacet
 facet normal  7.933533e-01 -6.087614e-01  0.000000e+00
   outer loop
     vertex  7.923205e+00  1.165000e+01 -3.500000e-02
     vertex  7.923205e+00  1.165000e+01  1.545000e+00
     vertex  7.891421e+00  1.160858e+01  1.545000e+00
   endloop
 endfacet
 facet normal  7.933533e-01 -6.087614e-01  0.000000e+00
   outer loop
     vertex  7.923205e+00  1.165000e+01 -3.500000e-02
     vertex  7.891421e+00  1.160858e+01  1.545000e+00
     vertex  7.891421e+00  1.160858e+01 -3.500000e-02
   endloop
 endfacet
 facet normal  9.238795e-01 -3.826834e-01  0.000000e+00
   outer loop
     vertex  7.943185e+00  1.169824e+01 -3.500000e-02
     vertex  7.943185e+00  1.169824e+01  1.545000e+00
     vertex  7.923205e+00  1.165000e+01  1.545000e+00
   endloop
 endfacet
 facet normal  9.238795e-01 -3.826834e-01  0.000000e+00
   outer loop
     vertex  7.943185e+00  1.169824e+01 -3.500000e-02
     vertex  7.923205e+00  1.165000e+01  1.545000e+00
     vertex  7.923205e+00  1.165000e+01 -3.500000e-02
   endloop
 endfacet
 facet normal  9.914449e-01 -1.305262e-01  0.000000e+00
   outer loop
     vertex  7.950000e+00  1.175000e+01 -3.500000e-02
     vertex  7.950000e+00  1.175000e+01  1.545000e+00
     vertex  7.943185e+00  1.169824e+01  1.545000e+00
   endloop
 endfacet
 facet normal  9.914449e-01 -1.305262e-01  0.000000e+00
   outer loop
     vertex  7.950000e+00  1.175000e+01 -3.500000e-02
     vertex  7.943185e+00  1.169824e+01  1.545000e+00
     vertex  7.943185e+00  1.169824e+01 -3.500000e-02
   endloop
 endfacet
 facet normal  9.914449e-01  1.305262e-01 -0.000000e+00
   outer loop
     vertex  7.943185e+00  1.180176e+01 -3.500000e-02
     vertex  7.943185e+00  1.180176e+01  1.545000e+00
     vertex  7.950000e+00  1.175000e+01  1.545000e+00
   endloop
 endfacet
 facet normal  9.238795e-01  3.826834e-01 -0.000000e+00
   outer loop
     vertex  7.943185e+00  1.180176e+01 -3.500000e-02
     vertex  7.923205e+00  1.185000e+01  1.545000e+00
     vertex  7.943185e+00  1.180176e+01  1.545000e+00
   endloop
 endfacet
 facet normal  9.914449e-01  1.305262e-01  0.000000e+00
   outer loop
     vertex  7.943185e+00  1.180176e+01 -3.500000e-02
     vertex  7.950000e+00  1.175000e+01  1.545000e+00
     vertex  7.950000e+00  1.175000e+01 -3.500000e-02
   endloop
 endfacet
 facet normal  9.238795e-01  3.826834e-01 -0.000000e+00
   outer loop
     vertex  7.923205e+00  1.185000e+01 -3.500000e-02
     vertex  7.923205e+00  1.185000e+01  1.545000e+00
     vertex  7.943185e+00  1.180176e+01 -3.500000e-02
   endloop
 endfacet
 facet normal  7.933533e-01  6.087614e-01 -0.000000e+00
   outer loop
     vertex  7.891421e+00  1.189142e+01 -3.500000e-02
     vertex  7.891421e+00  1.189142e+01  1.545000e+00
     vertex  7.923205e+00  1.185000e+01  1.545000e+00
   endloop
 endfacet
 facet normal  7.933533e-01  6.087614e-01  0.000000e+00
   outer loop
     vertex  7.891421e+00  1.189142e+01 -3.500000e-02
     vertex  7.923205e+00  1.185000e+01  1.545000e+00
     vertex  7.923205e+00  1.185000e+01 -3.500000e-02
   endloop
 endfacet
 facet normal  6.087614e-01  7.933533e-01 -0.000000e+00
   outer loop
     vertex  7.850000e+00  1.192321e+01 -3.500000e-02
     vertex  7.850000e+00  1.192321e+01  1.545000e+00
     vertex  7.891421e+00  1.189142e+01  1.545000e+00
   endloop
 endfacet
 facet normal  6.087614e-01  7.933533e-01  0.000000e+00
   outer loop
     vertex  7.850000e+00  1.192321e+01 -3.500000e-02
     vertex  7.891421e+00  1.189142e+01  1.545000e+00
     vertex  7.891421e+00  1.189142e+01 -3.500000e-02
   endloop
 endfacet
 facet normal  3.826834e-01  9.238795e-01 -0.000000e+00
   outer loop
     vertex  7.801764e+00  1.194319e+01 -3.500000e-02
     vertex  7.801764e+00  1.194319e+01  1.545000e+00
     vertex  7.850000e+00  1.192321e+01  1.545000e+00
   endloop
 endfacet
 facet normal  3.826834e-01  9.238795e-01  0.000000e+00
   outer loop
     vertex  7.801764e+00  1.194319e+01 -3.500000e-02
     vertex  7.850000e+00  1.192321e+01  1.545000e+00
     vertex  7.850000e+00  1.192321e+01 -3.500000e-02
   endloop
 endfacet
 facet normal  1.305262e-01  9.914449e-01  0.000000e+00
   outer loop
     vertex  7.750000e+00  1.195000e+01 -3.500000e-02
     vertex  7.801764e+00  1.194319e+01  1.545000e+00
     vertex  7.801764e+00  1.194319e+01 -3.500000e-02
   endloop
 endfacet
 facet normal  1.305262e-01  9.914449e-01 -0.000000e+00
   outer loop
     vertex  7.750000e+00  1.195000e+01 -3.500000e-02
     vertex  7.750000e+00  1.195000e+01  1.545000e+00
     vertex  7.801764e+00  1.194319e+01  1.545000e+00
   endloop
 endfacet
 facet normal -1.305262e-01  9.914449e-01  0.000000e+00
   outer loop
     vertex  7.750000e+00  1.195000e+01 -3.500000e-02
     vertex  7.698236e+00  1.194319e+01  1.545000e+00
     vertex  7.750000e+00  1.195000e+01  1.545000e+00
   endloop
 endfacet
 facet normal -3.826834e-01  9.238795e-01  0.000000e+00
   outer loop
     vertex  7.698236e+00  1.194319e+01 -3.500000e-02
     vertex  7.650000e+00  1.192321e+01  1.545000e+00
     vertex  7.698236e+00  1.194319e+01  1.545000e+00
   endloop
 endfacet
 facet normal -1.305262e-01  9.914449e-01  0.000000e+00
   outer loop
     vertex  7.698236e+00  1.194319e+01 -3.500000e-02
     vertex  7.698236e+00  1.194319e+01  1.545000e+00
     vertex  7.750000e+00  1.195000e+01 -3.500000e-02
   endloop
 endfacet
 facet normal -3.826834e-01  9.238795e-01  0.000000e+00
   outer loop
     vertex  7.650000e+00  1.192321e+01 -3.500000e-02
     vertex  7.650000e+00  1.192321e+01  1.545000e+00
     vertex  7.698236e+00  1.194319e+01 -3.500000e-02
   endloop
 endfacet
 facet normal -6.087614e-01  7.933533e-01  0.000000e+00
   outer loop
     vertex  7.608579e+00  1.189142e+01 -3.500000e-02
     vertex  7.650000e+00  1.192321e+01  1.545000e+00
     vertex  7.650000e+00  1.192321e+01 -3.500000e-02
   endloop
 endfacet
 facet normal -6.087614e-01  7.933533e-01  0.000000e+00
   outer loop
     vertex  7.608579e+00  1.189142e+01 -3.500000e-02
     vertex  7.608579e+00  1.189142e+01  1.545000e+00
     vertex  7.650000e+00  1.192321e+01  1.545000e+00
   endloop
 endfacet
 facet normal -7.933533e-01  6.087614e-01  0.000000e+00
   outer loop
     vertex  7.576795e+00  1.185000e+01 -3.500000e-02
     vertex  7.576795e+00  1.185000e+01  1.545000e+00
     vertex  7.608579e+00  1.189142e+01  1.545000e+00
   endloop
 endfacet
 facet normal -7.933533e-01  6.087614e-01  0.000000e+00
   outer loop
     vertex  7.576795e+00  1.185000e+01 -3.500000e-02
     vertex  7.608579e+00  1.189142e+01  1.545000e+00
     vertex  7.608579e+00  1.189142e+01 -3.500000e-02
   endloop
 endfacet
 facet normal -9.238795e-01  3.826834e-01  0.000000e+00
   outer loop
     vertex  7.556815e+00  1.180176e+01 -3.500000e-02
     vertex  7.576795e+00  1.185000e+01  1.545000e+00
     vertex  7.576795e+00  1.185000e+01 -3.500000e-02
   endloop
 endfacet
 facet normal -9.238795e-01  3.826834e-01  0.000000e+00
   outer loop
     vertex  7.556815e+00  1.180176e+01 -3.500000e-02
     vertex  7.556815e+00  1.180176e+01  1.545000e+00
     vertex  7.576795e+00  1.185000e+01  1.545000e+00
   endloop
 endfacet
 facet normal -9.914449e-01  1.305262e-01  0.000000e+00
   outer loop
     vertex  7.550000e+00  1.175000e+01 -3.500000e-02
     vertex  7.550000e+00  1.175000e+01  1.545000e+00
     vertex  7.556815e+00  1.180176e+01  1.545000e+00
   endloop
 endfacet
 facet normal -9.914449e-01  1.305262e-01  0.000000e+00
   outer loop
     vertex  7.550000e+00  1.175000e+01 -3.500000e-02
     vertex  7.556815e+00  1.180176e+01  1.545000e+00
     vertex  7.556815e+00  1.180176e+01 -3.500000e-02
   endloop
 endfacet
 facet normal -9.914449e-01 -1.305262e-01  0.000000e+00
   outer loop
     vertex  7.556815e+00  1.169824e+01 -3.500000e-02
     vertex  7.556815e+00  1.169824e+01  1.545000e+00
     vertex  7.550000e+00  1.175000e+01  1.545000e+00
   endloop
 endfacet
 facet normal -9.914449e-01 -1.305262e-01  0.000000e+00
   outer loop
     vertex  7.556815e+00  1.169824e+01 -3.500000e-02
     vertex  7.550000e+00  1.175000e+01  1.545000e+00
     vertex  7.550000e+00  1.175000e+01 -3.500000e-02
   endloop
 endfacet
 facet normal -9.238795e-01 -3.826834e-01  0.000000e+00
   outer loop
     vertex  7.576795e+00  1.165000e+01 -3.500000e-02
     vertex  7.576795e+00  1.165000e+01  1.545000e+00
     vertex  7.556815e+00  1.169824e+01  1.545000e+00
   endloop
 endfacet
 facet normal -9.238795e-01 -3.826834e-01  0.000000e+00
   outer loop
     vertex  7.576795e+00  1.165000e+01 -3.500000e-02
     vertex  7.556815e+00  1.169824e+01  1.545000e+00
     vertex  7.556815e+00  1.169824e+01 -3.500000e-02
   endloop
 endfacet
 facet normal -7.933533e-01 -6.087614e-01  0.000000e+00
   outer loop
     vertex  7.608579e+00  1.160858e+01 -3.500000e-02
     vertex  7.608579e+00  1.160858e+01  1.545000e+00
     vertex  7.576795e+00  1.165000e+01  1.545000e+00
   endloop
 endfacet
 facet normal -7.933533e-01 -6.087614e-01  0.000000e+00
   outer loop
     vertex  7.608579e+00  1.160858e+01 -3.500000e-02
     vertex  7.576795e+00  1.165000e+01  1.545000e+00
     vertex  7.576795e+00  1.165000e+01 -3.500000e-02
   endloop
 endfacet
 facet normal -6.087614e-01 -7.933533e-01  0.000000e+00
   outer loop
     vertex  7.650000e+00  1.157679e+01 -3.500000e-02
     vertex  7.650000e+00  1.157679e+01  1.545000e+00
     vertex  7.608579e+00  1.160858e+01  1.545000e+00
   endloop
 endfacet
 facet normal -6.087614e-01 -7.933533e-01  0.000000e+00
   outer loop
     vertex  7.650000e+00  1.157679e+01 -3.500000e-02
     vertex  7.608579e+00  1.160858e+01  1.545000e+00
     vertex  7.608579e+00  1.160858e+01 -3.500000e-02
   endloop
 endfacet
 facet normal -3.826834e-01 -9.238795e-01  0.000000e+00
   outer loop
     vertex  7.698236e+00  1.155681e+01 -3.500000e-02
     vertex  7.698236e+00  1.155681e+01  1.545000e+00
     vertex  7.650000e+00  1.157679e+01  1.545000e+00
   endloop
 endfacet
 facet normal -3.826834e-01 -9.238795e-01  0.000000e+00
   outer loop
     vertex  7.698236e+00  1.155681e+01 -3.500000e-02
     vertex  7.650000e+00  1.157679e+01  1.545000e+00
     vertex  7.650000e+00  1.157679e+01 -3.500000e-02
   endloop
 endfacet
 facet normal -1.305262e-01 -9.914449e-01  0.000000e+00
   outer loop
     vertex  7.750000e+00  1.155000e+01 -3.500000e-02
     vertex  7.750000e+00  1.155000e+01  1.545000e+00
     vertex  7.698236e+00  1.155681e+01  1.545000e+00
   endloop
 endfacet
 facet normal -1.305262e-01 -9.914449e-01  0.000000e+00
   outer loop
     vertex  7.750000e+00  1.155000e+01 -3.500000e-02
     vertex  7.698236e+00  1.155681e+01  1.545000e+00
     vertex  7.698236e+00  1.155681e+01 -3.500000e-02
   endloop
 endfacet
 facet normal -0.000000e+00  0.000000e+00 -1.000000e+00
   outer loop
     vertex  7.662500e+00  1.159845e+01 -3.500000e-02
     vertex  7.650000e+00  1.157679e+01 -3.500000e-02
     vertex  7.608579e+00  1.160858e+01 -3.500000e-02
   endloop
 endfacet
 facet normal  0.000000e+00 -0.000000e+00 -1.000000e+00
   outer loop
     vertex  7.662500e+00  1.159845e+01 -3.500000e-02
     vertex  7.698236e+00  1.155681e+01 -3.500000e-02
     vertex  7.650000e+00  1.157679e+01 -3.500000e-02
   endloop
 endfacet
 facet normal  0.000000e+00  0.000000e+00 -1.000000e+00
   outer loop
     vertex  7.662500e+00  1.159845e+01 -3.500000e-02
     vertex  7.608579e+00  1.160858e+01 -3.500000e-02
     vertex  7.626256e+00  1.162626e+01 -3.500000e-02
   endloop
 endfacet
 facet normal  0.000000e+00 -0.000000e+00 -1.000000e+00
   outer loop
     vertex  7.598446e+00  1.166250e+01 -3.500000e-02
     vertex  7.608579e+00  1.160858e+01 -3.500000e-02
     vertex  7.576795e+00  1.165000e+01 -3.500000e-02
   endloop
 endfacet
 facet normal  0.000000e+00  0.000000e+00 -1.000000e+00
   outer loop
     vertex  7.598446e+00  1.166250e+01 -3.500000e-02
     vertex  7.626256e+00  1.162626e+01 -3.500000e-02
     vertex  7.608579e+00  1.160858e+01 -3.500000e-02
   endloop
 endfacet
 facet normal  0.000000e+00  0.000000e+00 -1.000000e+00
   outer loop
     vertex  7.580963e+00  1.170471e+01 -3.500000e-02
     vertex  7.576795e+00  1.165000e+01 -3.500000e-02
     vertex  7.556815e+00  1.169824e+01 -3.500000e-02
   endloop
 endfacet
 facet normal  0.000000e+00 -0.000000e+00 -1.000000e+00
   outer loop
     vertex  7.580963e+00  1.170471e+01 -3.500000e-02
     vertex  7.598446e+00  1.166250e+01 -3.500000e-02
     vertex  7.576795e+00  1.165000e+01 -3.500000e-02
   endloop
 endfacet
 facet normal -0.000000e+00  0.000000e+00 -1.000000e+00
   outer loop
     vertex  7.704707e+00  1.158096e+01 -3.500000e-02
     vertex  7.698236e+00  1.155681e+01 -3.500000e-02
     vertex  7.662500e+00  1.159845e+01 -3.500000e-02
   endloop
 endfacet
 facet normal -0.000000e+00  0.000000e+00 -1.000000e+00
   outer loop
     vertex  7.575000e+00  1.175000e+01 -3.500000e-02
     vertex  7.556815e+00  1.169824e+01 -3.500000e-02
     vertex  7.550000e+00  1.175000e+01 -3.500000e-02
   endloop
 endfacet
 facet normal  0.000000e+00 -0.000000e+00 -1.000000e+00
   outer loop
     vertex  7.575000e+00  1.175000e+01 -3.500000e-02
     vertex  7.580963e+00  1.170471e+01 -3.500000e-02
     vertex  7.556815e+00  1.169824e+01 -3.500000e-02
   endloop
 endfacet
 facet normal  0.000000e+00 -0.000000e+00 -1.000000e+00
   outer loop
     vertex  7.750000e+00  1.157500e+01 -3.500000e-02
     vertex  7.750000e+00  1.155000e+01 -3.500000e-02
     vertex  7.698236e+00  1.155681e+01 -3.500000e-02
   endloop
 endfacet
 facet normal -0.000000e+00  0.000000e+00 -1.000000e+00
   outer loop
     vertex  7.750000e+00  1.157500e+01 -3.500000e-02
     vertex  7.698236e+00  1.155681e+01 -3.500000e-02
     vertex  7.704707e+00  1.158096e+01 -3.500000e-02
   endloop
 endfacet
 facet normal -0.000000e+00  0.000000e+00 -1.000000e+00
   outer loop
     vertex  7.580963e+00  1.179529e+01 -3.500000e-02
     vertex  7.550000e+00  1.175000e+01 -3.500000e-02
     vertex  7.556815e+00  1.180176e+01 -3.500000e-02
   endloop
 endfacet
 facet normal  0.000000e+00  0.000000e+00 -1.000000e+00
   outer loop
     vertex  7.580963e+00  1.179529e+01 -3.500000e-02
     vertex  7.575000e+00  1.175000e+01 -3.500000e-02
     vertex  7.550000e+00  1.175000e+01 -3.500000e-02
   endloop
 endfacet
 facet normal  0.000000e+00 -0.000000e+00 -1.000000e+00
   outer loop
     vertex  7.795293e+00  1.158096e+01 -3.500000e-02
     vertex  7.801764e+00  1.155681e+01 -3.500000e-02
     vertex  7.750000e+00  1.155000e+01 -3.500000e-02
   endloop
 endfacet
 facet normal  0.000000e+00  0.000000e+00 -1.000000e+00
   outer loop
     vertex  7.795293e+00  1.158096e+01 -3.500000e-02
     vertex  7.750000e+00  1.155000e+01 -3.500000e-02
     vertex  7.750000e+00  1.157500e+01 -3.500000e-02
   endloop
 endfacet
 facet normal -0.000000e+00  0.000000e+00 -1.000000e+00
   outer loop
     vertex  7.850000e+00  1.157679e+01 -3.500000e-02
     vertex  7.801764e+00  1.155681e+01 -3.500000e-02
     vertex  7.795293e+00  1.158096e+01 -3.500000e-02
   endloop
 endfacet
 facet normal -0.000000e+00  0.000000e+00 -1.000000e+00
   outer loop
     vertex  7.598446e+00  1.183750e+01 -3.500000e-02
     vertex  7.556815e+00  1.180176e+01 -3.500000e-02
     vertex  7.576795e+00  1.185000e+01 -3.500000e-02
   endloop
 endfacet
 facet normal  0.000000e+00  0.000000e+00 -1.000000e+00
   outer loop
     vertex  7.598446e+00  1.183750e+01 -3.500000e-02
     vertex  7.580963e+00  1.179529e+01 -3.500000e-02
     vertex  7.556815e+00  1.180176e+01 -3.500000e-02
   endloop
 endfacet
 facet normal  0.000000e+00 -0.000000e+00 -1.000000e+00
   outer loop
     vertex  7.837500e+00  1.159845e+01 -3.500000e-02
     vertex  7.850000e+00  1.157679e+01 -3.500000e-02
     vertex  7.795293e+00  1.158096e+01 -3.500000e-02
   endloop
 endfacet
 facet normal -0.000000e+00  0.000000e+00 -1.000000e+00
   outer loop
     vertex  7.626256e+00  1.187374e+01 -3.500000e-02
     vertex  7.576795e+00  1.185000e+01 -3.500000e-02
     vertex  7.608579e+00  1.189142e+01 -3.500000e-02
   endloop
 endfacet
 facet normal  0.000000e+00  0.000000e+00 -1.000000e+00
   outer loop
     vertex  7.626256e+00  1.187374e+01 -3.500000e-02
     vertex  7.598446e+00  1.183750e+01 -3.500000e-02
     vertex  7.576795e+00  1.185000e+01 -3.500000e-02
   endloop
 endfacet
 facet normal  0.000000e+00 -0.000000e+00 -1.000000e+00
   outer loop
     vertex  7.873744e+00  1.162626e+01 -3.500000e-02
     vertex  7.891421e+00  1.160858e+01 -3.500000e-02
     vertex  7.850000e+00  1.157679e+01 -3.500000e-02
   endloop
 endfacet
 facet normal  0.000000e+00  0.000000e+00 -1.000000e+00
   outer loop
     vertex  7.873744e+00  1.162626e+01 -3.500000e-02
     vertex  7.850000e+00  1.157679e+01 -3.500000e-02
     vertex  7.837500e+00  1.159845e+01 -3.500000e-02
   endloop
 endfacet
 facet normal  0.000000e+00 -0.000000e+00 -1.000000e+00
   outer loop
     vertex  7.650000e+00  1.192321e+01 -3.500000e-02
     vertex  7.662500e+00  1.190155e+01 -3.500000e-02
     vertex  7.626256e+00  1.187374e+01 -3.500000e-02
   endloop
 endfacet
 facet normal  0.000000e+00  0.000000e+00 -1.000000e+00
   outer loop
     vertex  7.650000e+00  1.192321e+01 -3.500000e-02
     vertex  7.626256e+00  1.187374e+01 -3.500000e-02
     vertex  7.608579e+00  1.189142e+01 -3.500000e-02
   endloop
 endfacet
 facet normal -0.000000e+00  0.000000e+00 -1.000000e+00
   outer loop
     vertex  7.923205e+00  1.165000e+01 -3.500000e-02
     vertex  7.873744e+00  1.162626e+01 -3.500000e-02
     vertex  7.901554e+00  1.166250e+01 -3.500000e-02
   endloop
 endfacet
 facet normal  0.000000e+00  0.000000e+00 -1.000000e+00
   outer loop
     vertex  7.923205e+00  1.165000e+01 -3.500000e-02
     vertex  7.891421e+00  1.160858e+01 -3.500000e-02
     vertex  7.873744e+00  1.162626e+01 -3.500000e-02
   endloop
 endfacet
 facet normal  0.000000e+00  0.000000e+00 -1.000000e+00
   outer loop
     vertex  7.943185e+00  1.169824e+01 -3.500000e-02
     vertex  7.923205e+00  1.165000e+01 -3.500000e-02
     vertex  7.901554e+00  1.166250e+01 -3.500000e-02
   endloop
 endfacet
 facet normal -0.000000e+00  0.000000e+00 -1.000000e+00
   outer loop
     vertex  7.943185e+00  1.169824e+01 -3.500000e-02
     vertex  7.901554e+00  1.166250e+01 -3.500000e-02
     vertex  7.919037e+00  1.170471e+01 -3.500000e-02
   endloop
 endfacet
 facet normal  0.000000e+00  0.000000e+00 -1.000000e+00
   outer loop
     vertex  7.698236e+00  1.194319e+01 -3.500000e-02
     vertex  7.662500e+00  1.190155e+01 -3.500000e-02
     vertex  7.650000e+00  1.192321e+01 -3.500000e-02
   endloop
 endfacet
 facet normal  0.000000e+00 -0.000000e+00 -1.000000e+00
   outer loop
     vertex  7.698236e+00  1.194319e+01 -3.500000e-02
     vertex  7.704707e+00  1.191904e+01 -3.500000e-02
     vertex  7.662500e+00  1.190155e+01 -3.500000e-02
   endloop
 endfacet
 facet normal  0.000000e+00  0.000000e+00 -1.000000e+00
   outer loop
     vertex  7.750000e+00  1.195000e+01 -3.500000e-02
     vertex  7.704707e+00  1.191904e+01 -3.500000e-02
     vertex  7.698236e+00  1.194319e+01 -3.500000e-02
   endloop
 endfacet
 facet normal  0.000000e+00 -0.000000e+00 -1.000000e+00
   outer loop
     vertex  7.750000e+00  1.195000e+01 -3.500000e-02
     vertex  7.750000e+00  1.192500e+01 -3.500000e-02
     vertex  7.704707e+00  1.191904e+01 -3.500000e-02
   endloop
 endfacet
 facet normal  0.000000e+00  0.000000e+00 -1.000000e+00
   outer loop
     vertex  7.950000e+00  1.175000e+01 -3.500000e-02
     vertex  7.943185e+00  1.169824e+01 -3.500000e-02
     vertex  7.919037e+00  1.170471e+01 -3.500000e-02
   endloop
 endfacet
 facet normal -0.000000e+00  0.000000e+00 -1.000000e+00
   outer loop
     vertex  7.950000e+00  1.175000e+01 -3.500000e-02
     vertex  7.919037e+00  1.170471e+01 -3.500000e-02
     vertex  7.925000e+00  1.175000e+01 -3.500000e-02
   endloop
 endfacet
 facet normal  0.000000e+00 -0.000000e+00 -1.000000e+00
   outer loop
     vertex  7.943185e+00  1.180176e+01 -3.500000e-02
     vertex  7.950000e+00  1.175000e+01 -3.500000e-02
     vertex  7.925000e+00  1.175000e+01 -3.500000e-02
   endloop
 endfacet
 facet normal  0.000000e+00  0.000000e+00 -1.000000e+00
   outer loop
     vertex  7.943185e+00  1.180176e+01 -3.500000e-02
     vertex  7.925000e+00  1.175000e+01 -3.500000e-02
     vertex  7.919037e+00  1.179529e+01 -3.500000e-02
   endloop
 endfacet
 facet normal -0.000000e+00  0.000000e+00 -1.000000e+00
   outer loop
     vertex  7.801764e+00  1.194319e+01 -3.500000e-02
     vertex  7.750000e+00  1.192500e+01 -3.500000e-02
     vertex  7.750000e+00  1.195000e+01 -3.500000e-02
   endloop
 endfacet
 facet normal  0.000000e+00  0.000000e+00 -1.000000e+00
   outer loop
     vertex  7.801764e+00  1.194319e+01 -3.500000e-02
     vertex  7.795293e+00  1.191904e+01 -3.500000e-02
     vertex  7.750000e+00  1.192500e+01 -3.500000e-02
   endloop
 endfacet
 facet normal  0.000000e+00 -0.000000e+00 -1.000000e+00
   outer loop
     vertex  7.923205e+00  1.185000e+01 -3.500000e-02
     vertex  7.943185e+00  1.180176e+01 -3.500000e-02
     vertex  7.919037e+00  1.179529e+01 -3.500000e-02
   endloop
 endfacet
 facet normal -0.000000e+00  0.000000e+00 -1.000000e+00
   outer loop
     vertex  7.923205e+00  1.185000e+01 -3.500000e-02
     vertex  7.901554e+00  1.183750e+01 -3.500000e-02
     vertex  7.873744e+00  1.187374e+01 -3.500000e-02
   endloop
 endfacet
 facet normal  0.000000e+00  0.000000e+00 -1.000000e+00
   outer loop
     vertex  7.923205e+00  1.185000e+01 -3.500000e-02
     vertex  7.919037e+00  1.179529e+01 -3.500000e-02
     vertex  7.901554e+00  1.183750e+01 -3.500000e-02
   endloop
 endfacet
 facet normal  0.000000e+00  0.000000e+00 -1.000000e+00
   outer loop
     vertex  7.850000e+00  1.192321e+01 -3.500000e-02
     vertex  7.837500e+00  1.190155e+01 -3.500000e-02
     vertex  7.795293e+00  1.191904e+01 -3.500000e-02
   endloop
 endfacet
 facet normal -0.000000e+00  0.000000e+00 -1.000000e+00
   outer loop
     vertex  7.850000e+00  1.192321e+01 -3.500000e-02
     vertex  7.795293e+00  1.191904e+01 -3.500000e-02
     vertex  7.801764e+00  1.194319e+01 -3.500000e-02
   endloop
 endfacet
 facet normal  0.000000e+00 -0.000000e+00 -1.000000e+00
   outer loop
     vertex  7.891421e+00  1.189142e+01 -3.500000e-02
     vertex  7.923205e+00  1.185000e+01 -3.500000e-02
     vertex  7.873744e+00  1.187374e+01 -3.500000e-02
   endloop
 endfacet
 facet normal -0.000000e+00  0.000000e+00 -1.000000e+00
   outer loop
     vertex  7.891421e+00  1.189142e+01 -3.500000e-02
     vertex  7.873744e+00  1.187374e+01 -3.500000e-02
     vertex  7.837500e+00  1.190155e+01 -3.500000e-02
   endloop
 endfacet
 facet normal  0.000000e+00  0.000000e+00 -1.000000e+00
   outer loop
     vertex  7.891421e+00  1.189142e+01 -3.500000e-02
     vertex  7.837500e+00  1.190155e+01 -3.500000e-02
     vertex  7.850000e+00  1.192321e+01 -3.500000e-02
   endloop
 endfacet
 facet normal  0.000000e+00  0.000000e+00  1.000000e+00
   outer loop
     vertex  7.662500e+00  1.159845e+01  1.545000e+00
     vertex  7.608579e+00  1.160858e+01  1.545000e+00
     vertex  7.650000e+00  1.157679e+01  1.545000e+00
   endloop
 endfacet
 facet normal  0.000000e+00  0.000000e+00  1.000000e+00
   outer loop
     vertex  7.662500e+00  1.159845e+01  1.545000e+00
     vertex  7.650000e+00  1.157679e+01  1.545000e+00
     vertex  7.698236e+00  1.155681e+01  1.545000e+00
   endloop
 endfacet
 facet normal  0.000000e+00  0.000000e+00  1.000000e+00
   outer loop
     vertex  7.662500e+00  1.159845e+01  1.545000e+00
     vertex  7.626256e+00  1.162626e+01  1.545000e+00
     vertex  7.608579e+00  1.160858e+01  1.545000e+00
   endloop
 endfacet
 facet normal  0.000000e+00  0.000000e+00  1.000000e+00
   outer loop
     vertex  7.598446e+00  1.166250e+01  1.545000e+00
     vertex  7.576795e+00  1.165000e+01  1.545000e+00
     vertex  7.608579e+00  1.160858e+01  1.545000e+00
   endloop
 endfacet
 facet normal  0.000000e+00  0.000000e+00  1.000000e+00
   outer loop
     vertex  7.598446e+00  1.166250e+01  1.545000e+00
     vertex  7.608579e+00  1.160858e+01  1.545000e+00
     vertex  7.626256e+00  1.162626e+01  1.545000e+00
   endloop
 endfacet
 facet normal  0.000000e+00  0.000000e+00  1.000000e+00
   outer loop
     vertex  7.580963e+00  1.170471e+01  1.545000e+00
     vertex  7.556815e+00  1.169824e+01  1.545000e+00
     vertex  7.576795e+00  1.165000e+01  1.545000e+00
   endloop
 endfacet
 facet normal  0.000000e+00  0.000000e+00  1.000000e+00
   outer loop
     vertex  7.580963e+00  1.170471e+01  1.545000e+00
     vertex  7.576795e+00  1.165000e+01  1.545000e+00
     vertex  7.598446e+00  1.166250e+01  1.545000e+00
   endloop
 endfacet
 facet normal  0.000000e+00  0.000000e+00  1.000000e+00
   outer loop
     vertex  7.704707e+00  1.158096e+01  1.545000e+00
     vertex  7.662500e+00  1.159845e+01  1.545000e+00
     vertex  7.698236e+00  1.155681e+01  1.545000e+00
   endloop
 endfacet
 facet normal  0.000000e+00  0.000000e+00  1.000000e+00
   outer loop
     vertex  7.575000e+00  1.175000e+01  1.545000e+00
     vertex  7.550000e+00  1.175000e+01  1.545000e+00
     vertex  7.556815e+00  1.169824e+01  1.545000e+00
   endloop
 endfacet
 facet normal  0.000000e+00  0.000000e+00  1.000000e+00
   outer loop
     vertex  7.575000e+00  1.175000e+01  1.545000e+00
     vertex  7.556815e+00  1.169824e+01  1.545000e+00
     vertex  7.580963e+00  1.170471e+01  1.545000e+00
   endloop
 endfacet
 facet normal  0.000000e+00  0.000000e+00  1.000000e+00
   outer loop
     vertex  7.750000e+00  1.157500e+01  1.545000e+00
     vertex  7.698236e+00  1.155681e+01  1.545000e+00
     vertex  7.750000e+00  1.155000e+01  1.545000e+00
   endloop
 endfacet
 facet normal  0.000000e+00  0.000000e+00  1.000000e+00
   outer loop
     vertex  7.750000e+00  1.157500e+01  1.545000e+00
     vertex  7.704707e+00  1.158096e+01  1.545000e+00
     vertex  7.698236e+00  1.155681e+01  1.545000e+00
   endloop
 endfacet
 facet normal  0.000000e+00  0.000000e+00  1.000000e+00
   outer loop
     vertex  7.580963e+00  1.179529e+01  1.545000e+00
     vertex  7.556815e+00  1.180176e+01  1.545000e+00
     vertex  7.550000e+00  1.175000e+01  1.545000e+00
   endloop
 endfacet
 facet normal  0.000000e+00  0.000000e+00  1.000000e+00
   outer loop
     vertex  7.580963e+00  1.179529e+01  1.545000e+00
     vertex  7.550000e+00  1.175000e+01  1.545000e+00
     vertex  7.575000e+00  1.175000e+01  1.545000e+00
   endloop
 endfacet
 facet normal  0.000000e+00  0.000000e+00  1.000000e+00
   outer loop
     vertex  7.795293e+00  1.158096e+01  1.545000e+00
     vertex  7.750000e+00  1.155000e+01  1.545000e+00
     vertex  7.801764e+00  1.155681e+01  1.545000e+00
   endloop
 endfacet
 facet normal  0.000000e+00  0.000000e+00  1.000000e+00
   outer loop
     vertex  7.795293e+00  1.158096e+01  1.545000e+00
     vertex  7.750000e+00  1.157500e+01  1.545000e+00
     vertex  7.750000e+00  1.155000e+01  1.545000e+00
   endloop
 endfacet
 facet normal  0.000000e+00  0.000000e+00  1.000000e+00
   outer loop
     vertex  7.850000e+00  1.157679e+01  1.545000e+00
     vertex  7.795293e+00  1.158096e+01  1.545000e+00
     vertex  7.801764e+00  1.155681e+01  1.545000e+00
   endloop
 endfacet
 facet normal  0.000000e+00  0.000000e+00  1.000000e+00
   outer loop
     vertex  7.598446e+00  1.183750e+01  1.545000e+00
     vertex  7.576795e+00  1.185000e+01  1.545000e+00
     vertex  7.556815e+00  1.180176e+01  1.545000e+00
   endloop
 endfacet
 facet normal  0.000000e+00  0.000000e+00  1.000000e+00
   outer loop
     vertex  7.598446e+00  1.183750e+01  1.545000e+00
     vertex  7.556815e+00  1.180176e+01  1.545000e+00
     vertex  7.580963e+00  1.179529e+01  1.545000e+00
   endloop
 endfacet
 facet normal  0.000000e+00  0.000000e+00  1.000000e+00
   outer loop
     vertex  7.837500e+00  1.159845e+01  1.545000e+00
     vertex  7.795293e+00  1.158096e+01  1.545000e+00
     vertex  7.850000e+00  1.157679e+01  1.545000e+00
   endloop
 endfacet
 facet normal  0.000000e+00  0.000000e+00  1.000000e+00
   outer loop
     vertex  7.626256e+00  1.187374e+01  1.545000e+00
     vertex  7.608579e+00  1.189142e+01  1.545000e+00
     vertex  7.576795e+00  1.185000e+01  1.545000e+00
   endloop
 endfacet
 facet normal  0.000000e+00  0.000000e+00  1.000000e+00
   outer loop
     vertex  7.626256e+00  1.187374e+01  1.545000e+00
     vertex  7.576795e+00  1.185000e+01  1.545000e+00
     vertex  7.598446e+00  1.183750e+01  1.545000e+00
   endloop
 endfacet
 facet normal  0.000000e+00  0.000000e+00  1.000000e+00
   outer loop
     vertex  7.873744e+00  1.162626e+01  1.545000e+00
     vertex  7.850000e+00  1.157679e+01  1.545000e+00
     vertex  7.891421e+00  1.160858e+01  1.545000e+00
   endloop
 endfacet
 facet normal  0.000000e+00  0.000000e+00  1.000000e+00
   outer loop
     vertex  7.873744e+00  1.162626e+01  1.545000e+00
     vertex  7.837500e+00  1.159845e+01  1.545000e+00
     vertex  7.850000e+00  1.157679e+01  1.545000e+00
   endloop
 endfacet
 facet normal  0.000000e+00  0.000000e+00  1.000000e+00
   outer loop
     vertex  7.650000e+00  1.192321e+01  1.545000e+00
     vertex  7.626256e+00  1.187374e+01  1.545000e+00
     vertex  7.662500e+00  1.190155e+01  1.545000e+00
   endloop
 endfacet
 facet normal  0.000000e+00  0.000000e+00  1.000000e+00
   outer loop
     vertex  7.650000e+00  1.192321e+01  1.545000e+00
     vertex  7.608579e+00  1.189142e+01  1.545000e+00
     vertex  7.626256e+00  1.187374e+01  1.545000e+00
   endloop
 endfacet
 facet normal  0.000000e+00  0.000000e+00  1.000000e+00
   outer loop
     vertex  7.923205e+00  1.165000e+01  1.545000e+00
     vertex  7.901554e+00  1.166250e+01  1.545000e+00
     vertex  7.873744e+00  1.162626e+01  1.545000e+00
   endloop
 endfacet
 facet normal  0.000000e+00  0.000000e+00  1.000000e+00
   outer loop
     vertex  7.923205e+00  1.165000e+01  1.545000e+00
     vertex  7.873744e+00  1.162626e+01  1.545000e+00
     vertex  7.891421e+00  1.160858e+01  1.545000e+00
   endloop
 endfacet
 facet normal  0.000000e+00  0.000000e+00  1.000000e+00
   outer loop
     vertex  7.943185e+00  1.169824e+01  1.545000e+00
     vertex  7.901554e+00  1.166250e+01  1.545000e+00
     vertex  7.923205e+00  1.165000e+01  1.545000e+00
   endloop
 endfacet
 facet normal  0.000000e+00  0.000000e+00  1.000000e+00
   outer loop
     vertex  7.943185e+00  1.169824e+01  1.545000e+00
     vertex  7.919037e+00  1.170471e+01  1.545000e+00
     vertex  7.901554e+00  1.166250e+01  1.545000e+00
   endloop
 endfacet
 facet normal  0.000000e+00  0.000000e+00  1.000000e+00
   outer loop
     vertex  7.698236e+00  1.194319e+01  1.545000e+00
     vertex  7.650000e+00  1.192321e+01  1.545000e+00
     vertex  7.662500e+00  1.190155e+01  1.545000e+00
   endloop
 endfacet
 facet normal  0.000000e+00  0.000000e+00  1.000000e+00
   outer loop
     vertex  7.698236e+00  1.194319e+01  1.545000e+00
     vertex  7.662500e+00  1.190155e+01  1.545000e+00
     vertex  7.704707e+00  1.191904e+01  1.545000e+00
   endloop
 endfacet
 facet normal  0.000000e+00  0.000000e+00  1.000000e+00
   outer loop
     vertex  7.750000e+00  1.195000e+01  1.545000e+00
     vertex  7.698236e+00  1.194319e+01  1.545000e+00
     vertex  7.704707e+00  1.191904e+01  1.545000e+00
   endloop
 endfacet
 facet normal  0.000000e+00  0.000000e+00  1.000000e+00
   outer loop
     vertex  7.750000e+00  1.195000e+01  1.545000e+00
     vertex  7.704707e+00  1.191904e+01  1.545000e+00
     vertex  7.750000e+00  1.192500e+01  1.545000e+00
   endloop
 endfacet
 facet normal  0.000000e+00  0.000000e+00  1.000000e+00
   outer loop
     vertex  7.950000e+00  1.175000e+01  1.545000e+00
     vertex  7.919037e+00  1.170471e+01  1.545000e+00
     vertex  7.943185e+00  1.169824e+01  1.545000e+00
   endloop
 endfacet
 facet normal  0.000000e+00  0.000000e+00  1.000000e+00
   outer loop
     vertex  7.950000e+00  1.175000e+01  1.545000e+00
     vertex  7.925000e+00  1.175000e+01  1.545000e+00
     vertex  7.919037e+00  1.170471e+01  1.545000e+00
   endloop
 endfacet
 facet normal  0.000000e+00  0.000000e+00  1.000000e+00
   outer loop
     vertex  7.943185e+00  1.180176e+01  1.545000e+00
     vertex  7.925000e+00  1.175000e+01  1.545000e+00
     vertex  7.950000e+00  1.175000e+01  1.545000e+00
   endloop
 endfacet
 facet normal  0.000000e+00  0.000000e+00  1.000000e+00
   outer loop
     vertex  7.943185e+00  1.180176e+01  1.545000e+00
     vertex  7.919037e+00  1.179529e+01  1.545000e+00
     vertex  7.925000e+00  1.175000e+01  1.545000e+00
   endloop
 endfacet
 facet normal  0.000000e+00  0.000000e+00  1.000000e+00
   outer loop
     vertex  7.801764e+00  1.194319e+01  1.545000e+00
     vertex  7.750000e+00  1.195000e+01  1.545000e+00
     vertex  7.750000e+00  1.192500e+01  1.545000e+00
   endloop
 endfacet
 facet normal  0.000000e+00  0.000000e+00  1.000000e+00
   outer loop
     vertex  7.801764e+00  1.194319e+01  1.545000e+00
     vertex  7.750000e+00  1.192500e+01  1.545000e+00
     vertex  7.795293e+00  1.191904e+01  1.545000e+00
   endloop
 endfacet
 facet normal  0.000000e+00  0.000000e+00  1.000000e+00
   outer loop
     vertex  7.923205e+00  1.185000e+01  1.545000e+00
     vertex  7.919037e+00  1.179529e+01  1.545000e+00
     vertex  7.943185e+00  1.180176e+01  1.545000e+00
   endloop
 endfacet
 facet normal  0.000000e+00  0.000000e+00  1.000000e+00
   outer loop
     vertex  7.923205e+00  1.185000e+01  1.545000e+00
     vertex  7.873744e+00  1.187374e+01  1.545000e+00
     vertex  7.901554e+00  1.183750e+01  1.545000e+00
   endloop
 endfacet
 facet normal  0.000000e+00  0.000000e+00  1.000000e+00
   outer loop
     vertex  7.923205e+00  1.185000e+01  1.545000e+00
     vertex  7.901554e+00  1.183750e+01  1.545000e+00
     vertex  7.919037e+00  1.179529e+01  1.545000e+00
   endloop
 endfacet
 facet normal  0.000000e+00  0.000000e+00  1.000000e+00
   outer loop
     vertex  7.850000e+00  1.192321e+01  1.545000e+00
     vertex  7.795293e+00  1.191904e+01  1.545000e+00
     vertex  7.837500e+00  1.190155e+01  1.545000e+00
   endloop
 endfacet
 facet normal  0.000000e+00  0.000000e+00  1.000000e+00
   outer loop
     vertex  7.850000e+00  1.192321e+01  1.545000e+00
     vertex  7.801764e+00  1.194319e+01  1.545000e+00
     vertex  7.795293e+00  1.191904e+01  1.545000e+00
   endloop
 endfacet
 facet normal  0.000000e+00  0.000000e+00  1.000000e+00
   outer loop
     vertex  7.891421e+00  1.189142e+01  1.545000e+00
     vertex  7.873744e+00  1.187374e+01  1.545000e+00
     vertex  7.923205e+00  1.185000e+01  1.545000e+00
   endloop
 endfacet
 facet normal  0.000000e+00  0.000000e+00  1.000000e+00
   outer loop
     vertex  7.891421e+00  1.189142e+01  1.545000e+00
     vertex  7.837500e+00  1.190155e+01  1.545000e+00
     vertex  7.873744e+00  1.187374e+01  1.545000e+00
   endloop
 endfacet
 facet normal  0.000000e+00  0.000000e+00  1.000000e+00
   outer loop
     vertex  7.891421e+00  1.189142e+01  1.545000e+00
     vertex  7.850000e+00  1.192321e+01  1.545000e+00
     vertex  7.837500e+00  1.190155e+01  1.545000e+00
   endloop
 endfacet
 facet normal -1.305262e-01  9.914449e-01  0.000000e+00
   outer loop
     vertex  7.795293e+00  1.158096e+01 -3.500000e-02
     vertex  7.750000e+00  1.157500e+01 -3.500000e-02
     vertex  7.750000e+00  1.157500e+01  1.545000e+00
   endloop
 endfacet
 facet normal -1.305262e-01  9.914449e-01  0.000000e+00
   outer loop
     vertex  7.795293e+00  1.158096e+01 -3.500000e-02
     vertex  7.750000e+00  1.157500e+01  1.545000e+00
     vertex  7.795293e+00  1.158096e+01  1.545000e+00
   endloop
 endfacet
 facet normal -3.826834e-01  9.238795e-01  0.000000e+00
   outer loop
     vertex  7.837500e+00  1.159845e+01 -3.500000e-02
     vertex  7.795293e+00  1.158096e+01  1.545000e+00
     vertex  7.837500e+00  1.159845e+01  1.545000e+00
   endloop
 endfacet
 facet normal -3.826834e-01  9.238795e-01  0.000000e+00
   outer loop
     vertex  7.837500e+00  1.159845e+01 -3.500000e-02
     vertex  7.795293e+00  1.158096e+01 -3.500000e-02
     vertex  7.795293e+00  1.158096e+01  1.545000e+00
   endloop
 endfacet
 facet normal -7.933533e-01  6.087614e-01  0.000000e+00
   outer loop
     vertex  7.873744e+00  1.162626e+01 -3.500000e-02
     vertex  7.873744e+00  1.162626e+01  1.545000e+00
     vertex  7.901554e+00  1.166250e+01  1.545000e+00
   endloop
 endfacet
 facet normal -6.087614e-01  7.933533e-01  0.000000e+00
   outer loop
     vertex  7.873744e+00  1.162626e+01 -3.500000e-02
     vertex  7.837500e+00  1.159845e+01  1.545000e+00
     vertex  7.873744e+00  1.162626e+01  1.545000e+00
   endloop
 endfacet
 facet normal -6.087614e-01  7.933533e-01  0.000000e+00
   outer loop
     vertex  7.873744e+00  1.162626e+01 -3.500000e-02
     vertex  7.837500e+00  1.159845e+01 -3.500000e-02
     vertex  7.837500e+00  1.159845e+01  1.545000e+00
   endloop
 endfacet
 facet normal -7.933533e-01  6.087614e-01  0.000000e+00
   outer loop
     vertex  7.901554e+00  1.166250e+01 -3.500000e-02
     vertex  7.873744e+00  1.162626e+01 -3.500000e-02
     vertex  7.901554e+00  1.166250e+01  1.545000e+00
   endloop
 endfacet
 facet normal -9.914449e-01  1.305262e-01  0.000000e+00
   outer loop
     vertex  7.919037e+00  1.170471e+01 -3.500000e-02
     vertex  7.919037e+00  1.170471e+01  1.545000e+00
     vertex  7.925000e+00  1.175000e+01  1.545000e+00
   endloop
 endfacet
 facet normal -9.238795e-01  3.826834e-01  0.000000e+00
   outer loop
     vertex  7.919037e+00  1.170471e+01 -3.500000e-02
     vertex  7.901554e+00  1.166250e+01  1.545000e+00
     vertex  7.919037e+00  1.170471e+01  1.545000e+00
   endloop
 endfacet
 facet normal -9.238795e-01  3.826834e-01  0.000000e+00
   outer loop
     vertex  7.919037e+00  1.170471e+01 -3.500000e-02
     vertex  7.901554e+00  1.166250e+01 -3.500000e-02
     vertex  7.901554e+00  1.166250e+01  1.545000e+00
   endloop
 endfacet
 facet normal -9.914449e-01  1.305262e-01  0.000000e+00
   outer loop
     vertex  7.925000e+00  1.175000e+01 -3.500000e-02
     vertex  7.919037e+00  1.170471e+01 -3.500000e-02
     vertex  7.925000e+00  1.175000e+01  1.545000e+00
   endloop
 endfacet
 facet normal -9.914449e-01 -1.305262e-01  0.000000e+00
   outer loop
     vertex  7.919037e+00  1.179529e+01 -3.500000e-02
     vertex  7.925000e+00  1.175000e+01  1.545000e+00
     vertex  7.919037e+00  1.179529e+01  1.545000e+00
   endloop
 endfacet
 facet normal -9.914449e-01 -1.305262e-01  0.000000e+00
   outer loop
     vertex  7.919037e+00  1.179529e+01 -3.500000e-02
     vertex  7.925000e+00  1.175000e+01 -3.500000e-02
     vertex  7.925000e+00  1.175000e+01  1.545000e+00
   endloop
 endfacet
 facet normal -9.238795e-01 -3.826834e-01  0.000000e+00
   outer loop
     vertex  7.901554e+00  1.183750e+01 -3.500000e-02
     vertex  7.919037e+00  1.179529e+01  1.545000e+00
     vertex  7.901554e+00  1.183750e+01  1.545000e+00
   endloop
 endfacet
 facet normal -9.238795e-01 -3.826834e-01  0.000000e+00
   outer loop
     vertex  7.901554e+00  1.183750e+01 -3.500000e-02
     vertex  7.919037e+00  1.179529e+01 -3.500000e-02
     vertex  7.919037e+00  1.179529e+01  1.545000e+00
   endloop
 endfacet
 facet normal -7.933533e-01 -6.087614e-01  0.000000e+00
   outer loop
     vertex  7.873744e+00  1.187374e+01 -3.500000e-02
     vertex  7.901554e+00  1.183750e+01  1.545000e+00
     vertex  7.873744e+00  1.187374e+01  1.545000e+00
   endloop
 endfacet
 facet normal -7.933533e-01 -6.087614e-01  0.000000e+00
   outer loop
     vertex  7.873744e+00  1.187374e+01 -3.500000e-02
     vertex  7.901554e+00  1.183750e+01 -3.500000e-02
     vertex  7.901554e+00  1.183750e+01  1.545000e+00
   endloop
 endfacet
 facet normal -6.087614e-01 -7.933533e-01  0.000000e+00
   outer loop
     vertex  7.837500e+00  1.190155e+01 -3.500000e-02
     vertex  7.873744e+00  1.187374e+01  1.545000e+00
     vertex  7.837500e+00  1.190155e+01  1.545000e+00
   endloop
 endfacet
 facet normal -6.087614e-01 -7.933533e-01  0.000000e+00
   outer loop
     vertex  7.837500e+00  1.190155e+01 -3.500000e-02
     vertex  7.873744e+00  1.187374e+01 -3.500000e-02
     vertex  7.873744e+00  1.187374e+01  1.545000e+00
   endloop
 endfacet
 facet normal -3.826834e-01 -9.238795e-01  0.000000e+00
   outer loop
     vertex  7.795293e+00  1.191904e+01 -3.500000e-02
     vertex  7.837500e+00  1.190155e+01  1.545000e+00
     vertex  7.795293e+00  1.191904e+01  1.545000e+00
   endloop
 endfacet
 facet normal -3.826834e-01 -9.238795e-01  0.000000e+00
   outer loop
     vertex  7.795293e+00  1.191904e+01 -3.500000e-02
     vertex  7.837500e+00  1.190155e+01 -3.500000e-02
     vertex  7.837500e+00  1.190155e+01  1.545000e+00
   endloop
 endfacet
 facet normal -1.305262e-01 -9.914449e-01  0.000000e+00
   outer loop
     vertex  7.750000e+00  1.192500e+01 -3.500000e-02
     vertex  7.795293e+00  1.191904e+01  1.545000e+00
     vertex  7.750000e+00  1.192500e+01  1.545000e+00
   endloop
 endfacet
 facet normal -1.305262e-01 -9.914449e-01  0.000000e+00
   outer loop
     vertex  7.750000e+00  1.192500e+01 -3.500000e-02
     vertex  7.795293e+00  1.191904e+01 -3.500000e-02
     vertex  7.795293e+00  1.191904e+01  1.545000e+00
   endloop
 endfacet
 facet normal  3.826834e-01 -9.238795e-01  0.000000e+00
   outer loop
     vertex  7.704707e+00  1.191904e+01 -3.500000e-02
     vertex  7.704707e+00  1.191904e+01  1.545000e+00
     vertex  7.662500e+00  1.190155e+01  1.545000e+00
   endloop
 endfacet
 facet normal  1.305262e-01 -9.914449e-01  0.000000e+00
   outer loop
     vertex  7.704707e+00  1.191904e+01 -3.500000e-02
     vertex  7.750000e+00  1.192500e+01  1.545000e+00
     vertex  7.704707e+00  1.191904e+01  1.545000e+00
   endloop
 endfacet
 facet normal  1.305262e-01 -9.914449e-01  0.000000e+00
   outer loop
     vertex  7.704707e+00  1.191904e+01 -3.500000e-02
     vertex  7.750000e+00  1.192500e+01 -3.500000e-02
     vertex  7.750000e+00  1.192500e+01  1.545000e+00
   endloop
 endfacet
 facet normal  3.826834e-01 -9.238795e-01  0.000000e+00
   outer loop
     vertex  7.662500e+00  1.190155e+01 -3.500000e-02
     vertex  7.704707e+00  1.191904e+01 -3.500000e-02
     vertex  7.662500e+00  1.190155e+01  1.545000e+00
   endloop
 endfacet
 facet normal  6.087614e-01 -7.933533e-01  0.000000e+00
   outer loop
     vertex  7.626256e+00  1.187374e+01 -3.500000e-02
     vertex  7.662500e+00  1.190155e+01 -3.500000e-02
     vertex  7.662500e+00  1.190155e+01  1.545000e+00
   endloop
 endfacet
 facet normal  7.933533e-01 -6.087614e-01  0.000000e+00
   outer loop
     vertex  7.626256e+00  1.187374e+01 -3.500000e-02
     vertex  7.626256e+00  1.187374e+01  1.545000e+00
     vertex  7.598446e+00  1.183750e+01  1.545000e+00
   endloop
 endfacet
 facet normal  6.087614e-01 -7.933533e-01  0.000000e+00
   outer loop
     vertex  7.626256e+00  1.187374e+01 -3.500000e-02
     vertex  7.662500e+00  1.190155e+01  1.545000e+00
     vertex  7.626256e+00  1.187374e+01  1.545000e+00
   endloop
 endfacet
 facet normal  7.933533e-01 -6.087614e-01  0.000000e+00
   outer loop
     vertex  7.598446e+00  1.183750e+01 -3.500000e-02
     vertex  7.626256e+00  1.187374e+01 -3.500000e-02
     vertex  7.598446e+00  1.183750e+01  1.545000e+00
   endloop
 endfacet
 facet normal  9.238795e-01 -3.826834e-01  0.000000e+00
   outer loop
     vertex  7.580963e+00  1.179529e+01 -3.500000e-02
     vertex  7.598446e+00  1.183750e+01 -3.500000e-02
     vertex  7.598446e+00  1.183750e+01  1.545000e+00
   endloop
 endfacet
 facet normal  9.238795e-01 -3.826834e-01  0.000000e+00
   outer loop
     vertex  7.580963e+00  1.179529e+01 -3.500000e-02
     vertex  7.598446e+00  1.183750e+01  1.545000e+00
     vertex  7.580963e+00  1.179529e+01  1.545000e+00
   endloop
 endfacet
 facet normal  9.914449e-01 -1.305262e-01  0.000000e+00
   outer loop
     vertex  7.575000e+00  1.175000e+01 -3.500000e-02
     vertex  7.580963e+00  1.179529e+01 -3.500000e-02
     vertex  7.580963e+00  1.179529e+01  1.545000e+00
   endloop
 endfacet
 facet normal  9.914449e-01 -1.305262e-01  0.000000e+00
   outer loop
     vertex  7.575000e+00  1.175000e+01 -3.500000e-02
     vertex  7.580963e+00  1.179529e+01  1.545000e+00
     vertex  7.575000e+00  1.175000e+01  1.545000e+00
   endloop
 endfacet
 facet normal  9.238795e-01  3.826834e-01 -0.000000e+00
   outer loop
     vertex  7.580963e+00  1.170471e+01 -3.500000e-02
     vertex  7.580963e+00  1.170471e+01  1.545000e+00
     vertex  7.598446e+00  1.166250e+01  1.545000e+00
   endloop
 endfacet
 facet normal  9.914449e-01  1.305262e-01 -0.000000e+00
   outer loop
     vertex  7.580963e+00  1.170471e+01 -3.500000e-02
     vertex  7.575000e+00  1.175000e+01  1.545000e+00
     vertex  7.580963e+00  1.170471e+01  1.545000e+00
   endloop
 endfacet
 facet normal  9.914449e-01  1.305262e-01  0.000000e+00
   outer loop
     vertex  7.580963e+00  1.170471e+01 -3.500000e-02
     vertex  7.575000e+00  1.175000e+01 -3.500000e-02
     vertex  7.575000e+00  1.175000e+01  1.545000e+00
   endloop
 endfacet
 facet normal  9.238795e-01  3.826834e-01 -0.000000e+00
   outer loop
     vertex  7.598446e+00  1.166250e+01 -3.500000e-02
     vertex  7.580963e+00  1.170471e+01 -3.500000e-02
     vertex  7.598446e+00  1.166250e+01  1.545000e+00
   endloop
 endfacet
 facet normal  7.933533e-01  6.087614e-01 -0.000000e+00
   outer loop
     vertex  7.626256e+00  1.162626e+01 -3.500000e-02
     vertex  7.598446e+00  1.166250e+01  1.545000e+00
     vertex  7.626256e+00  1.162626e+01  1.545000e+00
   endloop
 endfacet
 facet normal  7.933533e-01  6.087614e-01  0.000000e+00
   outer loop
     vertex  7.626256e+00  1.162626e+01 -3.500000e-02
     vertex  7.598446e+00  1.166250e+01 -3.500000e-02
     vertex  7.598446e+00  1.166250e+01  1.545000e+00
   endloop
 endfacet
 facet normal  6.087614e-01  7.933533e-01 -0.000000e+00
   outer loop
     vertex  7.662500e+00  1.159845e+01 -3.500000e-02
     vertex  7.626256e+00  1.162626e+01  1.545000e+00
     vertex  7.662500e+00  1.159845e+01  1.545000e+00
   endloop
 endfacet
 facet normal  6.087614e-01  7.933533e-01  0.000000e+00
   outer loop
     vertex  7.662500e+00  1.159845e+01 -3.500000e-02
     vertex  7.626256e+00  1.162626e+01 -3.500000e-02
     vertex  7.626256e+00  1.162626e+01  1.545000e+00
   endloop
 endfacet
 facet normal  3.826834e-01  9.238795e-01 -0.000000e+00
   outer loop
     vertex  7.704707e+00  1.158096e+01 -3.500000e-02
     vertex  7.662500e+00  1.159845e+01  1.545000e+00
     vertex  7.704707e+00  1.158096e+01  1.545000e+00
   endloop
 endfacet
 facet normal  3.826834e-01  9.238795e-01  0.000000e+00
   outer loop
     vertex  7.704707e+00  1.158096e+01 -3.500000e-02
     vertex  7.662500e+00  1.159845e+01 -3.500000e-02
     vertex  7.662500e+00  1.159845e+01  1.545000e+00
   endloop
 endfacet
 facet normal  1.305262e-01  9.914449e-01 -0.000000e+00
   outer loop
     vertex  7.750000e+00  1.157500e+01 -3.500000e-02
     vertex  7.704707e+00  1.158096e+01  1.545000e+00
     vertex  7.750000e+00  1.157500e+01  1.545000e+00
   endloop
 endfacet
 facet normal  1.305262e-01  9.914449e-01  0.000000e+00
   outer loop
     vertex  7.750000e+00  1.157500e+01 -3.500000e-02
     vertex  7.704707e+00  1.158096e+01 -3.500000e-02
     vertex  7.704707e+00  1.158096e+01  1.545000e+00
   endloop
 endfacet
 facet normal  1.305262e-01 -9.914449e-01  0.000000e+00
   outer loop
     vertex  4.051764e+00  4.056815e+00 -3.500000e-02
     vertex  4.000000e+00  4.050000e+00  1.545000e+00
     vertex  4.000000e+00  4.050000e+00 -3.500000e-02
   endloop
 endfacet
 facet normal  1.305262e-01 -9.914449e-01  0.000000e+00
   outer loop
     vertex  4.051764e+00  4.056815e+00 -3.500000e-02
     vertex  4.051764e+00  4.056815e+00  1.545000e+00
     vertex  4.000000e+00  4.050000e+00  1.545000e+00
   endloop
 endfacet
 facet normal  3.826834e-01 -9.238795e-01  0.000000e+00
   outer loop
     vertex  4.100000e+00  4.076795e+00 -3.500000e-02
     vertex  4.100000e+00  4.076795e+00  1.545000e+00
     vertex  4.051764e+00  4.056815e+00  1.545000e+00
   endloop
 endfacet
 facet normal  3.826834e-01 -9.238795e-01  0.000000e+00
   outer loop
     vertex  4.100000e+00  4.076795e+00 -3.500000e-02
     vertex  4.051764e+00  4.056815e+00  1.545000e+00
     vertex  4.051764e+00  4.056815e+00 -3.500000e-02
   endloop
 endfacet
 facet normal  6.087614e-01 -7.933533e-01  0.000000e+00
   outer loop
     vertex  4.141421e+00  4.108579e+00 -3.500000e-02
     vertex  4.141421e+00  4.108579e+00  1.545000e+00
     vertex  4.100000e+00  4.076795e+00  1.545000e+00
   endloop
 endfacet
 facet normal  6.087614e-01 -7.933533e-01  0.000000e+00
   outer loop
     vertex  4.141421e+00  4.108579e+00 -3.500000e-02
     vertex  4.100000e+00  4.076795e+00  1.545000e+00
     vertex  4.100000e+00  4.076795e+00 -3.500000e-02
   endloop
 endfacet
 facet normal  7.933533e-01 -6.087614e-01  0.000000e+00
   outer loop
     vertex  4.173205e+00  4.150000e+00 -3.500000e-02
     vertex  4.173205e+00  4.150000e+00  1.545000e+00
     vertex  4.141421e+00  4.108579e+00  1.545000e+00
   endloop
 endfacet
 facet normal  7.933533e-01 -6.087614e-01  0.000000e+00
   outer loop
     vertex  4.173205e+00  4.150000e+00 -3.500000e-02
     vertex  4.141421e+00  4.108579e+00  1.545000e+00
     vertex  4.141421e+00  4.108579e+00 -3.500000e-02
   endloop
 endfacet
 facet normal  9.238795e-01 -3.826834e-01  0.000000e+00
   outer loop
     vertex  4.193185e+00  4.198236e+00 -3.500000e-02
     vertex  4.193185e+00  4.198236e+00  1.545000e+00
     vertex  4.173205e+00  4.150000e+00  1.545000e+00
   endloop
 endfacet
 facet normal  9.238795e-01 -3.826834e-01  0.000000e+00
   outer loop
     vertex  4.193185e+00  4.198236e+00 -3.500000e-02
     vertex  4.173205e+00  4.150000e+00  1.545000e+00
     vertex  4.173205e+00  4.150000e+00 -3.500000e-02
   endloop
 endfacet
 facet normal  9.914449e-01 -1.305262e-01  0.000000e+00
   outer loop
     vertex  4.200000e+00  4.250000e+00 -3.500000e-02
     vertex  4.200000e+00  4.250000e+00  1.545000e+00
     vertex  4.193185e+00  4.198236e+00  1.545000e+00
   endloop
 endfacet
 facet normal  9.914449e-01 -1.305262e-01  0.000000e+00
   outer loop
     vertex  4.200000e+00  4.250000e+00 -3.500000e-02
     vertex  4.193185e+00  4.198236e+00  1.545000e+00
     vertex  4.193185e+00  4.198236e+00 -3.500000e-02
   endloop
 endfacet
 facet normal  9.914449e-01  1.305262e-01 -0.000000e+00
   outer loop
     vertex  4.193185e+00  4.301764e+00 -3.500000e-02
     vertex  4.193185e+00  4.301764e+00  1.545000e+00
     vertex  4.200000e+00  4.250000e+00  1.545000e+00
   endloop
 endfacet
 facet normal  9.238795e-01  3.826834e-01 -0.000000e+00
   outer loop
     vertex  4.193185e+00  4.301764e+00 -3.500000e-02
     vertex  4.173205e+00  4.350000e+00  1.545000e+00
     vertex  4.193185e+00  4.301764e+00  1.545000e+00
   endloop
 endfacet
 facet normal  9.914449e-01  1.305262e-01  0.000000e+00
   outer loop
     vertex  4.193185e+00  4.301764e+00 -3.500000e-02
     vertex  4.200000e+00  4.250000e+00  1.545000e+00
     vertex  4.200000e+00  4.250000e+00 -3.500000e-02
   endloop
 endfacet
 facet normal  9.238795e-01  3.826834e-01 -0.000000e+00
   outer loop
     vertex  4.173205e+00  4.350000e+00 -3.500000e-02
     vertex  4.173205e+00  4.350000e+00  1.545000e+00
     vertex  4.193185e+00  4.301764e+00 -3.500000e-02
   endloop
 endfacet
 facet normal  7.933533e-01  6.087614e-01 -0.000000e+00
   outer loop
     vertex  4.141421e+00  4.391421e+00 -3.500000e-02
     vertex  4.141421e+00  4.391421e+00  1.545000e+00
     vertex  4.173205e+00  4.350000e+00  1.545000e+00
   endloop
 endfacet
 facet normal  7.933533e-01  6.087614e-01  0.000000e+00
   outer loop
     vertex  4.141421e+00  4.391421e+00 -3.500000e-02
     vertex  4.173205e+00  4.350000e+00  1.545000e+00
     vertex  4.173205e+00  4.350000e+00 -3.500000e-02
   endloop
 endfacet
 facet normal  6.087614e-01  7.933533e-01 -0.000000e+00
   outer loop
     vertex  4.100000e+00  4.423205e+00 -3.500000e-02
     vertex  4.100000e+00  4.423205e+00  1.545000e+00
     vertex  4.141421e+00  4.391421e+00  1.545000e+00
   endloop
 endfacet
 facet normal  6.087614e-01  7.933533e-01  0.000000e+00
   outer loop
     vertex  4.100000e+00  4.423205e+00 -3.500000e-02
     vertex  4.141421e+00  4.391421e+00  1.545000e+00
     vertex  4.141421e+00  4.391421e+00 -3.500000e-02
   endloop
 endfacet
 facet normal  3.826834e-01  9.238795e-01 -0.000000e+00
   outer loop
     vertex  4.051764e+00  4.443185e+00 -3.500000e-02
     vertex  4.051764e+00  4.443185e+00  1.545000e+00
     vertex  4.100000e+00  4.423205e+00  1.545000e+00
   endloop
 endfacet
 facet normal  3.826834e-01  9.238795e-01  0.000000e+00
   outer loop
     vertex  4.051764e+00  4.443185e+00 -3.500000e-02
     vertex  4.100000e+00  4.423205e+00  1.545000e+00
     vertex  4.100000e+00  4.423205e+00 -3.500000e-02
   endloop
 endfacet
 facet normal  1.305262e-01  9.914449e-01  0.000000e+00
   outer loop
     vertex  4.000000e+00  4.450000e+00 -3.500000e-02
     vertex  4.051764e+00  4.443185e+00  1.545000e+00
     vertex  4.051764e+00  4.443185e+00 -3.500000e-02
   endloop
 endfacet
 facet normal  1.305262e-01  9.914449e-01 -0.000000e+00
   outer loop
     vertex  4.000000e+00  4.450000e+00 -3.500000e-02
     vertex  4.000000e+00  4.450000e+00  1.545000e+00
     vertex  4.051764e+00  4.443185e+00  1.545000e+00
   endloop
 endfacet
 facet normal -1.305262e-01  9.914449e-01  0.000000e+00
   outer loop
     vertex  4.000000e+00  4.450000e+00 -3.500000e-02
     vertex  3.948236e+00  4.443185e+00  1.545000e+00
     vertex  4.000000e+00  4.450000e+00  1.545000e+00
   endloop
 endfacet
 facet normal -3.826834e-01  9.238795e-01  0.000000e+00
   outer loop
     vertex  3.948236e+00  4.443185e+00 -3.500000e-02
     vertex  3.900000e+00  4.423205e+00  1.545000e+00
     vertex  3.948236e+00  4.443185e+00  1.545000e+00
   endloop
 endfacet
 facet normal -1.305262e-01  9.914449e-01  0.000000e+00
   outer loop
     vertex  3.948236e+00  4.443185e+00 -3.500000e-02
     vertex  3.948236e+00  4.443185e+00  1.545000e+00
     vertex  4.000000e+00  4.450000e+00 -3.500000e-02
   endloop
 endfacet
 facet normal -3.826834e-01  9.238795e-01  0.000000e+00
   outer loop
     vertex  3.900000e+00  4.423205e+00 -3.500000e-02
     vertex  3.900000e+00  4.423205e+00  1.545000e+00
     vertex  3.948236e+00  4.443185e+00 -3.500000e-02
   endloop
 endfacet
 facet normal -6.087614e-01  7.933533e-01  0.000000e+00
   outer loop
     vertex  3.858579e+00  4.391421e+00 -3.500000e-02
     vertex  3.900000e+00  4.423205e+00  1.545000e+00
     vertex  3.900000e+00  4.423205e+00 -3.500000e-02
   endloop
 endfacet
 facet normal -6.087614e-01  7.933533e-01  0.000000e+00
   outer loop
     vertex  3.858579e+00  4.391421e+00 -3.500000e-02
     vertex  3.858579e+00  4.391421e+00  1.545000e+00
     vertex  3.900000e+00  4.423205e+00  1.545000e+00
   endloop
 endfacet
 facet normal -7.933533e-01  6.087614e-01  0.000000e+00
   outer loop
     vertex  3.826795e+00  4.350000e+00 -3.500000e-02
     vertex  3.826795e+00  4.350000e+00  1.545000e+00
     vertex  3.858579e+00  4.391421e+00  1.545000e+00
   endloop
 endfacet
 facet normal -7.933533e-01  6.087614e-01  0.000000e+00
   outer loop
     vertex  3.826795e+00  4.350000e+00 -3.500000e-02
     vertex  3.858579e+00  4.391421e+00  1.545000e+00
     vertex  3.858579e+00  4.391421e+00 -3.500000e-02
   endloop
 endfacet
 facet normal -9.238795e-01  3.826834e-01  0.000000e+00
   outer loop
     vertex  3.806815e+00  4.301764e+00 -3.500000e-02
     vertex  3.826795e+00  4.350000e+00  1.545000e+00
     vertex  3.826795e+00  4.350000e+00 -3.500000e-02
   endloop
 endfacet
 facet normal -9.238795e-01  3.826834e-01  0.000000e+00
   outer loop
     vertex  3.806815e+00  4.301764e+00 -3.500000e-02
     vertex  3.806815e+00  4.301764e+00  1.545000e+00
     vertex  3.826795e+00  4.350000e+00  1.545000e+00
   endloop
 endfacet
 facet normal -9.914449e-01  1.305262e-01  0.000000e+00
   outer loop
     vertex  3.800000e+00  4.250000e+00 -3.500000e-02
     vertex  3.800000e+00  4.250000e+00  1.545000e+00
     vertex  3.806815e+00  4.301764e+00  1.545000e+00
   endloop
 endfacet
 facet normal -9.914449e-01  1.305262e-01  0.000000e+00
   outer loop
     vertex  3.800000e+00  4.250000e+00 -3.500000e-02
     vertex  3.806815e+00  4.301764e+00  1.545000e+00
     vertex  3.806815e+00  4.301764e+00 -3.500000e-02
   endloop
 endfacet
 facet normal -9.914449e-01 -1.305262e-01  0.000000e+00
   outer loop
     vertex  3.806815e+00  4.198236e+00 -3.500000e-02
     vertex  3.806815e+00  4.198236e+00  1.545000e+00
     vertex  3.800000e+00  4.250000e+00  1.545000e+00
   endloop
 endfacet
 facet normal -9.914449e-01 -1.305262e-01  0.000000e+00
   outer loop
     vertex  3.806815e+00  4.198236e+00 -3.500000e-02
     vertex  3.800000e+00  4.250000e+00  1.545000e+00
     vertex  3.800000e+00  4.250000e+00 -3.500000e-02
   endloop
 endfacet
 facet normal -9.238795e-01 -3.826834e-01  0.000000e+00
   outer loop
     vertex  3.826795e+00  4.150000e+00 -3.500000e-02
     vertex  3.826795e+00  4.150000e+00  1.545000e+00
     vertex  3.806815e+00  4.198236e+00  1.545000e+00
   endloop
 endfacet
 facet normal -9.238795e-01 -3.826834e-01  0.000000e+00
   outer loop
     vertex  3.826795e+00  4.150000e+00 -3.500000e-02
     vertex  3.806815e+00  4.198236e+00  1.545000e+00
     vertex  3.806815e+00  4.198236e+00 -3.500000e-02
   endloop
 endfacet
 facet normal -7.933533e-01 -6.087614e-01  0.000000e+00
   outer loop
     vertex  3.858579e+00  4.108579e+00 -3.500000e-02
     vertex  3.858579e+00  4.108579e+00  1.545000e+00
     vertex  3.826795e+00  4.150000e+00  1.545000e+00
   endloop
 endfacet
 facet normal -7.933533e-01 -6.087614e-01  0.000000e+00
   outer loop
     vertex  3.858579e+00  4.108579e+00 -3.500000e-02
     vertex  3.826795e+00  4.150000e+00  1.545000e+00
     vertex  3.826795e+00  4.150000e+00 -3.500000e-02
   endloop
 endfacet
 facet normal -6.087614e-01 -7.933533e-01  0.000000e+00
   outer loop
     vertex  3.900000e+00  4.076795e+00 -3.500000e-02
     vertex  3.900000e+00  4.076795e+00  1.545000e+00
     vertex  3.858579e+00  4.108579e+00  1.545000e+00
   endloop
 endfacet
 facet normal -6.087614e-01 -7.933533e-01  0.000000e+00
   outer loop
     vertex  3.900000e+00  4.076795e+00 -3.500000e-02
     vertex  3.858579e+00  4.108579e+00  1.545000e+00
     vertex  3.858579e+00  4.108579e+00 -3.500000e-02
   endloop
 endfacet
 facet normal -3.826834e-01 -9.238795e-01  0.000000e+00
   outer loop
     vertex  3.948236e+00  4.056815e+00 -3.500000e-02
     vertex  3.948236e+00  4.056815e+00  1.545000e+00
     vertex  3.900000e+00  4.076795e+00  1.545000e+00
   endloop
 endfacet
 facet normal -3.826834e-01 -9.238795e-01  0.000000e+00
   outer loop
     vertex  3.948236e+00  4.056815e+00 -3.500000e-02
     vertex  3.900000e+00  4.076795e+00  1.545000e+00
     vertex  3.900000e+00  4.076795e+00 -3.500000e-02
   endloop
 endfacet
 facet normal -1.305262e-01 -9.914449e-01  0.000000e+00
   outer loop
     vertex  4.000000e+00  4.050000e+00 -3.500000e-02
     vertex  4.000000e+00  4.050000e+00  1.545000e+00
     vertex  3.948236e+00  4.056815e+00  1.545000e+00
   endloop
 endfacet
 facet normal -1.305262e-01 -9.914449e-01  0.000000e+00
   outer loop
     vertex  4.000000e+00  4.050000e+00 -3.500000e-02
     vertex  3.948236e+00  4.056815e+00  1.545000e+00
     vertex  3.948236e+00  4.056815e+00 -3.500000e-02
   endloop
 endfacet
 facet normal -0.000000e+00  0.000000e+00 -1.000000e+00
   outer loop
     vertex  3.912500e+00  4.098446e+00 -3.500000e-02
     vertex  3.900000e+00  4.076795e+00 -3.500000e-02
     vertex  3.858579e+00  4.108579e+00 -3.500000e-02
   endloop
 endfacet
 facet normal  0.000000e+00  0.000000e+00 -1.000000e+00
   outer loop
     vertex  3.912500e+00  4.098446e+00 -3.500000e-02
     vertex  3.858579e+00  4.108579e+00 -3.500000e-02
     vertex  3.876256e+00  4.126256e+00 -3.500000e-02
   endloop
 endfacet
 facet normal  0.000000e+00 -0.000000e+00 -1.000000e+00
   outer loop
     vertex  3.848446e+00  4.162500e+00 -3.500000e-02
     vertex  3.858579e+00  4.108579e+00 -3.500000e-02
     vertex  3.826795e+00  4.150000e+00 -3.500000e-02
   endloop
 endfacet
 facet normal  0.000000e+00  0.000000e+00 -1.000000e+00
   outer loop
     vertex  3.848446e+00  4.162500e+00 -3.500000e-02
     vertex  3.876256e+00  4.126256e+00 -3.500000e-02
     vertex  3.858579e+00  4.108579e+00 -3.500000e-02
   endloop
 endfacet
 facet normal  0.000000e+00  0.000000e+00 -1.000000e+00
   outer loop
     vertex  3.830963e+00  4.204707e+00 -3.500000e-02
     vertex  3.826795e+00  4.150000e+00 -3.500000e-02
     vertex  3.806815e+00  4.198236e+00 -3.500000e-02
   endloop
 endfacet
 facet normal  0.000000e+00 -0.000000e+00 -1.000000e+00
   outer loop
     vertex  3.830963e+00  4.204707e+00 -3.500000e-02
     vertex  3.848446e+00  4.162500e+00 -3.500000e-02
     vertex  3.826795e+00  4.150000e+00 -3.500000e-02
   endloop
 endfacet
 facet normal  0.000000e+00  0.000000e+00 -1.000000e+00
   outer loop
     vertex  3.954707e+00  4.080963e+00 -3.500000e-02
     vertex  3.948236e+00  4.056815e+00 -3.500000e-02
     vertex  3.900000e+00  4.076795e+00 -3.500000e-02
   endloop
 endfacet
 facet normal -0.000000e+00  0.000000e+00 -1.000000e+00
   outer loop
     vertex  3.954707e+00  4.080963e+00 -3.500000e-02
     vertex  3.900000e+00  4.076795e+00 -3.500000e-02
     vertex  3.912500e+00  4.098446e+00 -3.500000e-02
   endloop
 endfacet
 facet normal -0.000000e+00  0.000000e+00 -1.000000e+00
   outer loop
     vertex  3.825000e+00  4.250000e+00 -3.500000e-02
     vertex  3.806815e+00  4.198236e+00 -3.500000e-02
     vertex  3.800000e+00  4.250000e+00 -3.500000e-02
   endloop
 endfacet
 facet normal  0.000000e+00 -0.000000e+00 -1.000000e+00
   outer loop
     vertex  3.825000e+00  4.250000e+00 -3.500000e-02
     vertex  3.830963e+00  4.204707e+00 -3.500000e-02
     vertex  3.806815e+00  4.198236e+00 -3.500000e-02
   endloop
 endfacet
 facet normal  0.000000e+00 -0.000000e+00 -1.000000e+00
   outer loop
     vertex  4.000000e+00  4.075000e+00 -3.500000e-02
     vertex  4.000000e+00  4.050000e+00 -3.500000e-02
     vertex  3.948236e+00  4.056815e+00 -3.500000e-02
   endloop
 endfacet
 facet normal -0.000000e+00  0.000000e+00 -1.000000e+00
   outer loop
     vertex  4.000000e+00  4.075000e+00 -3.500000e-02
     vertex  3.948236e+00  4.056815e+00 -3.500000e-02
     vertex  3.954707e+00  4.080963e+00 -3.500000e-02
   endloop
 endfacet
 facet normal -0.000000e+00  0.000000e+00 -1.000000e+00
   outer loop
     vertex  3.830963e+00  4.295293e+00 -3.500000e-02
     vertex  3.800000e+00  4.250000e+00 -3.500000e-02
     vertex  3.806815e+00  4.301764e+00 -3.500000e-02
   endloop
 endfacet
 facet normal  0.000000e+00  0.000000e+00 -1.000000e+00
   outer loop
     vertex  3.830963e+00  4.295293e+00 -3.500000e-02
     vertex  3.825000e+00  4.250000e+00 -3.500000e-02
     vertex  3.800000e+00  4.250000e+00 -3.500000e-02
   endloop
 endfacet
 facet normal  0.000000e+00 -0.000000e+00 -1.000000e+00
   outer loop
     vertex  4.045293e+00  4.080963e+00 -3.500000e-02
     vertex  4.051764e+00  4.056815e+00 -3.500000e-02
     vertex  4.000000e+00  4.050000e+00 -3.500000e-02
   endloop
 endfacet
 facet normal  0.000000e+00  0.000000e+00 -1.000000e+00
   outer loop
     vertex  4.045293e+00  4.080963e+00 -3.500000e-02
     vertex  4.000000e+00  4.050000e+00 -3.500000e-02
     vertex  4.000000e+00  4.075000e+00 -3.500000e-02
   endloop
 endfacet
 facet normal -0.000000e+00  0.000000e+00 -1.000000e+00
   outer loop
     vertex  4.100000e+00  4.076795e+00 -3.500000e-02
     vertex  4.051764e+00  4.056815e+00 -3.500000e-02
     vertex  4.045293e+00  4.080963e+00 -3.500000e-02
   endloop
 endfacet
 facet normal -0.000000e+00  0.000000e+00 -1.000000e+00
   outer loop
     vertex  3.848446e+00  4.337500e+00 -3.500000e-02
     vertex  3.806815e+00  4.301764e+00 -3.500000e-02
     vertex  3.826795e+00  4.350000e+00 -3.500000e-02
   endloop
 endfacet
 facet normal  0.000000e+00  0.000000e+00 -1.000000e+00
   outer loop
     vertex  3.848446e+00  4.337500e+00 -3.500000e-02
     vertex  3.830963e+00  4.295293e+00 -3.500000e-02
     vertex  3.806815e+00  4.301764e+00 -3.500000e-02
   endloop
 endfacet
 facet normal  0.000000e+00 -0.000000e+00 -1.000000e+00
   outer loop
     vertex  4.087500e+00  4.098446e+00 -3.500000e-02
     vertex  4.100000e+00  4.076795e+00 -3.500000e-02
     vertex  4.045293e+00  4.080963e+00 -3.500000e-02
   endloop
 endfacet
 facet normal -0.000000e+00  0.000000e+00 -1.000000e+00
   outer loop
     vertex  3.876256e+00  4.373744e+00 -3.500000e-02
     vertex  3.826795e+00  4.350000e+00 -3.500000e-02
     vertex  3.858579e+00  4.391421e+00 -3.500000e-02
   endloop
 endfacet
 facet normal  0.000000e+00  0.000000e+00 -1.000000e+00
   outer loop
     vertex  3.876256e+00  4.373744e+00 -3.500000e-02
     vertex  3.848446e+00  4.337500e+00 -3.500000e-02
     vertex  3.826795e+00  4.350000e+00 -3.500000e-02
   endloop
 endfacet
 facet normal  0.000000e+00 -0.000000e+00 -1.000000e+00
   outer loop
     vertex  4.123744e+00  4.126256e+00 -3.500000e-02
     vertex  4.141421e+00  4.108579e+00 -3.500000e-02
     vertex  4.100000e+00  4.076795e+00 -3.500000e-02
   endloop
 endfacet
 facet normal  0.000000e+00  0.000000e+00 -1.000000e+00
   outer loop
     vertex  4.123744e+00  4.126256e+00 -3.500000e-02
     vertex  4.100000e+00  4.076795e+00 -3.500000e-02
     vertex  4.087500e+00  4.098446e+00 -3.500000e-02
   endloop
 endfacet
 facet normal  0.000000e+00 -0.000000e+00 -1.000000e+00
   outer loop
     vertex  3.900000e+00  4.423205e+00 -3.500000e-02
     vertex  3.912500e+00  4.401554e+00 -3.500000e-02
     vertex  3.876256e+00  4.373744e+00 -3.500000e-02
   endloop
 endfacet
 facet normal  0.000000e+00  0.000000e+00 -1.000000e+00
   outer loop
     vertex  3.900000e+00  4.423205e+00 -3.500000e-02
     vertex  3.876256e+00  4.373744e+00 -3.500000e-02
     vertex  3.858579e+00  4.391421e+00 -3.500000e-02
   endloop
 endfacet
 facet normal -0.000000e+00  0.000000e+00 -1.000000e+00
   outer loop
     vertex  4.173205e+00  4.150000e+00 -3.500000e-02
     vertex  4.123744e+00  4.126256e+00 -3.500000e-02
     vertex  4.151554e+00  4.162500e+00 -3.500000e-02
   endloop
 endfacet
 facet normal  0.000000e+00  0.000000e+00 -1.000000e+00
   outer loop
     vertex  4.173205e+00  4.150000e+00 -3.500000e-02
     vertex  4.141421e+00  4.108579e+00 -3.500000e-02
     vertex  4.123744e+00  4.126256e+00 -3.500000e-02
   endloop
 endfacet
 facet normal  0.000000e+00  0.000000e+00 -1.000000e+00
   outer loop
     vertex  4.193185e+00  4.198236e+00 -3.500000e-02
     vertex  4.173205e+00  4.150000e+00 -3.500000e-02
     vertex  4.151554e+00  4.162500e+00 -3.500000e-02
   endloop
 endfacet
 facet normal -0.000000e+00  0.000000e+00 -1.000000e+00
   outer loop
     vertex  4.193185e+00  4.198236e+00 -3.500000e-02
     vertex  4.151554e+00  4.162500e+00 -3.500000e-02
     vertex  4.169037e+00  4.204707e+00 -3.500000e-02
   endloop
 endfacet
 facet normal  0.000000e+00  0.000000e+00 -1.000000e+00
   outer loop
     vertex  3.948236e+00  4.443185e+00 -3.500000e-02
     vertex  3.912500e+00  4.401554e+00 -3.500000e-02
     vertex  3.900000e+00  4.423205e+00 -3.500000e-02
   endloop
 endfacet
 facet normal  0.000000e+00 -0.000000e+00 -1.000000e+00
   outer loop
     vertex  3.948236e+00  4.443185e+00 -3.500000e-02
     vertex  3.954707e+00  4.419037e+00 -3.500000e-02
     vertex  3.912500e+00  4.401554e+00 -3.500000e-02
   endloop
 endfacet
 facet normal  0.000000e+00  0.000000e+00 -1.000000e+00
   outer loop
     vertex  4.000000e+00  4.450000e+00 -3.500000e-02
     vertex  3.954707e+00  4.419037e+00 -3.500000e-02
     vertex  3.948236e+00  4.443185e+00 -3.500000e-02
   endloop
 endfacet
 facet normal  0.000000e+00 -0.000000e+00 -1.000000e+00
   outer loop
     vertex  4.000000e+00  4.450000e+00 -3.500000e-02
     vertex  4.000000e+00  4.425000e+00 -3.500000e-02
     vertex  3.954707e+00  4.419037e+00 -3.500000e-02
   endloop
 endfacet
 facet normal  0.000000e+00  0.000000e+00 -1.000000e+00
   outer loop
     vertex  4.200000e+00  4.250000e+00 -3.500000e-02
     vertex  4.193185e+00  4.198236e+00 -3.500000e-02
     vertex  4.169037e+00  4.204707e+00 -3.500000e-02
   endloop
 endfacet
 facet normal -0.000000e+00  0.000000e+00 -1.000000e+00
   outer loop
     vertex  4.200000e+00  4.250000e+00 -3.500000e-02
     vertex  4.169037e+00  4.204707e+00 -3.500000e-02
     vertex  4.175000e+00  4.250000e+00 -3.500000e-02
   endloop
 endfacet
 facet normal  0.000000e+00  0.000000e+00 -1.000000e+00
   outer loop
     vertex  4.169037e+00  4.295293e+00 -3.500000e-02
     vertex  4.200000e+00  4.250000e+00 -3.500000e-02
     vertex  4.175000e+00  4.250000e+00 -3.500000e-02
   endloop
 endfacet
 facet normal  0.000000e+00 -0.000000e+00 -1.000000e+00
   outer loop
     vertex  4.193185e+00  4.301764e+00 -3.500000e-02
     vertex  4.200000e+00  4.250000e+00 -3.500000e-02
     vertex  4.169037e+00  4.295293e+00 -3.500000e-02
   endloop
 endfacet
 facet normal -0.000000e+00  0.000000e+00 -1.000000e+00
   outer loop
     vertex  4.051764e+00  4.443185e+00 -3.500000e-02
     vertex  4.000000e+00  4.425000e+00 -3.500000e-02
     vertex  4.000000e+00  4.450000e+00 -3.500000e-02
   endloop
 endfacet
 facet normal  0.000000e+00  0.000000e+00 -1.000000e+00
   outer loop
     vertex  4.051764e+00  4.443185e+00 -3.500000e-02
     vertex  4.045293e+00  4.419037e+00 -3.500000e-02
     vertex  4.000000e+00  4.425000e+00 -3.500000e-02
   endloop
 endfacet
 facet normal  0.000000e+00  0.000000e+00 -1.000000e+00
   outer loop
     vertex  4.173205e+00  4.350000e+00 -3.500000e-02
     vertex  4.169037e+00  4.295293e+00 -3.500000e-02
     vertex  4.151554e+00  4.337500e+00 -3.500000e-02
   endloop
 endfacet
 facet normal  0.000000e+00 -0.000000e+00 -1.000000e+00
   outer loop
     vertex  4.173205e+00  4.350000e+00 -3.500000e-02
     vertex  4.193185e+00  4.301764e+00 -3.500000e-02
     vertex  4.169037e+00  4.295293e+00 -3.500000e-02
   endloop
 endfacet
 facet normal  0.000000e+00  0.000000e+00 -1.000000e+00
   outer loop
     vertex  4.100000e+00  4.423205e+00 -3.500000e-02
     vertex  4.087500e+00  4.401554e+00 -3.500000e-02
     vertex  4.045293e+00  4.419037e+00 -3.500000e-02
   endloop
 endfacet
 facet normal -0.000000e+00  0.000000e+00 -1.000000e+00
   outer loop
     vertex  4.100000e+00  4.423205e+00 -3.500000e-02
     vertex  4.045293e+00  4.419037e+00 -3.500000e-02
     vertex  4.051764e+00  4.443185e+00 -3.500000e-02
   endloop
 endfacet
 facet normal -0.000000e+00  0.000000e+00 -1.000000e+00
   outer loop
     vertex  4.141421e+00  4.391421e+00 -3.500000e-02
     vertex  4.123744e+00  4.373744e+00 -3.500000e-02
     vertex  4.087500e+00  4.401554e+00 -3.500000e-02
   endloop
 endfacet
 facet normal  0.000000e+00 -0.000000e+00 -1.000000e+00
   outer loop
     vertex  4.141421e+00  4.391421e+00 -3.500000e-02
     vertex  4.151554e+00  4.337500e+00 -3.500000e-02
     vertex  4.123744e+00  4.373744e+00 -3.500000e-02
   endloop
 endfacet
 facet normal  0.000000e+00  0.000000e+00 -1.000000e+00
   outer loop
     vertex  4.141421e+00  4.391421e+00 -3.500000e-02
     vertex  4.173205e+00  4.350000e+00 -3.500000e-02
     vertex  4.151554e+00  4.337500e+00 -3.500000e-02
   endloop
 endfacet
 facet normal  0.000000e+00  0.000000e+00 -1.000000e+00
   outer loop
     vertex  4.141421e+00  4.391421e+00 -3.500000e-02
     vertex  4.087500e+00  4.401554e+00 -3.500000e-02
     vertex  4.100000e+00  4.423205e+00 -3.500000e-02
   endloop
 endfacet
 facet normal  0.000000e+00  0.000000e+00  1.000000e+00
   outer loop
     vertex  3.912500e+00  4.098446e+00  1.545000e+00
     vertex  3.858579e+00  4.108579e+00  1.545000e+00
     vertex  3.900000e+00  4.076795e+00  1.545000e+00
   endloop
 endfacet
 facet normal  0.000000e+00  0.000000e+00  1.000000e+00
   outer loop
     vertex  3.912500e+00  4.098446e+00  1.545000e+00
     vertex  3.876256e+00  4.126256e+00  1.545000e+00
     vertex  3.858579e+00  4.108579e+00  1.545000e+00
   endloop
 endfacet
 facet normal  0.000000e+00  0.000000e+00  1.000000e+00
   outer loop
     vertex  3.848446e+00  4.162500e+00  1.545000e+00
     vertex  3.826795e+00  4.150000e+00  1.545000e+00
     vertex  3.858579e+00  4.108579e+00  1.545000e+00
   endloop
 endfacet
 facet normal  0.000000e+00  0.000000e+00  1.000000e+00
   outer loop
     vertex  3.848446e+00  4.162500e+00  1.545000e+00
     vertex  3.858579e+00  4.108579e+00  1.545000e+00
     vertex  3.876256e+00  4.126256e+00  1.545000e+00
   endloop
 endfacet
 facet normal  0.000000e+00  0.000000e+00  1.000000e+00
   outer loop
     vertex  3.830963e+00  4.204707e+00  1.545000e+00
     vertex  3.806815e+00  4.198236e+00  1.545000e+00
     vertex  3.826795e+00  4.150000e+00  1.545000e+00
   endloop
 endfacet
 facet normal  0.000000e+00  0.000000e+00  1.000000e+00
   outer loop
     vertex  3.830963e+00  4.204707e+00  1.545000e+00
     vertex  3.826795e+00  4.150000e+00  1.545000e+00
     vertex  3.848446e+00  4.162500e+00  1.545000e+00
   endloop
 endfacet
 facet normal  0.000000e+00  0.000000e+00  1.000000e+00
   outer loop
     vertex  3.954707e+00  4.080963e+00  1.545000e+00
     vertex  3.900000e+00  4.076795e+00  1.545000e+00
     vertex  3.948236e+00  4.056815e+00  1.545000e+00
   endloop
 endfacet
 facet normal  0.000000e+00  0.000000e+00  1.000000e+00
   outer loop
     vertex  3.954707e+00  4.080963e+00  1.545000e+00
     vertex  3.912500e+00  4.098446e+00  1.545000e+00
     vertex  3.900000e+00  4.076795e+00  1.545000e+00
   endloop
 endfacet
 facet normal  0.000000e+00  0.000000e+00  1.000000e+00
   outer loop
     vertex  3.825000e+00  4.250000e+00  1.545000e+00
     vertex  3.800000e+00  4.250000e+00  1.545000e+00
     vertex  3.806815e+00  4.198236e+00  1.545000e+00
   endloop
 endfacet
 facet normal  0.000000e+00  0.000000e+00  1.000000e+00
   outer loop
     vertex  3.825000e+00  4.250000e+00  1.545000e+00
     vertex  3.806815e+00  4.198236e+00  1.545000e+00
     vertex  3.830963e+00  4.204707e+00  1.545000e+00
   endloop
 endfacet
 facet normal  0.000000e+00  0.000000e+00  1.000000e+00
   outer loop
     vertex  4.000000e+00  4.075000e+00  1.545000e+00
     vertex  3.948236e+00  4.056815e+00  1.545000e+00
     vertex  4.000000e+00  4.050000e+00  1.545000e+00
   endloop
 endfacet
 facet normal  0.000000e+00  0.000000e+00  1.000000e+00
   outer loop
     vertex  4.000000e+00  4.075000e+00  1.545000e+00
     vertex  3.954707e+00  4.080963e+00  1.545000e+00
     vertex  3.948236e+00  4.056815e+00  1.545000e+00
   endloop
 endfacet
 facet normal  0.000000e+00  0.000000e+00  1.000000e+00
   outer loop
     vertex  3.830963e+00  4.295293e+00  1.545000e+00
     vertex  3.806815e+00  4.301764e+00  1.545000e+00
     vertex  3.800000e+00  4.250000e+00  1.545000e+00
   endloop
 endfacet
 facet normal  0.000000e+00  0.000000e+00  1.000000e+00
   outer loop
     vertex  3.830963e+00  4.295293e+00  1.545000e+00
     vertex  3.800000e+00  4.250000e+00  1.545000e+00
     vertex  3.825000e+00  4.250000e+00  1.545000e+00
   endloop
 endfacet
 facet normal  0.000000e+00  0.000000e+00  1.000000e+00
   outer loop
     vertex  4.045293e+00  4.080963e+00  1.545000e+00
     vertex  4.000000e+00  4.050000e+00  1.545000e+00
     vertex  4.051764e+00  4.056815e+00  1.545000e+00
   endloop
 endfacet
 facet normal  0.000000e+00  0.000000e+00  1.000000e+00
   outer loop
     vertex  4.045293e+00  4.080963e+00  1.545000e+00
     vertex  4.000000e+00  4.075000e+00  1.545000e+00
     vertex  4.000000e+00  4.050000e+00  1.545000e+00
   endloop
 endfacet
 facet normal  0.000000e+00  0.000000e+00  1.000000e+00
   outer loop
     vertex  4.100000e+00  4.076795e+00  1.545000e+00
     vertex  4.045293e+00  4.080963e+00  1.545000e+00
     vertex  4.051764e+00  4.056815e+00  1.545000e+00
   endloop
 endfacet
 facet normal  0.000000e+00  0.000000e+00  1.000000e+00
   outer loop
     vertex  3.848446e+00  4.337500e+00  1.545000e+00
     vertex  3.826795e+00  4.350000e+00  1.545000e+00
     vertex  3.806815e+00  4.301764e+00  1.545000e+00
   endloop
 endfacet
 facet normal  0.000000e+00  0.000000e+00  1.000000e+00
   outer loop
     vertex  3.848446e+00  4.337500e+00  1.545000e+00
     vertex  3.806815e+00  4.301764e+00  1.545000e+00
     vertex  3.830963e+00  4.295293e+00  1.545000e+00
   endloop
 endfacet
 facet normal  0.000000e+00  0.000000e+00  1.000000e+00
   outer loop
     vertex  4.087500e+00  4.098446e+00  1.545000e+00
     vertex  4.045293e+00  4.080963e+00  1.545000e+00
     vertex  4.100000e+00  4.076795e+00  1.545000e+00
   endloop
 endfacet
 facet normal  0.000000e+00  0.000000e+00  1.000000e+00
   outer loop
     vertex  3.876256e+00  4.373744e+00  1.545000e+00
     vertex  3.858579e+00  4.391421e+00  1.545000e+00
     vertex  3.826795e+00  4.350000e+00  1.545000e+00
   endloop
 endfacet
 facet normal  0.000000e+00  0.000000e+00  1.000000e+00
   outer loop
     vertex  3.876256e+00  4.373744e+00  1.545000e+00
     vertex  3.826795e+00  4.350000e+00  1.545000e+00
     vertex  3.848446e+00  4.337500e+00  1.545000e+00
   endloop
 endfacet
 facet normal  0.000000e+00  0.000000e+00  1.000000e+00
   outer loop
     vertex  4.123744e+00  4.126256e+00  1.545000e+00
     vertex  4.100000e+00  4.076795e+00  1.545000e+00
     vertex  4.141421e+00  4.108579e+00  1.545000e+00
   endloop
 endfacet
 facet normal  0.000000e+00  0.000000e+00  1.000000e+00
   outer loop
     vertex  4.123744e+00  4.126256e+00  1.545000e+00
     vertex  4.087500e+00  4.098446e+00  1.545000e+00
     vertex  4.100000e+00  4.076795e+00  1.545000e+00
   endloop
 endfacet
 facet normal  0.000000e+00  0.000000e+00  1.000000e+00
   outer loop
     vertex  3.900000e+00  4.423205e+00  1.545000e+00
     vertex  3.876256e+00  4.373744e+00  1.545000e+00
     vertex  3.912500e+00  4.401554e+00  1.545000e+00
   endloop
 endfacet
 facet normal  0.000000e+00  0.000000e+00  1.000000e+00
   outer loop
     vertex  3.900000e+00  4.423205e+00  1.545000e+00
     vertex  3.858579e+00  4.391421e+00  1.545000e+00
     vertex  3.876256e+00  4.373744e+00  1.545000e+00
   endloop
 endfacet
 facet normal  0.000000e+00  0.000000e+00  1.000000e+00
   outer loop
     vertex  4.173205e+00  4.150000e+00  1.545000e+00
     vertex  4.151554e+00  4.162500e+00  1.545000e+00
     vertex  4.123744e+00  4.126256e+00  1.545000e+00
   endloop
 endfacet
 facet normal  0.000000e+00  0.000000e+00  1.000000e+00
   outer loop
     vertex  4.173205e+00  4.150000e+00  1.545000e+00
     vertex  4.123744e+00  4.126256e+00  1.545000e+00
     vertex  4.141421e+00  4.108579e+00  1.545000e+00
   endloop
 endfacet
 facet normal  0.000000e+00  0.000000e+00  1.000000e+00
   outer loop
     vertex  4.193185e+00  4.198236e+00  1.545000e+00
     vertex  4.151554e+00  4.162500e+00  1.545000e+00
     vertex  4.173205e+00  4.150000e+00  1.545000e+00
   endloop
 endfacet
 facet normal  0.000000e+00  0.000000e+00  1.000000e+00
   outer loop
     vertex  4.193185e+00  4.198236e+00  1.545000e+00
     vertex  4.169037e+00  4.204707e+00  1.545000e+00
     vertex  4.151554e+00  4.162500e+00  1.545000e+00
   endloop
 endfacet
 facet normal  0.000000e+00  0.000000e+00  1.000000e+00
   outer loop
     vertex  3.948236e+00  4.443185e+00  1.545000e+00
     vertex  3.900000e+00  4.423205e+00  1.545000e+00
     vertex  3.912500e+00  4.401554e+00  1.545000e+00
   endloop
 endfacet
 facet normal  0.000000e+00  0.000000e+00  1.000000e+00
   outer loop
     vertex  3.948236e+00  4.443185e+00  1.545000e+00
     vertex  3.912500e+00  4.401554e+00  1.545000e+00
     vertex  3.954707e+00  4.419037e+00  1.545000e+00
   endloop
 endfacet
 facet normal  0.000000e+00  0.000000e+00  1.000000e+00
   outer loop
     vertex  4.000000e+00  4.450000e+00  1.545000e+00
     vertex  3.948236e+00  4.443185e+00  1.545000e+00
     vertex  3.954707e+00  4.419037e+00  1.545000e+00
   endloop
 endfacet
 facet normal  0.000000e+00  0.000000e+00  1.000000e+00
   outer loop
     vertex  4.000000e+00  4.450000e+00  1.545000e+00
     vertex  3.954707e+00  4.419037e+00  1.545000e+00
     vertex  4.000000e+00  4.425000e+00  1.545000e+00
   endloop
 endfacet
 facet normal  0.000000e+00  0.000000e+00  1.000000e+00
   outer loop
     vertex  4.200000e+00  4.250000e+00  1.545000e+00
     vertex  4.169037e+00  4.204707e+00  1.545000e+00
     vertex  4.193185e+00  4.198236e+00  1.545000e+00
   endloop
 endfacet
 facet normal  0.000000e+00  0.000000e+00  1.000000e+00
   outer loop
     vertex  4.200000e+00  4.250000e+00  1.545000e+00
     vertex  4.175000e+00  4.250000e+00  1.545000e+00
     vertex  4.169037e+00  4.204707e+00  1.545000e+00
   endloop
 endfacet
 facet normal  0.000000e+00  0.000000e+00  1.000000e+00
   outer loop
     vertex  4.169037e+00  4.295293e+00  1.545000e+00
     vertex  4.175000e+00  4.250000e+00  1.545000e+00
     vertex  4.200000e+00  4.250000e+00  1.545000e+00
   endloop
 endfacet
 facet normal  0.000000e+00  0.000000e+00  1.000000e+00
   outer loop
     vertex  4.193185e+00  4.301764e+00  1.545000e+00
     vertex  4.169037e+00  4.295293e+00  1.545000e+00
     vertex  4.200000e+00  4.250000e+00  1.545000e+00
   endloop
 endfacet
 facet normal  0.000000e+00  0.000000e+00  1.000000e+00
   outer loop
     vertex  4.051764e+00  4.443185e+00  1.545000e+00
     vertex  4.000000e+00  4.450000e+00  1.545000e+00
     vertex  4.000000e+00  4.425000e+00  1.545000e+00
   endloop
 endfacet
 facet normal  0.000000e+00  0.000000e+00  1.000000e+00
   outer loop
     vertex  4.051764e+00  4.443185e+00  1.545000e+00
     vertex  4.000000e+00  4.425000e+00  1.545000e+00
     vertex  4.045293e+00  4.419037e+00  1.545000e+00
   endloop
 endfacet
 facet normal  0.000000e+00  0.000000e+00  1.000000e+00
   outer loop
     vertex  4.173205e+00  4.350000e+00  1.545000e+00
     vertex  4.151554e+00  4.337500e+00  1.545000e+00
     vertex  4.169037e+00  4.295293e+00  1.545000e+00
   endloop
 endfacet
 facet normal  0.000000e+00  0.000000e+00  1.000000e+00
   outer loop
     vertex  4.173205e+00  4.350000e+00  1.545000e+00
     vertex  4.169037e+00  4.295293e+00  1.545000e+00
     vertex  4.193185e+00  4.301764e+00  1.545000e+00
   endloop
 endfacet
 facet normal  0.000000e+00  0.000000e+00  1.000000e+00
   outer loop
     vertex  4.100000e+00  4.423205e+00  1.545000e+00
     vertex  4.045293e+00  4.419037e+00  1.545000e+00
     vertex  4.087500e+00  4.401554e+00  1.545000e+00
   endloop
 endfacet
 facet normal  0.000000e+00  0.000000e+00  1.000000e+00
   outer loop
     vertex  4.100000e+00  4.423205e+00  1.545000e+00
     vertex  4.051764e+00  4.443185e+00  1.545000e+00
     vertex  4.045293e+00  4.419037e+00  1.545000e+00
   endloop
 endfacet
 facet normal  0.000000e+00  0.000000e+00  1.000000e+00
   outer loop
     vertex  4.141421e+00  4.391421e+00  1.545000e+00
     vertex  4.087500e+00  4.401554e+00  1.545000e+00
     vertex  4.123744e+00  4.373744e+00  1.545000e+00
   endloop
 endfacet
 facet normal  0.000000e+00  0.000000e+00  1.000000e+00
   outer loop
     vertex  4.141421e+00  4.391421e+00  1.545000e+00
     vertex  4.123744e+00  4.373744e+00  1.545000e+00
     vertex  4.151554e+00  4.337500e+00  1.545000e+00
   endloop
 endfacet
 facet normal  0.000000e+00  0.000000e+00  1.000000e+00
   outer loop
     vertex  4.141421e+00  4.391421e+00  1.545000e+00
     vertex  4.151554e+00  4.337500e+00  1.545000e+00
     vertex  4.173205e+00  4.350000e+00  1.545000e+00
   endloop
 endfacet
 facet normal  0.000000e+00  0.000000e+00  1.000000e+00
   outer loop
     vertex  4.141421e+00  4.391421e+00  1.545000e+00
     vertex  4.100000e+00  4.423205e+00  1.545000e+00
     vertex  4.087500e+00  4.401554e+00  1.545000e+00
   endloop
 endfacet
 facet normal -1.305262e-01  9.914449e-01  0.000000e+00
   outer loop
     vertex  4.045293e+00  4.080963e+00 -3.500000e-02
     vertex  4.000000e+00  4.075000e+00 -3.500000e-02
     vertex  4.000000e+00  4.075000e+00  1.545000e+00
   endloop
 endfacet
 facet normal -1.305262e-01  9.914449e-01  0.000000e+00
   outer loop
     vertex  4.045293e+00  4.080963e+00 -3.500000e-02
     vertex  4.000000e+00  4.075000e+00  1.545000e+00
     vertex  4.045293e+00  4.080963e+00  1.545000e+00
   endloop
 endfacet
 facet normal -3.826834e-01  9.238795e-01  0.000000e+00
   outer loop
     vertex  4.087500e+00  4.098446e+00 -3.500000e-02
     vertex  4.045293e+00  4.080963e+00  1.545000e+00
     vertex  4.087500e+00  4.098446e+00  1.545000e+00
   endloop
 endfacet
 facet normal -3.826834e-01  9.238795e-01  0.000000e+00
   outer loop
     vertex  4.087500e+00  4.098446e+00 -3.500000e-02
     vertex  4.045293e+00  4.080963e+00 -3.500000e-02
     vertex  4.045293e+00  4.080963e+00  1.545000e+00
   endloop
 endfacet
 facet normal -7.933533e-01  6.087614e-01  0.000000e+00
   outer loop
     vertex  4.123744e+00  4.126256e+00 -3.500000e-02
     vertex  4.123744e+00  4.126256e+00  1.545000e+00
     vertex  4.151554e+00  4.162500e+00  1.545000e+00
   endloop
 endfacet
 facet normal -6.087614e-01  7.933533e-01  0.000000e+00
   outer loop
     vertex  4.123744e+00  4.126256e+00 -3.500000e-02
     vertex  4.087500e+00  4.098446e+00  1.545000e+00
     vertex  4.123744e+00  4.126256e+00  1.545000e+00
   endloop
 endfacet
 facet normal -6.087614e-01  7.933533e-01  0.000000e+00
   outer loop
     vertex  4.123744e+00  4.126256e+00 -3.500000e-02
     vertex  4.087500e+00  4.098446e+00 -3.500000e-02
     vertex  4.087500e+00  4.098446e+00  1.545000e+00
   endloop
 endfacet
 facet normal -7.933533e-01  6.087614e-01  0.000000e+00
   outer loop
     vertex  4.151554e+00  4.162500e+00 -3.500000e-02
     vertex  4.123744e+00  4.126256e+00 -3.500000e-02
     vertex  4.151554e+00  4.162500e+00  1.545000e+00
   endloop
 endfacet
 facet normal -9.914449e-01  1.305262e-01  0.000000e+00
   outer loop
     vertex  4.169037e+00  4.204707e+00 -3.500000e-02
     vertex  4.169037e+00  4.204707e+00  1.545000e+00
     vertex  4.175000e+00  4.250000e+00  1.545000e+00
   endloop
 endfacet
 facet normal -9.238795e-01  3.826834e-01  0.000000e+00
   outer loop
     vertex  4.169037e+00  4.204707e+00 -3.500000e-02
     vertex  4.151554e+00  4.162500e+00  1.545000e+00
     vertex  4.169037e+00  4.204707e+00  1.545000e+00
   endloop
 endfacet
 facet normal -9.238795e-01  3.826834e-01  0.000000e+00
   outer loop
     vertex  4.169037e+00  4.204707e+00 -3.500000e-02
     vertex  4.151554e+00  4.162500e+00 -3.500000e-02
     vertex  4.151554e+00  4.162500e+00  1.545000e+00
   endloop
 endfacet
 facet normal -9.914449e-01  1.305262e-01  0.000000e+00
   outer loop
     vertex  4.175000e+00  4.250000e+00 -3.500000e-02
     vertex  4.169037e+00  4.204707e+00 -3.500000e-02
     vertex  4.175000e+00  4.250000e+00  1.545000e+00
   endloop
 endfacet
 facet normal -9.914449e-01 -1.305262e-01  0.000000e+00
   outer loop
     vertex  4.169037e+00  4.295293e+00 -3.500000e-02
     vertex  4.175000e+00  4.250000e+00  1.545000e+00
     vertex  4.169037e+00  4.295293e+00  1.545000e+00
   endloop
 endfacet
 facet normal -9.914449e-01 -1.305262e-01  0.000000e+00
   outer loop
     vertex  4.169037e+00  4.295293e+00 -3.500000e-02
     vertex  4.175000e+00  4.250000e+00 -3.500000e-02
     vertex  4.175000e+00  4.250000e+00  1.545000e+00
   endloop
 endfacet
 facet normal -9.238795e-01 -3.826834e-01  0.000000e+00
   outer loop
     vertex  4.151554e+00  4.337500e+00 -3.500000e-02
     vertex  4.169037e+00  4.295293e+00  1.545000e+00
     vertex  4.151554e+00  4.337500e+00  1.545000e+00
   endloop
 endfacet
 facet normal -9.238795e-01 -3.826834e-01  0.000000e+00
   outer loop
     vertex  4.151554e+00  4.337500e+00 -3.500000e-02
     vertex  4.169037e+00  4.295293e+00 -3.500000e-02
     vertex  4.169037e+00  4.295293e+00  1.545000e+00
   endloop
 endfacet
 facet normal -7.933533e-01 -6.087614e-01  0.000000e+00
   outer loop
     vertex  4.123744e+00  4.373744e+00 -3.500000e-02
     vertex  4.151554e+00  4.337500e+00  1.545000e+00
     vertex  4.123744e+00  4.373744e+00  1.545000e+00
   endloop
 endfacet
 facet normal -7.933533e-01 -6.087614e-01  0.000000e+00
   outer loop
     vertex  4.123744e+00  4.373744e+00 -3.500000e-02
     vertex  4.151554e+00  4.337500e+00 -3.500000e-02
     vertex  4.151554e+00  4.337500e+00  1.545000e+00
   endloop
 endfacet
 facet normal -6.087614e-01 -7.933533e-01  0.000000e+00
   outer loop
     vertex  4.087500e+00  4.401554e+00 -3.500000e-02
     vertex  4.123744e+00  4.373744e+00  1.545000e+00
     vertex  4.087500e+00  4.401554e+00  1.545000e+00
   endloop
 endfacet
 facet normal -6.087614e-01 -7.933533e-01  0.000000e+00
   outer loop
     vertex  4.087500e+00  4.401554e+00 -3.500000e-02
     vertex  4.123744e+00  4.373744e+00 -3.500000e-02
     vertex  4.123744e+00  4.373744e+00  1.545000e+00
   endloop
 endfacet
 facet normal -3.826834e-01 -9.238795e-01  0.000000e+00
   outer loop
     vertex  4.045293e+00  4.419037e+00 -3.500000e-02
     vertex  4.087500e+00  4.401554e+00  1.545000e+00
     vertex  4.045293e+00  4.419037e+00  1.545000e+00
   endloop
 endfacet
 facet normal -3.826834e-01 -9.238795e-01  0.000000e+00
   outer loop
     vertex  4.045293e+00  4.419037e+00 -3.500000e-02
     vertex  4.087500e+00  4.401554e+00 -3.500000e-02
     vertex  4.087500e+00  4.401554e+00  1.545000e+00
   endloop
 endfacet
 facet normal -1.305262e-01 -9.914449e-01  0.000000e+00
   outer loop
     vertex  4.000000e+00  4.425000e+00 -3.500000e-02
     vertex  4.045293e+00  4.419037e+00  1.545000e+00
     vertex  4.000000e+00  4.425000e+00  1.545000e+00
   endloop
 endfacet
 facet normal -1.305262e-01 -9.914449e-01  0.000000e+00
   outer loop
     vertex  4.000000e+00  4.425000e+00 -3.500000e-02
     vertex  4.045293e+00  4.419037e+00 -3.500000e-02
     vertex  4.045293e+00  4.419037e+00  1.545000e+00
   endloop
 endfacet
 facet normal  3.826834e-01 -9.238795e-01  0.000000e+00
   outer loop
     vertex  3.954707e+00  4.419037e+00 -3.500000e-02
     vertex  3.954707e+00  4.419037e+00  1.545000e+00
     vertex  3.912500e+00  4.401554e+00  1.545000e+00
   endloop
 endfacet
 facet normal  1.305262e-01 -9.914449e-01  0.000000e+00
   outer loop
     vertex  3.954707e+00  4.419037e+00 -3.500000e-02
     vertex  4.000000e+00  4.425000e+00  1.545000e+00
     vertex  3.954707e+00  4.419037e+00  1.545000e+00
   endloop
 endfacet
 facet normal  1.305262e-01 -9.914449e-01  0.000000e+00
   outer loop
     vertex  3.954707e+00  4.419037e+00 -3.500000e-02
     vertex  4.000000e+00  4.425000e+00 -3.500000e-02
     vertex  4.000000e+00  4.425000e+00  1.545000e+00
   endloop
 endfacet
 facet normal  3.826834e-01 -9.238795e-01  0.000000e+00
   outer loop
     vertex  3.912500e+00  4.401554e+00 -3.500000e-02
     vertex  3.954707e+00  4.419037e+00 -3.500000e-02
     vertex  3.912500e+00  4.401554e+00  1.545000e+00
   endloop
 endfacet
 facet normal  6.087614e-01 -7.933533e-01  0.000000e+00
   outer loop
     vertex  3.876256e+00  4.373744e+00 -3.500000e-02
     vertex  3.912500e+00  4.401554e+00 -3.500000e-02
     vertex  3.912500e+00  4.401554e+00  1.545000e+00
   endloop
 endfacet
 facet normal  7.933533e-01 -6.087614e-01  0.000000e+00
   outer loop
     vertex  3.876256e+00  4.373744e+00 -3.500000e-02
     vertex  3.876256e+00  4.373744e+00  1.545000e+00
     vertex  3.848446e+00  4.337500e+00  1.545000e+00
   endloop
 endfacet
 facet normal  6.087614e-01 -7.933533e-01  0.000000e+00
   outer loop
     vertex  3.876256e+00  4.373744e+00 -3.500000e-02
     vertex  3.912500e+00  4.401554e+00  1.545000e+00
     vertex  3.876256e+00  4.373744e+00  1.545000e+00
   endloop
 endfacet
 facet normal  7.933533e-01 -6.087614e-01  0.000000e+00
   outer loop
     vertex  3.848446e+00  4.337500e+00 -3.500000e-02
     vertex  3.876256e+00  4.373744e+00 -3.500000e-02
     vertex  3.848446e+00  4.337500e+00  1.545000e+00
   endloop
 endfacet
 facet normal  9.238795e-01 -3.826834e-01  0.000000e+00
   outer loop
     vertex  3.830963e+00  4.295293e+00 -3.500000e-02
     vertex  3.848446e+00  4.337500e+00 -3.500000e-02
     vertex  3.848446e+00  4.337500e+00  1.545000e+00
   endloop
 endfacet
 facet normal  9.238795e-01 -3.826834e-01  0.000000e+00
   outer loop
     vertex  3.830963e+00  4.295293e+00 -3.500000e-02
     vertex  3.848446e+00  4.337500e+00  1.545000e+00
     vertex  3.830963e+00  4.295293e+00  1.545000e+00
   endloop
 endfacet
 facet normal  9.914449e-01 -1.305262e-01  0.000000e+00
   outer loop
     vertex  3.825000e+00  4.250000e+00 -3.500000e-02
     vertex  3.830963e+00  4.295293e+00 -3.500000e-02
     vertex  3.830963e+00  4.295293e+00  1.545000e+00
   endloop
 endfacet
 facet normal  9.914449e-01 -1.305262e-01  0.000000e+00
   outer loop
     vertex  3.825000e+00  4.250000e+00 -3.500000e-02
     vertex  3.830963e+00  4.295293e+00  1.545000e+00
     vertex  3.825000e+00  4.250000e+00  1.545000e+00
   endloop
 endfacet
 facet normal  9.238795e-01  3.826834e-01 -0.000000e+00
   outer loop
     vertex  3.830963e+00  4.204707e+00 -3.500000e-02
     vertex  3.830963e+00  4.204707e+00  1.545000e+00
     vertex  3.848446e+00  4.162500e+00  1.545000e+00
   endloop
 endfacet
 facet normal  9.914449e-01  1.305262e-01 -0.000000e+00
   outer loop
     vertex  3.830963e+00  4.204707e+00 -3.500000e-02
     vertex  3.825000e+00  4.250000e+00  1.545000e+00
     vertex  3.830963e+00  4.204707e+00  1.545000e+00
   endloop
 endfacet
 facet normal  9.914449e-01  1.305262e-01  0.000000e+00
   outer loop
     vertex  3.830963e+00  4.204707e+00 -3.500000e-02
     vertex  3.825000e+00  4.250000e+00 -3.500000e-02
     vertex  3.825000e+00  4.250000e+00  1.545000e+00
   endloop
 endfacet
 facet normal  9.238795e-01  3.826834e-01 -0.000000e+00
   outer loop
     vertex  3.848446e+00  4.162500e+00 -3.500000e-02
     vertex  3.830963e+00  4.204707e+00 -3.500000e-02
     vertex  3.848446e+00  4.162500e+00  1.545000e+00
   endloop
 endfacet
 facet normal  7.933533e-01  6.087614e-01 -0.000000e+00
   outer loop
     vertex  3.876256e+00  4.126256e+00 -3.500000e-02
     vertex  3.848446e+00  4.162500e+00  1.545000e+00
     vertex  3.876256e+00  4.126256e+00  1.545000e+00
   endloop
 endfacet
 facet normal  7.933533e-01  6.087614e-01  0.000000e+00
   outer loop
     vertex  3.876256e+00  4.126256e+00 -3.500000e-02
     vertex  3.848446e+00  4.162500e+00 -3.500000e-02
     vertex  3.848446e+00  4.162500e+00  1.545000e+00
   endloop
 endfacet
 facet normal  6.087614e-01  7.933533e-01 -0.000000e+00
   outer loop
     vertex  3.912500e+00  4.098446e+00 -3.500000e-02
     vertex  3.876256e+00  4.126256e+00  1.545000e+00
     vertex  3.912500e+00  4.098446e+00  1.545000e+00
   endloop
 endfacet
 facet normal  6.087614e-01  7.933533e-01  0.000000e+00
   outer loop
     vertex  3.912500e+00  4.098446e+00 -3.500000e-02
     vertex  3.876256e+00  4.126256e+00 -3.500000e-02
     vertex  3.876256e+00  4.126256e+00  1.545000e+00
   endloop
 endfacet
 facet normal  3.826834e-01  9.238795e-01 -0.000000e+00
   outer loop
     vertex  3.954707e+00  4.080963e+00 -3.500000e-02
     vertex  3.912500e+00  4.098446e+00  1.545000e+00
     vertex  3.954707e+00  4.080963e+00  1.545000e+00
   endloop
 endfacet
 facet normal  3.826834e-01  9.238795e-01  0.000000e+00
   outer loop
     vertex  3.954707e+00  4.080963e+00 -3.500000e-02
     vertex  3.912500e+00  4.098446e+00 -3.500000e-02
     vertex  3.912500e+00  4.098446e+00  1.545000e+00
   endloop
 endfacet
 facet normal  1.305262e-01  9.914449e-01 -0.000000e+00
   outer loop
     vertex  4.000000e+00  4.075000e+00 -3.500000e-02
     vertex  3.954707e+00  4.080963e+00  1.545000e+00
     vertex  4.000000e+00  4.075000e+00  1.545000e+00
   endloop
 endfacet
 facet normal  1.305262e-01  9.914449e-01  0.000000e+00
   outer loop
     vertex  4.000000e+00  4.075000e+00 -3.500000e-02
     vertex  3.954707e+00  4.080963e+00 -3.500000e-02
     vertex  3.954707e+00  4.080963e+00  1.545000e+00
   endloop
 endfacet
endsolid
